Date,SPY,QQQ,EFA,EEM,TLT,LQD,GLD,VNQ,DBC
2008-01-02,102.97398376464844,43.26409149169922,44.83798599243164,33.40806579589844,53.168270111083984,51.1997184753418,84.86000061035156,28.2557315826416,26.99188232421875
2008-01-03,102.92423248291016,43.44432830810547,44.912513732910156,33.708641052246094,53.09503173828125,51.03074264526367,85.56999969482422,27.374910354614258,27.199960708618164
2008-01-04,100.40196990966797,41.53904342651367,43.89217758178711,32.696144104003906,53.106300354003906,51.4506950378418,85.12999725341797,26.26348876953125,27.041824340820312
2008-01-07,100.31666564941406,41.34163284301758,43.93801498413086,32.93571090698242,53.33723831176758,51.38792419433594,84.7699966430664,26.507923126220703,26.550756454467773
2008-01-08,98.69673156738281,40.26883316040039,43.6915283203125,32.68033218383789,53.275291442871094,51.29141616821289,86.77999877929688,25.590198516845703,26.792125701904297
2008-01-09,99.73408508300781,41.127079010009766,44.00680160522461,33.75159454345703,53.37671661376953,51.18523025512695,86.55000305175781,26.042142868041992,26.525787353515625
2008-01-10,100.38770294189453,41.187164306640625,43.96095275878906,34.14936828613281,52.655616760253906,51.03562927246094,88.25,26.44335174560547,26.40093994140625
2008-01-11,99.57772827148438,40.38038635253906,43.08391571044922,33.188838958740234,53.06684494018555,51.40725326538086,88.58000183105469,26.447967529296875,26.642309188842773
2008-01-14,100.38060760498047,41.08415985107422,43.771785736083984,33.67700958251953,53.264034271240234,51.19484329223633,89.54000091552734,26.3372859954834,26.975236892700195
2008-01-15,98.17093658447266,39.95127868652344,42.350181579589844,32.153743743896484,53.8612060546875,51.46998596191406,87.98999786376953,25.802331924438477,26.642309188842773
2008-01-16,97.3254165649414,39.52216339111328,41.496063232421875,30.8157901763916,53.472450256347656,51.39277648925781,86.69999694824219,26.097469329833984,26.392616271972656
2008-01-17,94.80311584472656,38.972877502441406,40.87124252319336,29.91854476928711,54.165340423583984,51.63410186767578,86.5,25.74237823486328,26.051366806030273
2008-01-18,93.82970428466797,38.9213752746582,41.10626983642578,30.601085662841797,53.793556213378906,51.5472412109375,87.41999816894531,25.401105880737305,26.1512451171875
2008-01-22,92.87765502929688,37.9172477722168,39.959808349609375,29.83265495300293,54.368194580078125,51.65822219848633,88.16999816894531,26.009845733642578,26.059688568115234
2008-01-23,95.10865020751953,37.77130889892578,39.724788665771484,30.022502899169922,54.24420928955078,51.72578430175781,87.88999938964844,28.477108001708984,25.568626403808594
2008-01-24,95.9115219116211,38.54375457763672,41.11774444580078,30.60560417175293,53.15697479248047,51.28657913208008,90.08000183105469,27.80841064453125,26.201183319091797
2008-01-25,94.52600860595703,37.75416946411133,40.521575927734375,30.140031814575195,54.052764892578125,51.841651916503906,90.30000305175781,27.647003173828125,26.783803939819336
2008-01-28,96.0891342163086,38.045982360839844,40.97442626953125,30.885847091674805,53.849918365478516,51.8271484375,91.75,28.583168029785156,26.908653259277344
2008-01-29,96.56517028808594,38.11465072631836,41.220909118652344,30.734426498413086,53.48372268676758,51.74028778076172,91.1500015258789,28.32491683959961,27.13337516784668
2008-01-30,95.85467529296875,38.080291748046875,41.031742095947266,30.32986831665039,53.13443374633789,51.73063278198242,92.05999755859375,27.568607330322266,26.900325775146484
2008-01-31,97.60250854492188,38.732574462890625,41.46739196777344,30.937820434570312,53.511863708496094,51.8995475769043,91.4000015258789,28.12200927734375,27.033496856689453
2008-02-01,99.17276000976562,39.12736511230469,42.1610107421875,31.554819107055664,53.83353042602539,52.11971664428711,89.3499984741211,29.297969818115234,26.5590763092041
2008-02-04,97.9222640991211,38.57807922363281,41.731082916259766,31.65199851989746,53.279541015625,51.97909164428711,89.0999984741211,28.993616104125977,27.025175094604492
2008-02-05,95.30050659179688,37.47951889038086,39.816497802734375,29.94792938232422,53.68659210205078,52.15846252441406,87.68000030517578,27.969823837280273,26.800451278686523
2008-02-06,94.53312683105469,36.74144744873047,39.782108306884766,29.457494735717773,53.52260208129883,51.87723922729492,88.94999694824219,27.513263702392578,26.675601959228516
2008-02-07,95.15839385986328,36.99891662597656,39.58148193359375,29.956972122192383,52.36943817138672,51.280826568603516,89.8499984741211,28.16349983215332,27.000202178955078
2008-02-08,94.54732513427734,37.41943359375,39.174476623535156,29.900461196899414,52.968650817871094,51.47479248046875,91.0,27.26423454284668,27.807546615600586
2008-02-11,95.03048706054688,37.82282257080078,39.38085174560547,30.271120071411133,53.18909454345703,51.629974365234375,91.33000183105469,26.710819244384766,27.99065399169922
2008-02-12,95.9115219116211,37.60825729370117,40.229225158691406,30.759279251098633,52.872535705566406,51.55723190307617,89.33000183105469,27.47176170349121,27.424684524536133
2008-02-13,96.8919906616211,38.43218994140625,40.504371643066406,31.45086669921875,52.31291198730469,51.03839111328125,89.44000244140625,27.688507080078125,27.649410247802734
2008-02-14,96.0394287109375,37.73699951171875,40.32093048095703,31.046306610107422,51.54409408569336,50.92688751220703,89.70999908447266,27.171993255615234,28.207054138183594
2008-02-15,96.01811218261719,37.60825729370117,40.46998596191406,31.267799377441406,51.93979263305664,51.09172439575195,89.1500015258789,27.393367767333984,28.073884963989258
2008-02-19,96.2881088256836,37.53960037231445,40.86550521850586,31.67686653137207,51.4140510559082,50.587467193603516,91.58000183105469,27.324186325073242,28.989431381225586
2008-02-20,96.57230377197266,37.71125793457031,40.653404235839844,31.941295623779297,51.77014923095703,50.69900894165039,93.23999786376953,27.494800567626953,29.139245986938477
2008-02-21,95.76942443847656,37.350791931152344,40.57890319824219,31.49379539489746,52.31855010986328,51.048099517822266,93.25,26.747726440429688,28.981107711791992
2008-02-22,96.35912322998047,37.48811721801758,41.094810485839844,31.916427612304688,52.018924713134766,50.84931564331055,93.38999938964844,27.504043579101562,29.380615234375
2008-02-25,97.57413482666016,37.67692184448242,41.748291015625,32.51082992553711,51.48756408691406,50.52442169189453,92.73999786376953,28.343368530273438,29.663602828979492
2008-02-26,98.30591583251953,37.82282257080078,42.367374420166016,32.940223693847656,51.50452423095703,50.88811111450195,93.70999908447266,28.338748931884766,30.29615592956543
2008-02-27,98.20646667480469,38.011634826660156,42.50494384765625,33.21821212768555,51.54972839355469,50.839595794677734,94.77999877929688,28.20500373840332,30.254541397094727
2008-02-28,97.24727630615234,37.86573028564453,42.09794616699219,32.86113357543945,52.46549606323242,51.208160400390625,95.98999786376953,27.62392807006836,30.545848846435547
2008-02-29,95.08021545410156,36.86159133911133,41.04322052001953,31.554819107055664,53.26824951171875,51.53300094604492,96.18000030517578,27.22733497619629,30.046470642089844
2008-03-03,94.85285186767578,36.62126922607422,41.16359329223633,31.72658348083496,53.13096237182617,51.53200149536133,97.23999786376953,27.416419982910156,30.487590789794922
2008-03-04,94.49049377441406,36.827266693115234,40.53877639770508,30.989805221557617,52.614601135253906,51.23013687133789,95.18000030517578,27.158157348632812,30.379390716552734
2008-03-05,95.08732604980469,37.00748825073242,41.02602005004883,31.640695571899414,51.98479461669922,50.86981964111328,97.72000122070312,27.531705856323242,31.04524040222168
2008-03-06,93.11922454833984,36.1921501159668,40.44132614135742,30.555877685546875,52.262794494628906,50.801631927490234,96.5,26.277332305908203,31.278291702270508
2008-03-07,92.1600341796875,36.10634231567383,39.96552276611328,30.13325309753418,52.330902099609375,50.69451904296875,96.08999633789062,26.706214904785156,30.96200942993164
2008-03-10,90.945068359375,35.41115188598633,39.764923095703125,29.604406356811523,53.10259246826172,50.68476104736328,95.87000274658203,26.32805824279785,31.54463005065918
2008-03-11,94.21339416503906,36.75862121582031,41.02029037475586,31.59549903869629,52.648658752441406,50.10530471801758,95.98999786376953,28.038982391357422,32.03569412231445
2008-03-12,93.33238983154297,36.655601501464844,41.02029037475586,31.010154724121094,53.66429138183594,50.709075927734375,97.01000213623047,27.44869613647461,32.38526916503906
2008-03-13,93.53843688964844,36.9388427734375,41.08906173706055,30.72764778137207,53.24443435668945,50.15888595581055,98.33999633789062,27.771516799926758,32.41855239868164
2008-03-14,92.08895111083984,36.260807037353516,40.09738540649414,29.638303756713867,53.902587890625,50.1296501159668,98.70999908447266,27.20890235900879,32.37693786621094
2008-03-17,91.1582260131836,35.599971771240234,39.48976135253906,28.906042098999023,54.316776275634766,50.538692474365234,99.16999816894531,27.374910354614258,31.078535079956055
2008-03-18,94.94520568847656,37.187721252441406,40.69927978515625,30.40897560119629,54.10684585571289,50.44615936279297,96.5,28.578556060791016,31.769351959228516
2008-03-19,92.59346008300781,36.2694091796875,39.22608184814453,28.582857131958008,55.00336837768555,50.665260314941406,93.04000091552734,28.36181640625,30.396038055419922
2008-03-20,94.30852508544922,37.01064682006836,39.816497802734375,29.06424903869629,55.139503479003906,50.93308639526367,89.91000366210938,29.30720329284668,29.17253875732422
2008-03-24,96.19357299804688,38.29043960571289,40.54451370239258,30.178455352783203,54.07283020019531,50.835689544677734,90.0999984741211,29.966684341430664,29.705217361450195
2008-03-25,96.28641510009766,38.50518035888672,41.13493347167969,30.641769409179688,54.299747467041016,51.0645637512207,92.7300033569336,30.04334831237793,30.004850387573242
2008-03-26,95.10823059082031,38.39350891113281,41.13493347167969,30.393157958984375,54.07283020019531,51.12788772583008,93.80000305175781,29.467111587524414,30.90375328063965
2008-03-27,94.80838012695312,37.543190002441406,41.10053634643555,30.24625587463379,53.69264602661133,50.81620788574219,93.45999908447266,29.225461959838867,31.2449951171875
2008-03-28,93.90151977539062,37.35421371459961,41.06614685058594,30.19200897216797,54.21465301513672,51.08891296386719,91.87999725341797,28.881580352783203,30.50423812866211
2008-03-31,94.22998046875,37.55177307128906,41.21519088745117,30.370546340942383,54.4076042175293,51.22523880004883,90.41000366210938,28.993106842041016,29.771804809570312
2008-04-01,97.5430679321289,39.157936096191406,42.51639938354492,31.536745071411133,53.52212142944336,51.14349365234375,86.86000061035156,30.642826080322266,29.6053409576416
2008-04-02,97.60735321044922,39.07204055786133,42.60813522338867,31.559335708618164,53.636051177978516,51.23160934448242,89.2699966430664,30.494110107421875,30.487590789794922
2008-04-03,97.85010528564453,39.157936096191406,42.73423385620117,31.943546295166016,53.755680084228516,51.256065368652344,89.41999816894531,31.191186904907227,30.654054641723633
2008-04-04,97.74297332763672,39.38984680175781,42.8775520324707,31.814729690551758,54.2457160949707,51.87749481201172,90.25,30.698591232299805,30.870452880859375
2008-04-07,97.79298400878906,39.303958892822266,43.14122772216797,32.23735046386719,53.96082305908203,51.936214447021484,91.16999816894531,30.415122985839844,31.203380584716797
2008-04-08,97.69300842285156,39.00334167480469,42.688377380371094,32.06106948852539,53.77284240722656,51.75027847290039,90.3499984741211,30.373289108276367,31.32822608947754
2008-04-09,96.98609924316406,38.56529235839844,42.338714599609375,31.561601638793945,54.33125305175781,51.598594665527344,92.29000091552734,29.61117935180664,31.852582931518555
2008-04-10,97.12178802490234,39.11499786376953,42.20686340332031,32.01360321044922,54.148887634277344,51.64747619628906,91.7699966430664,29.89927864074707,31.71108627319336
2008-04-11,95.23678588867188,38.032745361328125,41.639373779296875,31.49153709411621,54.513545989990234,51.69650650024414,91.30000305175781,29.532169342041016,31.586244583129883
2008-04-14,94.91544342041016,37.8609733581543,41.731082916259766,31.41695785522461,54.19447326660156,51.378379821777344,91.11000061035156,29.360227584838867,31.80264663696289
2008-04-15,95.13683319091797,37.91250228881836,42.02342224121094,31.785348892211914,53.52212142944336,51.270755767822266,91.66000366210938,29.65765380859375,32.18550491333008
2008-04-16,97.71443939208984,38.96896743774414,43.34759521484375,32.725521087646484,52.9979133605957,50.977169036865234,93.2699966430664,30.861234664916992,32.49346160888672
2008-04-17,97.85726165771484,38.8830680847168,42.8660774230957,32.48822784423828,52.90673065185547,51.10927200317383,92.55999755859375,30.97277069091797,32.34364700317383
2008-04-18,98.87830352783203,40.11992263793945,43.16987991333008,32.97865295410156,52.86110305786133,51.33437728881836,90.62000274658203,30.79616928100586,32.36029052734375
2008-04-21,98.92831420898438,40.40336608886719,43.50810241699219,33.14590072631836,53.07193374633789,51.168006896972656,90.25,30.56846809387207,32.401912689208984
2008-04-22,98.49274444580078,39.8021240234375,43.055240631103516,32.838531494140625,53.2542724609375,51.055450439453125,90.2699966430664,30.494110107421875,32.60166549682617
2008-04-23,98.33563232421875,40.24017333984375,43.27879333496094,33.31087875366211,53.077659606933594,51.2120475769043,89.22000122070312,30.87516975402832,32.29370880126953
2008-04-24,98.76407623291016,40.60091018676758,42.997928619384766,32.883724212646484,52.62749099731445,51.14349365234375,87.22000122070312,31.488601684570312,31.75270652770996
2008-04-25,99.67802429199219,40.49783706665039,43.353328704833984,33.12555694580078,52.31981658935547,51.168006896972656,87.2699966430664,31.66517448425293,32.33531951904297
2008-04-28,99.69943237304688,40.57516098022461,43.605533599853516,33.06226348876953,52.47935104370117,51.412635803222656,87.69000244140625,31.623350143432617,32.41022872924805
2008-04-29,99.30673217773438,40.884361267089844,43.22148513793945,32.47692108154297,52.67875671386719,51.57412338256836,85.80999755859375,31.279476165771484,31.627857208251953
2008-04-30,98.72114562988281,40.54936218261719,43.45650863647461,33.14590072631836,53.054874420166016,51.86280822753906,86.6500015258789,30.842647552490234,31.569599151611328
2008-05-01,100.7633285522461,41.829158782958984,43.72018814086914,33.498470306396484,53.058231353759766,52.16902542114258,83.98999786376953,31.507173538208008,30.837160110473633
2008-05-02,101.0417709350586,41.889286041259766,43.84056854248047,33.81938934326172,52.38920211791992,51.86431121826172,84.58000183105469,31.479291915893555,31.619539260864258
2008-05-05,100.55628204345703,41.76902770996094,43.91508102416992,33.79452896118164,52.38920211791992,51.93804931640625,86.2699966430664,31.391008377075195,32.27705764770508
2008-05-06,101.42737579345703,42.02671432495117,44.24182891845703,34.171958923339844,52.01176834106445,51.60383224487305,86.62999725341797,31.60941505432129,32.7015380859375
2008-05-07,99.62090301513672,41.262290954589844,43.46797561645508,33.15493392944336,52.23478317260742,51.74142074584961,85.81999969482422,30.749698638916016,32.75979995727539
2008-05-08,99.36384582519531,41.571495056152344,43.84630584716797,33.49620056152344,52.70371627807617,51.97239685058594,87.23999786376953,30.56382179260254,33.292484283447266
2008-05-09,99.17817687988281,41.408287048339844,43.49663543701172,33.22272491455078,52.8982048034668,51.97239685058594,87.41999816894531,30.396528244018555,33.80851745605469
2008-05-12,100.2920913696289,42.16412353515625,43.93226623535156,33.64989471435547,52.81808853149414,51.92329788208008,86.98999786376953,31.126127243041992,33.234222412109375
2008-05-13,100.30635070800781,42.275794982910156,43.78323745727539,33.81035614013672,52.24049758911133,51.62843322753906,85.38999938964844,31.251577377319336,33.41733169555664
2008-05-14,100.51339721679688,42.18131637573242,43.78323745727539,33.8917121887207,52.26335906982422,51.65787887573242,85.19999694824219,31.44677734375,32.87632369995117
2008-05-15,101.7701187133789,42.91999435424805,44.528438568115234,34.612667083740234,52.73804473876953,52.00192642211914,87.0,31.827823638916016,33.25086975097656
2008-05-16,101.86290740966797,42.954349517822266,45.00995635986328,35.05337905883789,52.52073287963867,51.93313217163086,89.0999984741211,31.66054344177246,33.733612060546875
2008-05-19,102.14139556884766,42.6451301574707,44.82653045654297,35.06015396118164,52.58937454223633,51.94293975830078,89.38999938964844,31.711654663085938,33.78355026245117
2008-05-20,101.3130874633789,42.31875991821289,44.41379928588867,34.45220184326172,52.86384201049805,51.96259689331055,90.9000015258789,31.28411865234375,34.2496452331543
2008-05-21,99.59949493408203,41.38253402709961,43.90935516357422,34.10190200805664,52.87531280517578,51.73651123046875,91.95999908447266,30.531286239624023,35.2484130859375
2008-05-22,99.6137466430664,41.52854537963867,44.419532775878906,34.20133590698242,52.25193405151367,51.16642761230469,90.9800033569336,30.27104949951172,34.74070739746094
2008-05-23,98.27854919433594,41.399696350097656,43.91508102416992,33.60468292236328,52.48067855834961,51.402339935302734,91.2300033569336,30.12700843811035,34.807289123535156
2008-05-27,99.00682067871094,42.129783630371094,43.8291130065918,33.55043411254883,52.12612533569336,51.09273147583008,89.36000061035156,30.54059410095215,34.2496452331543
2008-05-28,99.46378326416016,42.30158233642578,43.8233642578125,34.00245666503906,51.662933349609375,50.7634391784668,89.13999938964844,30.591711044311523,34.466041564941406
2008-05-29,99.96363067626953,42.679481506347656,43.725929260253906,34.0770378112793,51.291194915771484,50.51771926879883,86.51000213623047,30.92164421081543,33.52552795410156
2008-05-30,100.21354675292969,42.954349517822266,43.972412109375,34.19456481933594,51.628639221191406,50.719181060791016,87.44999694824219,30.777587890625,33.75025939941406
2008-06-02,99.17817687988281,42.43037796020508,43.51383590698242,33.78775405883789,51.8277473449707,50.89350891113281,87.95999908447266,30.26175880432129,34.19970703125
2008-06-03,98.5998306274414,42.198509216308594,43.422115325927734,33.17753219604492,52.20085906982422,51.0909538269043,86.87999725341797,30.461591720581055,33.392356872558594
2008-06-04,98.54979705810547,42.7396125793457,43.16987991333008,32.888240814208984,51.73594284057617,50.933006286621094,86.6500015258789,30.619571685791016,32.892974853515625
2008-06-05,100.52055358886719,43.41814422607422,43.88642883300781,33.934654235839844,51.42599868774414,50.66143798828125,86.44999694824219,31.32129669189453,34.14144515991211
2008-06-06,97.3145751953125,42.112606048583984,42.62532424926758,32.70518493652344,52.0917854309082,50.913211822509766,89.05999755859375,30.01082420349121,35.0153694152832
2008-06-09,97.55021667480469,41.889286041259766,42.56800079345703,32.62157440185547,52.0917854309082,50.868804931640625,87.98999786376953,29.41600227355957,35.373268127441406
2008-06-10,97.06466674804688,41.69174575805664,41.845741271972656,31.868972778320312,51.753173828125,50.57748031616211,85.55000305175781,29.429935455322266,35.231773376464844
2008-06-11,95.6365966796875,40.68680953979492,41.312625885009766,31.3920955657959,51.63258361816406,50.557769775390625,87.0199966430664,28.98381233215332,36.530174255371094
2008-06-12,96.00077819824219,40.72975158691406,41.16933059692383,31.575159072875977,51.11610412597656,50.12819290161133,85.5999984741211,29.281230926513672,36.52185821533203
2008-06-13,97.21461486816406,41.54571533203125,41.54765701293945,31.916427612304688,51.007015228271484,49.86656188964844,85.83000183105469,29.769168853759766,36.28881072998047
2008-06-16,97.27173614501953,41.91506576538086,41.7597541809082,32.02490997314453,51.01850509643555,50.04426193237305,87.01000213623047,30.164167404174805,36.25551986694336
2008-06-17,96.80050659179688,41.69174575805664,41.885860443115234,32.1605224609375,51.1218147277832,50.207183837890625,87.25,29.309101104736328,36.621734619140625
2008-06-18,95.85799407958984,41.2451057434082,41.54191970825195,32.00457763671875,51.55228805541992,50.45901107788086,88.27999877929688,28.87692642211914,37.12112045288086
2008-06-19,95.97938537597656,41.889286041259766,41.46167755126953,32.054290771484375,51.248069763183594,50.19731140136719,88.41999816894531,29.546113967895508,36.25551986694336
2008-06-20,94.42146301269531,40.75815200805664,40.55597686767578,31.00789451599121,51.546504974365234,50.22693634033203,88.94999694824219,28.881580352783203,36.505210876464844
2008-06-23,94.32816314697266,40.44013595581055,40.55025100708008,31.098283767700195,51.65558624267578,50.207183837890625,87.08999633789062,28.165937423706055,36.763221740722656
2008-06-24,94.14159393310547,40.233863830566406,40.366790771484375,30.960432052612305,51.99995803833008,50.177574157714844,87.47000122070312,28.183828353881836,36.771549224853516
2008-06-25,94.58650207519531,40.8870964050293,40.797855377197266,31.580381393432617,52.022911071777344,50.217071533203125,87.41999816894531,28.64531707763672,36.63004684448242
2008-06-26,92.01746368408203,39.23684310913086,39.76404571533203,30.496837615966797,52.37302780151367,50.2565803527832,90.61000061035156,27.68937873840332,37.845237731933594
2008-06-27,91.51516723632812,39.23684310913086,39.86917495727539,30.791728973388672,52.98713302612305,50.207183837890625,91.47000122070312,27.472747802734375,37.94511413574219
2008-06-30,91.83808898925781,38.824256896972656,40.108638763427734,31.024890899658203,52.998626708984375,50.064022064208984,91.4000015258789,27.510417938232422,37.27093505859375
2008-07-01,92.12513732910156,39.374359130859375,39.676422119140625,30.471691131591797,52.87307357788086,50.04117202758789,92.66000366210938,27.48688507080078,37.928462982177734
2008-07-02,90.54644775390625,38.42888641357422,39.045623779296875,29.60302734375,53.1495361328125,50.00650405883789,93.16999816894531,27.1478271484375,38.65257263183594
2008-07-03,90.63972473144531,38.36014175415039,39.296775817871094,29.518444061279297,53.034332275390625,49.94200897216797,92.05999755859375,26.870004653930664,38.635929107666016
2008-07-07,89.71401977539062,38.592193603515625,38.9580078125,29.41329002380371,53.2762451171875,50.175079345703125,91.2300033569336,26.26723289489746,38.111568450927734
2008-07-08,91.30707550048828,39.511871337890625,39.16243362426758,29.774477005004883,53.62186813354492,50.447792053222656,90.86000061035156,28.226200103759766,36.72992706298828
2008-07-09,89.54898834228516,38.46327209472656,38.654296875,29.173274993896484,53.858036041259766,50.48250961303711,91.5,26.300193786621094,36.70496368408203
2008-07-10,89.91496276855469,38.91879653930664,38.987220764160156,29.701324462890625,53.85231018066406,50.19491958618164,93.52999877929688,26.80877685546875,37.7037353515625
2008-07-11,88.86724853515625,38.299949645996094,38.37392807006836,29.502460479736328,53.086185455322266,49.808162689208984,95.16000366210938,26.676921844482422,38.22809600830078
2008-07-14,88.06355285644531,38.016319274902344,38.292152404785156,29.46587371826172,53.55278396606445,49.83293533325195,95.91000366210938,25.749231338500977,38.2447395324707
2008-07-15,86.82206726074219,38.02490997314453,37.67887496948242,28.974397659301758,53.53549575805664,49.823028564453125,96.16999816894531,25.49966049194336,37.02956771850586
2008-07-16,88.9533462524414,38.970367431640625,38.37392807006836,29.811063766479492,52.567771911621094,49.43130111694336,94.44000244140625,27.35973358154297,36.463592529296875
2008-07-17,89.84318542480469,39.22822570800781,38.9580078125,29.950489044189453,52.297027587890625,49.26273727416992,94.22000122070312,27.68937873840332,35.6063117980957
2008-07-18,90.40294647216797,38.32572937011719,39.20915985107422,29.692180633544922,52.10118103027344,49.17345428466797,94.16999816894531,27.73645782470703,34.998722076416016
2008-07-21,90.45314025878906,38.489044189453125,39.43695068359375,30.06022071838379,52.302757263183594,49.228023529052734,95.12000274658203,27.943662643432617,35.42320251464844
2008-07-22,91.47929382324219,38.489044189453125,39.5712890625,30.078506469726562,52.04356384277344,49.54537582397461,93.05999755859375,28.692411422729492,34.64915466308594
2008-07-23,91.97445678710938,38.996150970458984,39.717308044433594,30.1219425201416,51.93990707397461,49.3718376159668,90.56999969482422,29.502370834350586,33.86677932739258
2008-07-24,90.06562042236328,38.41170883178711,38.9930534362793,29.008686065673828,52.446807861328125,49.808162689208984,91.33000183105469,27.5480899810791,33.89175033569336
2008-07-25,90.0440902709961,38.91020202636719,39.0748291015625,29.207565307617188,51.9226188659668,49.54537582397461,91.69000244140625,28.00017547607422,33.46726989746094
2008-07-28,88.72371673583984,38.17961883544922,38.42064666748047,28.713794708251953,52.446807861328125,49.83293533325195,91.7300033569336,27.54338836669922,33.63373565673828
2008-07-29,90.6181869506836,38.970367431640625,38.80031204223633,30.30481719970703,52.233680725097656,49.708988189697266,90.58999633789062,28.82425880432129,33.25086975097656
2008-07-30,92.23278045654297,39.168067932128906,39.16243362426758,29.989356994628906,52.28553009033203,49.946990966796875,89.5199966430664,28.725372314453125,33.90840148925781
2008-07-31,91.01286315917969,39.07352828979492,38.77694320678711,29.317291259765625,52.80390548706055,50.25939178466797,90.08000183105469,28.367477416992188,33.62540817260742
2008-08-01,90.53206634521484,38.57500457763672,38.19870376586914,29.118417739868164,52.920738220214844,50.078060150146484,89.56999969482422,28.391023635864258,33.25086975097656
2008-08-04,89.69246673583984,38.188228607177734,37.83657455444336,28.226892471313477,52.79928970336914,50.083038330078125,88.13999938964844,27.976619720458984,32.152217864990234
2008-08-05,92.11079406738281,39.47749328613281,38.79446792602539,28.59035301208496,52.40615463256836,49.86384963989258,86.08000183105469,29.23395347595215,31.927492141723633
2008-08-06,92.51982879638672,40.079158782958984,38.80615234375,29.159549713134766,52.19228744506836,49.938594818115234,86.63999938964844,29.092683792114258,31.586244583129883
2008-08-07,91.14202117919922,39.76973342895508,38.02932357788086,28.1583194732666,53.04213333129883,50.35200881958008,86.08999633789062,28.32509422302246,31.761030197143555
2008-08-08,92.83551788330078,40.672210693359375,38.18701934814453,28.226892471313477,53.186649322509766,50.40186309814453,84.43000030517578,29.149187088012695,30.870452880859375
2008-08-11,93.7971420288086,41.04182052612305,38.1519775390625,27.932004928588867,52.67790222167969,50.172706604003906,81.12999725341797,30.091001510620117,30.837160110473633
2008-08-12,92.82122802734375,41.084774017333984,37.877464294433594,27.698850631713867,53.1693115234375,50.476558685302734,80.5199966430664,29.417600631713867,30.570823669433594
2008-08-13,92.26148986816406,40.99883270263672,37.28170394897461,27.69197654724121,52.984256744384766,50.21249771118164,81.55999755859375,28.98908233642578,31.594558715820312
2008-08-14,92.95755767822266,41.471553802490234,37.13568878173828,28.055452346801758,53.325401306152344,50.35700225830078,79.3499984741211,29.455286026000977,31.319904327392578
2008-08-15,93.40963745117188,41.394203186035156,36.89036560058594,27.616540908813477,53.78789138793945,50.47157287597656,77.62999725341797,29.41289710998535,30.895421981811523
2008-08-18,92.13231658935547,40.912872314453125,36.70346450805664,27.150203704833984,54.00179672241211,50.49150085449219,78.80000305175781,29.007911682128906,31.070209503173828
2008-08-19,91.12767028808594,40.40576934814453,36.28877258300781,26.923898696899414,53.793643951416016,50.41179275512695,80.43000030517578,28.292131423950195,31.55295181274414
2008-08-20,91.55107116699219,40.47451400756836,36.504886627197266,27.60968780517578,53.94397735595703,50.41679763793945,80.05999755859375,28.334516525268555,31.80264663696289
2008-08-21,91.70892333984375,40.285423278808594,36.65089797973633,27.56853485107422,53.84566879272461,50.1179084777832,82.30000305175781,27.83064079284668,33.16763687133789
2008-08-22,93.03651428222656,40.81834030151367,36.82027053833008,27.54796600341797,53.810970306396484,50.1378059387207,81.08000183105469,28.77717399597168,32.04401397705078
2008-08-25,91.1491928100586,39.958805084228516,36.24205017089844,26.978763580322266,54.348670959472656,50.46162414550781,80.93000030517578,27.905994415283203,31.860904693603516
2008-08-26,91.41471862792969,39.907230377197266,36.42310333251953,27.026771545410156,54.39493942260742,50.52135467529297,81.2300033569336,28.235633850097656,31.877548217773438
2008-08-27,92.30453491210938,40.16511535644531,36.76770782470703,27.602825164794922,54.487369537353516,50.441680908203125,81.36000061035156,28.518173217773438,32.17718505859375
2008-08-28,93.42400360107422,40.49169921875,37.240814208984375,27.79483985900879,54.49317169189453,50.4317512512207,82.18000030517578,29.243358612060547,31.54463005065918
2008-08-29,92.4193344116211,39.64079284667969,37.12984085083008,27.46567153930664,54.250362396240234,50.33213424682617,81.70999908447266,29.040882110595703,31.4281063079834
2008-09-02,91.84526062011719,39.15087890625,36.55744552612305,26.63587188720703,54.75515365600586,50.530792236328125,79.19999694824219,29.2292423248291,30.612438201904297
2008-09-03,91.76632690429688,38.78127670288086,36.40559005737305,26.19696617126465,54.98725128173828,50.630863189697266,78.88999938964844,29.69074058532715,30.43765640258789
2008-09-04,89.00358581542969,37.52638626098633,34.846092224121094,24.989986419677734,55.4282341003418,50.64586639404297,78.38999938964844,28.857213973999023,30.004850387573242
2008-09-05,89.283447265625,37.34588623046875,34.71760177612305,25.346593856811523,55.39918899536133,50.595787048339844,78.9800033569336,28.861923217773438,29.705217361450195
2008-09-08,91.12767028808594,37.27713394165039,35.49442672729492,25.66204833984375,55.631263732910156,50.68087387084961,78.86000061035156,30.109848022460938,29.638633728027344
2008-09-09,88.42234802246094,36.48637771606445,34.343788146972656,24.22191619873047,56.18252944946289,50.85603332519531,76.48999786376953,28.984359741210938,28.55662727355957
2008-09-10,88.78112030029297,36.78720474243164,34.676719665527344,24.612808227539062,55.834354400634766,50.836029052734375,74.22000122070312,29.036155700683594,28.598241806030273
2008-09-11,90.06562042236328,37.47481155395508,34.60077667236328,24.249345779418945,55.80537414550781,50.440643310546875,73.08000183105469,29.47881507873535,28.35687255859375
2008-09-12,90.4818344116211,37.32870864868164,35.2783203125,25.05856704711914,55.08591842651367,50.05537033081055,75.55000305175781,29.38463592529297,28.548301696777344
2008-09-15,86.17626190185547,36.16838455200195,33.777244567871094,23.090360641479492,56.87294387817383,49.68511962890625,77.55999755859375,27.68937873840332,27.424684524536133
2008-09-16,87.6186294555664,36.45199966430664,33.52607727050781,23.28923225402832,56.86133575439453,46.53254318237305,76.79000091552734,29.055002212524414,26.867034912109375
2008-09-17,83.67900085449219,34.56106948852539,32.246944427490234,21.63650131225586,57.14566421508789,44.40083694458008,85.45999908447266,27.383285522460938,27.674379348754883
2008-09-18,86.16191101074219,35.73000717163086,33.712989807128906,23.460691452026367,56.31013107299805,45.006282806396484,82.80000305175781,29.709566116333008,27.72431755065918
2008-09-19,89.58375549316406,36.89801025390625,36.101863861083984,26.38212776184082,54.52307891845703,46.412471771240234,85.9800033569336,30.594890594482422,28.639860153198242
2008-09-22,87.55560302734375,35.16062545776367,34.86945724487305,24.660808563232422,54.517311096191406,46.68769073486328,89.18000030517578,28.02372169494629,29.630311965942383
2008-09-23,85.56359100341797,34.89399337768555,34.37883377075195,23.892732620239258,54.308372497558594,46.20726013183594,88.31999969482422,28.212078094482422,29.339000701904297
2008-09-24,85.83784484863281,35.13481903076172,34.47813034057617,24.167051315307617,54.54629898071289,46.08720397949219,86.70999908447266,28.017446517944336,29.097631454467773
2008-09-25,87.18028259277344,35.69388961791992,35.2724723815918,25.4083194732666,54.436031341552734,46.28733444213867,86.44999694824219,28.365694046020508,29.6053409576416
2008-09-26,87.22359466552734,35.3326416015625,34.89866638183594,24.544225692749023,54.83063507080078,45.03635787963867,86.63999938964844,29.243473052978516,29.255773544311523
2008-09-29,80.38858032226562,32.52875900268555,31.002872467041016,21.677650451660156,56.42623519897461,40.93303298950195,89.56999969482422,27.058551788330078,27.44133186340332
2008-09-30,83.71587371826172,33.46623229980469,32.883583068847656,23.43325424194336,55.05107879638672,44.93124771118164,85.06999969482422,29.004941940307617,28.207054138183594
2008-10-01,83.76641082763672,33.11360168457031,32.63827896118164,23.714427947998047,55.74362564086914,45.34592819213867,85.97000122070312,28.303667068481445,27.549530029296875
2008-10-02,80.72781372070312,31.60843849182129,31.213123321533203,21.63650131225586,56.19178009033203,44.687469482421875,82.33000183105469,26.476560592651367,26.026399612426758
2008-10-03,79.63795471191406,31.118188858032227,31.090478897094727,21.06730079650879,56.686466217041016,44.667354583740234,82.58999633789062,25.331615447998047,25.41880989074707
2008-10-06,75.5817642211914,29.982864379882812,29.332395553588867,19.483137130737305,57.71656799316406,44.14960479736328,84.27999877929688,24.57310676574707,24.336803436279297
2008-10-07,72.19672393798828,28.08205795288086,27.959814071655273,17.96755599975586,57.5420036315918,44.97397232055664,87.2699966430664,22.464527130126953,24.636438369750977
2008-10-08,70.3779525756836,27.85843276977539,27.33485221862793,17.96755599975586,56.71562957763672,44.65230941772461,89.41999816894531,22.154436111450195,24.994333267211914
2008-10-09,65.46281433105469,27.11015510559082,25.69943618774414,16.64398956298828,56.23830032348633,43.460941314697266,89.9000015258789,20.39887809753418,23.82909393310547
2008-10-10,63.8749885559082,26.93813705444336,24.741546630859375,16.836008071899414,55.842567443847656,41.06822204589844,83.22000122070312,22.350025177001953,22.772058486938477
2008-10-13,73.14945983886719,30.21509552001953,28.67238998413086,20.66954803466797,55.12675094604492,43.33026885986328,81.98999786376953,23.771656036376953,24.03717041015625
2008-10-14,72.06684875488281,28.907751083374023,28.082477569580078,19.640867233276367,54.771728515625,42.65165710449219,82.19999694824219,22.154436111450195,23.59604835510254
2008-10-15,64.9720230102539,26.31886863708496,25.08615493774414,16.46568489074707,55.29555130004883,42.65165710449219,83.30999755859375,19.31119728088379,22.52236557006836
2008-10-16,67.6785659790039,27.74661636352539,26.56386375427246,17.2749080657959,55.01036834716797,43.09902572631836,79.29000091552734,20.43227195739746,22.09788703918457
2008-10-17,67.2744140625,27.781015396118164,25.997314453125,16.73314094543457,54.63205337524414,42.73207092285156,77.20999908447266,20.21282386779785,22.347579956054688
2008-10-20,71.31619262695312,28.555105209350586,27.656095504760742,17.905834197998047,55.06855010986328,44.033992767333984,78.5,20.360698699951172,22.797029495239258
2008-10-21,69.18701171875,27.075748443603516,26.09660530090332,16.479402542114258,55.359527587890625,44.47128677368164,76.02999877929688,19.66421127319336,21.98136329650879
2008-10-22,65.41948699951172,26.327470779418945,24.192514419555664,14.744365692138672,56.48276901245117,43.95857238769531,71.70999908447266,18.27597427368164,20.94097137451172
2008-10-23,66.1773452758789,26.22425079345703,24.724023818969727,15.155838012695312,56.90183639526367,44.23504638671875,70.6500015258789,17.79892349243164,21.02420425415039
2008-10-24,62.82119369506836,25.38136863708496,23.1236515045166,13.592248916625977,56.296546936035156,44.41100311279297,72.20999908447266,16.787565231323242,20.18356704711914
2008-10-27,60.59097671508789,24.676084518432617,21.908767700195312,13.235640525817871,56.33732223510742,44.12447738647461,72.18000030517578,15.833454132080078,20.033750534057617
2008-10-28,67.67138671875,27.40258026123047,24.928451538085938,16.006210327148438,55.516700744628906,43.83291244506836,73.79000091552734,18.309364318847656,20.583078384399414
2008-10-29,67.1805648803711,27.333778381347656,24.986854553222656,15.498725891113281,55.237274169921875,44.57187271118164,74.0,17.66057586669922,21.798254013061523
2008-10-30,69.50462341308594,28.2454776763916,25.862977981567383,17.59037208557129,54.736793518066406,44.24007797241211,72.70999908447266,18.605144500732422,20.89935874938965
2008-10-31,69.88713836669922,28.288476943969727,26.03236198425293,17.439498901367188,54.026790618896484,44.05911636352539,71.33999633789062,19.802549362182617,21.132402420043945
2008-11-03,70.08922576904297,28.228273391723633,26.137489318847656,17.281770706176758,54.1728401184082,44.42034149169922,71.0999984741211,19.15375518798828,20.89935874938965
2008-11-04,72.47103881835938,29.028154373168945,27.93061637878418,18.85907554626465,55.1895637512207,44.723453521728516,75.4800033569336,20.22713279724121,21.84819221496582
2008-11-05,69.42523956298828,27.514389038085938,26.412012100219727,16.458824157714844,55.84407043457031,45.59233474731445,72.80000305175781,18.23781394958496,21.2822208404541
2008-11-06,65.57829284667969,26.284460067749023,24.70650291442871,15.629032135009766,55.44082260131836,45.9055290222168,72.22000122070312,17.38388442993164,20.35003089904785
2008-11-07,67.74351501464844,26.826318740844727,26.102449417114258,16.89773178100586,55.078548431396484,45.58222961425781,72.5,18.485881805419922,20.374998092651367
2008-11-10,66.8558120727539,26.46508026123047,25.711124420166016,17.05545997619629,55.34736251831055,45.602439880371094,73.58000183105469,16.83049964904785,20.508167266845703
2008-11-11,64.79154968261719,25.888818740844727,24.864206314086914,15.992498397827148,55.51097869873047,45.7489128112793,72.05000305175781,16.596744537353516,20.11698341369629
2008-11-12,61.94066619873047,24.693286895751953,23.52666664123535,14.806085586547852,55.86737060546875,45.738853454589844,70.0,15.40887451171875,19.52604103088379
2008-11-13,65.80201721191406,26.19844627380371,25.53005599975586,16.856584548950195,54.529293060302734,45.425628662109375,72.1500015258789,17.102420806884766,19.892257690429688
2008-11-14,62.518062591552734,24.925504684448242,24.06401824951172,15.23813247680664,55.610294342041016,45.4155387878418,73.30000305175781,15.175126075744629,19.767412185668945
2008-11-17,61.68806838989258,24.400850296020508,23.625951766967773,14.984391212463379,55.855690002441406,45.7438850402832,72.6500015258789,14.626510620117188,19.317964553833008
2008-11-18,62.850074768066406,24.37505340576172,23.666851043701172,14.764939308166504,56.57442092895508,45.799476623535156,72.51000213623047,14.488160133361816,19.026655197143555
2008-11-19,58.82270812988281,23.102115631103516,22.08399200439453,13.489381790161133,58.02356719970703,45.87017059326172,72.26000213623047,12.541781425476074,18.81025505065918
2008-11-20,54.45609664916992,21.98399543762207,20.869110107421875,12.522428512573242,61.0211296081543,45.37007522583008,73.44999694824219,11.549503326416016,17.85309600830078
2008-11-21,57.39364242553711,22.93869400024414,22.352672576904297,14.32603931427002,60.138816833496094,45.895442962646484,78.8499984741211,12.398661613464355,18.161048889160156
2008-11-24,61.3704833984375,24.340648651123047,23.69021224975586,15.196985244750977,59.19803237915039,45.69337844848633,80.91000366210938,14.507244110107422,19.409515380859375
2008-11-25,61.82518768310547,24.228837966918945,24.122425079345703,14.908956527709961,60.93935012817383,45.910579681396484,80.87000274658203,14.736233711242676,18.760318756103516
2008-11-26,64.21416473388672,25.243751525878906,24.3852596282959,16.047351837158203,61.0211296081543,45.668094635009766,80.37999725341797,15.532910346984863,19.35957908630371
2008-11-28,65.0225601196289,25.045930862426758,24.373573303222656,15.738753318786621,61.774898529052734,45.536781311035156,80.30999755859375,15.303932189941406,18.518943786621094
2008-12-01,59.262977600097656,23.162328720092773,22.38186264038086,14.223175048828125,64.14061737060547,46.24858856201172,75.6500015258789,12.317562103271484,17.94464683532715
2008-12-02,61.543697357177734,23.936397552490234,23.596757888793945,15.12154769897461,64.38687133789062,46.59893798828125,76.94999694824219,13.953853607177734,17.952970504760742
2008-12-03,63.023277282714844,24.615880966186523,23.912158966064453,15.244991302490234,64.56858825683594,46.923892974853516,76.18000030517578,14.736233711242676,17.74489402770996
2008-12-04,61.56535339355469,23.91919708251953,23.176218032836914,14.593491554260254,65.84092712402344,46.969581604003906,75.5,14.330728530883789,16.81270408630371
2008-12-05,63.46355056762695,24.89111328125,23.46825408935547,15.457587242126465,64.77383422851562,46.64970779418945,74.5199966430664,15.84776782989502,16.396549224853516
2008-12-08,65.6793441772461,25.871610641479492,24.583847045898438,16.445114135742188,64.63302612304688,47.13202667236328,76.19999694824219,17.32663917541504,17.153953552246094
2008-12-09,64.59671783447266,25.81140899658203,24.356056213378906,16.218801498413086,65.9112319946289,47.451900482177734,76.33000183105469,15.8239164352417,16.7794132232666
2008-12-10,65.0369644165039,25.72540283203125,24.998538970947266,17.185754776000977,65.75297546386719,47.56359100341797,79.75,17.18352699279785,17.28712272644043
2008-12-11,63.47077941894531,25.020118713378906,24.88755989074707,16.746856689453125,65.88191986083984,47.72609329223633,80.6500015258789,14.73145866394043,17.836448669433594
2008-12-12,64.22860717773438,25.527576446533203,25.132884979248047,16.980030059814453,65.88191986083984,47.985015869140625,80.80999755859375,16.272340774536133,18.227632522583008
2008-12-15,63.33363342285156,25.0803279876709,25.197120666503906,16.753721237182617,66.63239288330078,47.96979522705078,82.5999984741211,15.704645156860352,17.711915969848633
2008-12-16,66.31446075439453,26.284460067749023,26.645631790161133,18.09099578857422,68.27986907958984,48.954795837402344,84.45999908447266,17.627182006835938,17.965551376342773
2008-12-17,65.67210388183594,25.966217041015625,26.51129722595215,17.775537490844727,70.132568359375,49.6807861328125,85.43000030517578,17.951587677001953,17.72037124633789
2008-12-18,64.44513702392578,25.510366439819336,25.69943618774414,17.384639739990234,71.60413360595703,50.88414001464844,83.87000274658203,16.458396911621094,17.449832916259766
2008-12-19,64.16792297363281,25.71968650817871,25.32562255859375,17.44635772705078,71.68040466308594,50.127620697021484,82.62999725341797,17.612865447998047,17.331470489501953
2008-12-22,63.345726013183594,25.159814834594727,25.15040397644043,16.79486083984375,71.12923431396484,50.73179626464844,83.45999908447266,16.949766159057617,16.841115951538086
2008-12-23,62.69089889526367,25.030609130859375,24.961711883544922,16.655778884887695,71.03546142578125,50.899383544921875,82.62999725341797,16.854354858398438,16.90875244140625
2008-12-24,63.05466079711914,25.099512100219727,25.292957305908203,16.773998260498047,70.88296508789062,51.02627944946289,83.45999908447266,17.052810668945312,16.64666748046875
2008-12-26,63.41849136352539,25.090909957885742,25.411252975463867,16.718366622924805,71.11753845214844,51.122737884521484,85.5999984741211,17.297822952270508,16.90875244140625
2008-12-29,63.236572265625,24.884174346923828,25.41716957092285,16.690540313720703,71.03218078613281,51.281803131103516,86.3499984741211,16.303083419799805,17.094749450683594
2008-12-30,64.7354736328125,25.400985717773438,26.180221557617188,17.135631561279297,71.70870971679688,51.7304801940918,85.9000015258789,16.954801559448242,17.196199417114258
2008-12-31,65.65950775146484,25.6163272857666,26.53512954711914,17.365123748779297,70.20867919921875,51.827369689941406,86.5199966430664,17.861347198486328,17.914823532104492
2009-01-02,67.63861083984375,26.72745132446289,26.878198623657227,18.19269561767578,68.44388580322266,51.297142028808594,86.2300033569336,17.292922973632812,18.540447235107422
2009-01-05,67.55857849121094,26.718835830688477,26.446399688720703,18.429141998291016,66.67915344238281,51.64897155761719,84.4800033569336,16.974411010742188,18.734895706176758
2009-01-06,68.00968933105469,26.985858917236328,26.730316162109375,18.846410751342773,66.00848388671875,51.73558807373047,85.12999725341797,17.82215118408203,19.225252151489258
2009-01-07,65.97240447998047,26.21925926208496,26.268943786621094,17.761524200439453,66.26734161376953,51.30224609375,82.75,17.22432518005371,18.244543075561523
2009-01-08,66.2415771484375,26.494892120361328,26.65934181213379,17.685022354125977,66.21439361572266,51.66930389404297,84.45999908447266,17.096914291381836,18.312179565429688
2009-01-09,64.82276153564453,25.90056610107422,25.736587524414062,17.302528381347656,66.31436157226562,52.31175231933594,83.91999816894531,16.219772338867188,18.100818634033203
2009-01-12,63.265682220458984,25.42683219909668,25.11550521850586,16.57232093811035,67.00263214111328,52.041507720947266,80.76000213623047,15.269132614135742,17.280746459960938
2009-01-13,63.382110595703125,25.435449600219727,24.654125213623047,16.62100601196289,67.07328033447266,51.9293327331543,80.87999725341797,15.729741096496582,17.568195343017578
2009-01-14,61.388450622558594,24.660236358642578,23.642642974853516,15.814294815063477,68.17919158935547,51.69993591308594,79.79000091552734,14.906512260437012,17.323017120361328
2009-01-15,61.41025924682617,25.0650634765625,23.8555908203125,15.995112419128418,68.2909164428711,51.80189514160156,80.38999938964844,15.396536827087402,17.306106567382812
2009-01-16,61.89048385620117,25.3406925201416,23.997554779052734,16.16896629333496,67.23795318603516,51.80189514160156,82.70999908447266,15.979655265808105,17.38219451904297
2009-01-20,58.623538970947266,24.0831298828125,22.240764617919922,14.96585464477539,67.22618865966797,51.03709411621094,84.5199966430664,14.19107723236084,16.841115951538086
2009-01-21,61.15556335449219,25.108121871948242,23.329143524169922,15.779521942138672,65.10259246826172,50.78217697143555,84.1500015258789,15.675848007202148,16.90875244140625
2009-01-22,60.20973587036133,24.772205352783203,22.784957885742188,15.257939338684082,63.849613189697266,50.593505859375,84.58000183105469,14.818305015563965,16.688936233520508
2009-01-23,60.47170639038086,24.892786026000977,22.625247955322266,15.452668190002441,63.349571228027344,50.256996154785156,88.52999877929688,15.269132614135742,17.46674156188965
2009-01-26,60.88642501831055,25.07367706298828,23.068876266479492,15.633478164672852,62.796607971191406,49.80831527709961,88.94999694824219,15.180922508239746,17.500558853149414
2009-01-27,61.50487518310547,25.254552841186523,23.518421173095703,15.911656379699707,64.27314758300781,50.746456146240234,88.37999725341797,15.396536827087402,17.027111053466797
2009-01-28,63.58584213256836,26.141746520996094,24.210491180419922,16.718366622924805,62.66721725463867,51.149253845214844,87.41999816894531,16.729398727416992,17.43292236328125
2009-01-29,61.51945114135742,25.478506088256836,23.110286712646484,15.869927406311035,61.22596740722656,50.53742218017578,89.5,15.36223316192627,17.221567153930664
2009-01-30,60.267921447753906,25.030609130859375,22.891427993774414,15.751703262329102,61.03182601928711,50.89430618286133,91.30999755859375,14.730101585388184,17.12010955810547
2009-02-02,60.086002349853516,25.332080841064453,22.666648864746094,15.591757774353027,62.16733932495117,50.648895263671875,88.83999633789062,15.087823867797852,16.790388107299805
2009-02-03,60.930049896240234,25.728290557861328,23.31730842590332,16.057695388793945,60.68674087524414,50.47981643676758,88.47000122070312,14.935914039611816,16.59593963623047
2009-02-04,60.63174057006836,25.76275062561035,23.199005126953125,16.175922393798828,60.47434616088867,50.50033950805664,89.18000030517578,14.573299407958984,16.688936233520508
2009-02-05,61.533973693847656,26.331233978271484,23.530250549316406,16.516685485839844,60.52751159667969,50.05962371826172,90.12000274658203,14.264589309692383,17.060930252075195
2009-02-06,63.287532806396484,27.020315170288086,24.074438095092773,17.344261169433594,60.338706970214844,50.35682678222656,89.58999633789062,15.254426002502441,17.187747955322266
2009-02-09,63.37482452392578,27.132287979125977,24.06852912902832,17.25385093688965,60.53341293334961,50.449073791503906,88.31999969482422,15.47983169555664,17.094749450683594
2009-02-10,60.47170639038086,26.13313102722168,22.87368392944336,16.210691452026367,61.84880828857422,50.69499588012695,90.20999908447266,14.102873802185059,16.87493324279785
2009-02-11,60.82819366455078,26.012548446655273,23.12211036682129,16.697500228881836,62.65102767944336,50.86921691894531,92.29000091552734,14.372387886047363,16.773481369018555
2009-02-12,60.871849060058594,26.331233978271484,23.05113410949707,16.593181610107422,62.061195373535156,50.910194396972656,93.16999816894531,14.127372741699219,16.798847198486328
2009-02-13,60.217010498046875,26.210641860961914,22.802701950073242,16.6766414642334,60.40951156616211,50.52080535888672,92.55000305175781,13.260026931762695,16.49448585510254
2009-02-17,57.6412239074707,25.168424606323242,21.590103149414062,15.612617492675781,62.29121017456055,50.79750442504883,95.44999694824219,12.319182395935059,15.572957992553711
2009-02-18,57.503021240234375,25.185649871826172,21.57236099243164,15.501347541809082,61.760311126708984,50.546382904052734,96.91000366210938,12.495590209960938,15.479959487915039
2009-02-19,56.88456344604492,24.798044204711914,21.542781829833984,15.355307579040527,60.71040725708008,50.13140106201172,95.7699966430664,11.956568717956543,15.860406875610352
2009-02-20,56.331565856933594,24.866954803466797,21.229284286499023,14.96585464477539,61.30022430419922,49.9212760925293,97.80000305175781,12.711203575134277,15.682867050170898
2009-02-23,54.31607437133789,23.996994018554688,20.418914794921875,14.597269058227539,61.866485595703125,49.75223922729492,97.7300033569336,11.755660057067871,15.53068733215332
2009-02-24,56.375186920166016,24.789432525634766,21.270689010620117,15.397032737731934,61.801612854003906,49.572898864746094,94.7300033569336,12.750406265258789,15.826591491699219
2009-02-25,55.93138885498047,24.625783920288086,20.68509864807129,15.132763862609863,61.087833404541016,48.896549224853516,93.1500015258789,12.505398750305176,16.012588500976562
2009-02-26,55.02184295654297,23.93670654296875,20.513559341430664,15.00062370300293,60.44487762451172,48.58401107788086,93.05999755859375,11.8634672164917,16.35076332092285
2009-02-27,53.792213439941406,23.712757110595703,20.513559341430664,14.764181137084961,60.09687423706055,48.245849609375,92.62999725341797,11.706655502319336,16.156312942504883
2009-03-02,51.3692626953125,22.94615936279297,19.33645248413086,13.867059707641602,61.09183120727539,48.252010345458984,90.93000030517578,10.976524353027344,15.344691276550293
2009-03-03,50.98362350463867,22.928936004638672,19.259553909301758,14.061785697937012,60.68370056152344,47.98933029174805,90.04000091552734,11.020624160766602,15.446145057678223
2009-03-04,52.19147872924805,23.54048728942871,20.11724090576172,15.049308776855469,60.4056510925293,47.973907470703125,88.98999786376953,11.19703483581543,15.987223625183105
2009-03-05,50.0595588684082,22.834178924560547,19.306880950927734,14.430370330810547,62.08551788330078,47.845123291015625,91.98999786376953,10.50610065460205,15.85195541381836
2009-03-06,50.146881103515625,22.653295516967773,19.271387100219727,14.673770904541016,61.671470642089844,47.9481315612793,92.29000091552734,10.363997459411621,16.232402801513672
2009-03-09,49.557525634765625,22.170944213867188,18.750856399536133,14.388646125793457,61.31066131591797,46.62970733642578,90.56999969482422,10.59429931640625,16.139402389526367
2009-03-10,52.51158905029297,23.54048728942871,20.010772705078125,15.556982040405273,60.1335334777832,47.30437088012695,88.13999938964844,12.069272994995117,16.097129821777344
2009-03-11,52.85356521606445,23.902250289916992,20.123157501220703,15.556982040405273,60.78425979614258,47.319820404052734,89.22000122070312,11.873260498046875,15.58987045288086
2009-03-12,54.93455123901367,24.69468879699707,20.57862091064453,16.155057907104492,61.074012756347656,47.278621673583984,91.0999984741211,12.843512535095215,16.316944122314453
2009-03-13,55.36384582519531,24.754976272583008,20.714672088623047,16.24547004699707,60.76648712158203,47.71642303466797,91.30000305175781,12.56909465789795,16.173219680786133
2009-03-16,55.196475982666016,24.341533660888672,20.9394474029541,16.259376525878906,59.80819320678711,47.78329086303711,90.80000305175781,11.579248428344727,16.52830696105957
2009-03-17,56.88456344604492,25.26316261291504,21.489545822143555,16.614046096801758,59.482879638671875,47.654579162597656,90.04000091552734,12.456399917602539,16.88338851928711
2009-03-18,58.157840728759766,25.581865310668945,22.10471534729004,16.961763381958008,61.73651885986328,48.669193267822266,93.08999633789062,13.13752555847168,17.094749450683594
2009-03-19,57.43752670288086,25.56463623046875,22.09288787841797,16.850492477416992,61.81346893310547,48.77217483520508,94.3499984741211,12.333889961242676,17.449832916259766
2009-03-20,56.21445846557617,25.1755313873291,21.78530502319336,16.62100601196289,61.470375061035156,48.277748107910156,93.58999633789062,11.270537376403809,17.68655776977539
2009-03-23,60.25227737426758,26.659486770629883,23.352807998657227,18.157922744750977,60.938011169433594,48.42710876464844,92.08000183105469,13.093430519104004,18.058547973632812
2009-03-24,59.06510925292969,26.16771125793457,22.61933135986328,17.594615936279297,61.51771545410156,47.9481315612793,90.94999694824219,12.083979606628418,17.76264190673828
2009-03-25,59.68800354003906,26.28849220275879,22.968320846557617,17.858888626098633,60.6895751953125,47.71642303466797,91.9800033569336,12.282859802246094,17.492103576660156
2009-03-26,60.90453338623047,27.099506378173828,23.275901794433594,18.345687866210938,61.393489837646484,47.9636116027832,91.93000030517578,12.55770492553711,17.79646110534668
2009-03-27,59.80525588989258,26.590469360351562,22.530607223510742,17.803251266479492,61.84893035888672,48.11298370361328,90.69000244140625,11.998023986816406,17.46674156188965
2009-03-30,57.73872756958008,25.93477439880371,21.67291259765625,16.885271072387695,62.08551788330078,48.0769157409668,89.9800033569336,11.343404769897461,16.83266258239746
2009-03-31,58.273677825927734,26.159082412719727,22.23484992980957,17.25385093688965,62.52916717529297,48.47346115112305,90.27999877929688,12.13294506072998,16.90875244140625
2009-04-01,59.4022216796875,26.54733657836914,22.81452751159668,17.824115753173828,63.09987258911133,48.40046691894531,91.02999877929688,12.067983627319336,16.866479873657227
2009-04-02,61.13899612426758,27.401472091674805,23.843761444091797,18.7907772064209,62.32867431640625,48.41600036621094,88.80000305175781,12.942477226257324,17.517467498779297
2009-04-03,61.747230529785156,27.91049575805664,23.979808807373047,19.02027130126953,61.05333709716797,48.11561965942383,87.58999633789062,14.056830406188965,17.788009643554688
2009-04-06,61.26357650756836,27.841480255126953,23.48293685913086,18.7838191986084,60.79227066040039,48.08971405029297,85.2699966430664,13.896921157836914,17.568195343017578
2009-04-07,59.83457946777344,27.10812759399414,22.991979598999023,18.352645874023438,60.9465217590332,48.069061279296875,86.73999786376953,12.857529640197754,17.255380630493164
2009-04-08,60.47947311401367,27.56539535522461,23.2226619720459,18.623868942260742,61.486305236816406,48.55066680908203,86.61000061035156,13.047417640686035,17.38219451904297
2009-04-09,62.883094787597656,28.419532775878906,23.843761444091797,19.437530517578125,60.715145111083984,48.87689208984375,86.30999755859375,14.796398162841797,17.63582992553711
2009-04-13,62.89775466918945,28.376401901245117,24.080360412597656,19.555761337280273,61.272743225097656,49.348148345947266,87.87999725341797,14.841384887695312,17.711915969848633
2009-04-14,61.81315231323242,28.031293869018555,23.849672317504883,19.24281120300293,61.59310531616211,49.477622985839844,87.37000274658203,13.58210563659668,17.39065170288086
2009-04-15,62.47270965576172,27.953632354736328,24.163166046142578,19.5209903717041,61.486305236816406,49.86086654663086,87.5,14.761422157287598,17.280746459960938
2009-04-16,63.38874053955078,28.67837142944336,24.31696891784668,19.68789291381836,60.99989318847656,50.073150634765625,85.80999755859375,15.256134033203125,17.204654693603516
2009-04-17,63.81376266479492,28.738765716552734,24.23415184020996,19.548803329467773,60.329532623291016,50.01105499267578,85.22000122070312,15.53097152709961,17.07784080505371
2009-04-20,61.13899612426758,27.815593719482422,23.24041748046875,18.596052169799805,61.24311447143555,49.736576080322266,86.94999694824219,13.931902885437012,16.435306549072266
2009-04-21,62.333465576171875,28.20384407043457,23.772781372070312,18.99245262145996,60.638031005859375,49.891910552978516,86.88999938964844,15.166187286376953,16.49448585510254
2009-04-22,61.952430725097656,28.290119171142578,23.583492279052734,18.832500457763672,60.27021789550781,49.767662048339844,87.37999725341797,14.636494636535645,16.519851684570312
2009-04-23,62.560630798339844,28.566204071044922,24.175004959106445,19.124588012695312,60.26430892944336,49.726226806640625,88.80000305175781,15.296113014221191,16.739662170410156
2009-04-24,63.5059814453125,29.066612243652344,24.547657012939453,19.486215591430664,59.65922546386719,49.834930419921875,89.72000122070312,16.020687103271484,16.993297576904297
2009-04-27,62.90507125854492,29.10111427307129,24.257810592651367,18.832500457763672,59.9142951965332,49.77280807495117,89.01000213623047,15.061244010925293,16.57057762145996
2009-04-28,62.70721435546875,28.885427474975586,24.027124404907227,18.7699031829834,58.935516357421875,49.612239837646484,87.75,15.261123657226562,16.452213287353516
2009-04-29,64.04096221923828,29.28230094909668,24.64229393005371,19.757434844970703,58.413455963134766,49.850502014160156,88.33000183105469,15.92574405670166,16.83266258239746
2009-04-30,64.06291961669922,29.575637817382812,24.796079635620117,19.938255310058594,58.18206787109375,49.81943893432617,87.2699966430664,15.855783462524414,16.891843795776367
2009-05-01,64.40734100341797,29.653291702270508,25.08592987060547,20.230331420898438,57.78170394897461,49.943302154541016,86.94999694824219,15.336084365844727,17.399105072021484
2009-05-04,66.59844970703125,30.239974975585938,26.12698745727539,21.62816619873047,57.97207260131836,50.06299591064453,88.63999938964844,16.6003475189209,17.737281799316406
2009-05-05,66.37128448486328,30.214094161987305,25.866722106933594,21.433443069458008,57.90065383911133,50.224334716796875,88.25,15.980711936950684,17.4836483001709
2009-05-06,67.52184295654297,30.222715377807617,26.49372100830078,21.802032470703125,57.76381301879883,50.44805908203125,89.54000091552734,16.590360641479492,17.948638916015625
2009-05-07,66.58381652832031,29.515256881713867,26.050085067749023,21.259586334228516,56.35365676879883,49.964080810546875,89.44000244140625,15.640901565551758,17.982460021972656
2009-05-08,68.13740539550781,29.532506942749023,27.17986297607422,21.968936920166016,56.490543365478516,50.28154373168945,89.9800033569336,16.685300827026367,18.4305419921875
2009-05-11,66.86226654052734,29.63603973388672,26.487802505493164,21.454307556152344,57.293758392333984,50.43244552612305,89.69000244140625,16.050674438476562,18.27836036682129
2009-05-12,66.66443634033203,29.273670196533203,26.7717227935791,21.607301712036133,57.50200653076172,50.57298278808594,90.69999694824219,16.005693435668945,18.464357376098633
2009-05-13,64.98629760742188,28.488557815551758,25.860801696777344,20.81450080871582,58.12684631347656,50.47930908203125,91.08999633789062,14.956303596496582,18.253000259399414
2009-05-14,65.54324340820312,28.80777931213379,26.115154266357422,21.113544464111328,58.35291290283203,50.59376525878906,91.02999877929688,15.311107635498047,18.37135887145996
2009-05-15,65.00822448730469,28.790517807006836,25.87855339050293,20.918819427490234,58.33506774902344,50.58334732055664,91.55000305175781,14.796398162841797,17.906368255615234
2009-05-18,66.85498809814453,29.5411376953125,26.866376876831055,22.080198287963867,57.43062973022461,50.51051330566406,90.36000061035156,15.98570442199707,18.37981414794922
2009-05-19,66.77436828613281,29.679182052612305,27.108884811401367,22.330562591552734,57.12717056274414,50.71350860595703,90.95999908447266,15.680887222290039,18.37981414794922
2009-05-20,66.32733917236328,29.575637817382812,27.286346435546875,22.40010643005371,57.728172302246094,51.00490951538086,92.25,15.55595588684082,18.675718307495117
2009-05-21,65.37466430664062,29.032085418701172,27.07931137084961,21.98284339904785,56.27633285522461,50.484535217285156,93.8499984741211,15.60092544555664,18.52353858947754
2009-05-22,65.23541259765625,28.93720245361328,27.23311424255371,22.080198287963867,55.65156173706055,50.4168586730957,94.1500015258789,15.216161727905273,18.794076919555664
2009-05-26,66.90626525878906,30.015653610229492,27.777292251586914,22.34446907043457,54.81256103515625,50.396034240722656,93.76000213623047,16.120624542236328,18.836349487304688
2009-05-27,65.71179962158203,29.808589935302734,27.239025115966797,22.087158203125,53.842735290527344,50.04736328125,93.44999694824219,15.535967826843262,18.92089080810547
2009-05-28,66.6278076171875,30.153697967529297,27.517030715942383,22.76869010925293,54.62217330932617,50.234737396240234,94.23999786376953,15.750844955444336,19.26752471923828
2009-05-29,67.80763244628906,30.524677276611328,28.06713104248047,23.116409301757812,56.032352447509766,50.97367477416992,96.19999694824219,16.270545959472656,19.639516830444336
2009-06-01,69.44913482666016,31.396085739135742,28.759201049804688,24.090023040771484,54.37580871582031,50.95692443847656,95.7300033569336,17.10505485534668,20.18059539794922
2009-06-02,69.5077896118164,31.439239501953125,29.00764274597168,23.7423095703125,54.668365478515625,51.333499908447266,96.36000061035156,16.750261306762695,20.265138626098633
2009-06-03,68.62840270996094,31.344308853149414,28.144046783447266,22.90081787109375,55.181697845458984,51.594993591308594,94.41000366210938,16.720279693603516,19.588790893554688
2009-06-04,69.27325439453125,31.698057174682617,28.32147216796875,23.32504653930664,54.04153060913086,51.3701057434082,96.2300033569336,17.25497055053711,20.307411193847656
2009-06-05,69.28794860839844,31.7325439453125,27.972497940063477,23.373714447021484,53.62964630126953,51.09815979003906,93.70999908447266,17.20999526977539,20.19750213623047
2009-06-08,69.00211334228516,31.637657165527344,27.913339614868164,23.0120906829834,53.49235916137695,50.993534088134766,93.55999755859375,16.895179748535156,20.14677619934082
2009-06-09,69.3538818359375,31.879234313964844,28.25641441345215,23.053823471069336,53.48638153076172,51.38057327270508,93.83000183105469,16.895179748535156,20.341228485107422
2009-06-10,69.17798614501953,31.767078399658203,28.309650421142578,23.345897674560547,52.644683837890625,51.22892379760742,93.86000061035156,16.6003475189209,20.265138626098633
2009-06-11,69.48579406738281,31.767078399658203,28.79469108581543,23.846616744995117,53.229644775390625,51.406734466552734,93.69999694824219,16.260549545288086,20.45113754272461
2009-06-12,69.67631530761719,31.62039566040039,28.646818161010742,23.464128494262695,53.707271575927734,51.78852844238281,92.16999816894531,16.850202560424805,20.16368865966797
2009-06-15,68.07878875732422,30.973312377929688,27.617591857910156,22.62264633178711,54.190773010253906,51.804203033447266,91.0999984741211,16.050674438476562,19.774782180786133
2009-06-16,67.15544891357422,30.67135238647461,27.298173904418945,22.28188133239746,55.133934020996094,51.77287292480469,91.93000030517578,15.755841255187988,19.69869613647461
2009-06-17,67.08946990966797,30.96469497680664,27.37506866455078,22.03152084350586,54.82353973388672,51.83562088012695,92.3499984741211,15.456011772155762,19.757875442504883
2009-06-18,67.58045959472656,30.904298782348633,27.327735900878906,21.968936920166016,53.993812561035156,51.176612854003906,91.61000061035156,15.560955047607422,19.783239364624023
2009-06-19,67.82955932617188,31.23601722717285,27.75954246520996,22.080198287963867,54.73402404785156,51.56364440917969,91.9000015258789,15.71587085723877,19.614152908325195
2009-06-22,65.79556274414062,30.303089141845703,26.866376876831055,21.28044891357422,55.265289306640625,51.75193786621094,90.54000091552734,14.89633560180664,18.9547119140625
2009-06-23,65.84713745117188,30.233964920043945,27.219755172729492,21.418563842773438,55.915924072265625,52.170345306396484,90.91999816894531,15.00627613067627,19.28443145751953
2009-06-24,66.41460418701172,30.74363136291504,27.243915557861328,21.888303756713867,55.354835510253906,52.086639404296875,91.44999694824219,15.33387565612793,19.275978088378906
2009-06-25,67.8590316772461,31.34831428527832,27.817790985107422,22.54032325744629,56.36961364746094,52.49459457397461,92.30999755859375,15.537047386169434,19.445064544677734
2009-06-26,67.68213653564453,31.41741943359375,27.76342010498047,22.65951156616211,56.46513748168945,52.52075958251953,92.29000091552734,15.669100761413574,19.28443145751953
2009-06-29,68.31596374511719,31.486522674560547,27.9990234375,22.827775955200195,56.54872512817383,52.46321487426758,92.04000091552734,15.65894889831543,19.47043228149414
2009-06-30,67.76322937011719,31.42605972290039,27.67281723022461,22.596406936645508,56.45316696166992,52.447566986083984,91.18000030517578,15.750372886657715,19.12380027770996
2009-07-01,68.04326629638672,31.443330764770508,28.13192367553711,23.010055541992188,56.3411865234375,52.37660217285156,92.38999938964844,16.02464485168457,19.047710418701172
2009-07-02,66.1861343383789,30.752269744873047,27.322450637817383,22.37906837463379,56.47297286987305,52.38185119628906,91.25,15.176429748535156,18.62499237060547
2009-07-06,66.17877960205078,30.588134765625,27.358705520629883,22.329994201660156,56.365169525146484,52.507938385009766,90.76000213623047,15.557366371154785,18.06700325012207
2009-07-07,64.89644622802734,29.827980041503906,26.694217681884766,21.804166793823242,56.74245834350586,52.29783630371094,90.70999908447266,14.952945709228516,17.77955436706543
2009-07-08,64.85224151611328,29.98346710205078,26.58547592163086,21.55177116394043,57.790462493896484,52.77586364746094,89.2699966430664,14.81072998046875,17.55974006652832
2009-07-09,64.97750091552734,30.03529167175293,26.91167640686035,21.937376022338867,57.10177230834961,52.79683303833008,89.51000213623047,14.531378746032715,17.669645309448242
2009-07-10,64.82278442382812,30.164873123168945,26.597553253173828,21.677967071533203,57.62875747680664,53.00701904296875,89.58000183105469,14.511065483093262,17.534372329711914
2009-07-13,66.39984893798828,30.74363136291504,27.062692642211914,21.832212448120117,57.30538558959961,52.97554016113281,90.19000244140625,15.059605598449707,17.62737464904785
2009-07-14,66.77571105957031,30.85592269897461,27.207672119140625,22.07058334350586,56.35316848754883,52.859928131103516,90.80999755859375,15.24245834350586,17.62737464904785
2009-07-15,68.72865295410156,31.892520904541016,28.137954711914062,23.25544548034668,54.9039306640625,52.3713493347168,92.23999786376953,15.80623722076416,18.092363357543945
2009-07-16,68.61809539794922,32.272605895996094,28.385631561279297,23.29749870300293,55.49681854248047,52.73385238647461,91.9800033569336,15.989084243774414,18.1346378326416
2009-07-17,69.36978912353516,32.44536590576172,28.282934188842773,23.53587532043457,54.640411376953125,52.57098388671875,91.93000030517578,15.562443733215332,18.405176162719727
2009-07-20,70.10675811767578,32.7563591003418,28.8326473236084,24.377197265625,54.9278564453125,52.78636169433594,93.27999877929688,16.110986709594727,18.709535598754883
2009-07-21,70.43101501464844,32.9809455871582,29.013866424560547,24.307090759277344,56.023834228515625,53.53236770629883,93.12999725341797,16.06527328491211,18.64189910888672
2009-07-22,70.41627502441406,33.25736618041992,29.08635902404785,24.250995635986328,55.52074432373047,53.39051055908203,93.44000244140625,16.085590362548828,18.743350982666016
2009-07-23,71.97126770019531,33.991634368896484,29.57565689086914,24.938081741333008,54.502681732177734,53.301212310791016,93.26000213623047,16.725563049316406,19.132253646850586
2009-07-24,72.26602935791016,33.73248291015625,29.756885528564453,24.81888771057129,54.76617431640625,53.44829177856445,93.41000366210938,16.84238052368164,19.14916229248047
2009-07-27,72.4797592163086,33.991634368896484,29.787086486816406,25.036231994628906,54.13738250732422,53.32749557495117,93.70999908447266,17.086181640625,19.225252151489258
2009-07-28,72.1407699584961,33.75838851928711,29.66022491455078,24.924057006835938,54.616477966308594,53.53236770629883,92.11000061035156,17.070941925048828,19.013891220092773
2009-07-29,71.9638900756836,33.982994079589844,29.418603897094727,24.363174438476562,54.91592025756836,53.868568420410156,91.19999694824219,16.85761070251465,18.52353858947754
2009-07-30,72.715576171875,34.18166732788086,29.99247932434082,24.966129302978516,55.694454193115234,54.16276550292969,91.62000274658203,17.4620361328125,19.09843635559082
2009-07-31,72.81875610351562,34.07801055908203,30.451570510864258,25.085315704345703,56.77841567993164,54.87726593017578,93.3499984741211,17.44679832458496,19.478883743286133
2009-08-03,74.02000427246094,34.587669372558594,31.158348083496094,26.0247802734375,55.91792297363281,54.36628341674805,93.87000274658203,17.761699676513672,20.02841567993164
2009-08-04,74.21158599853516,34.587669372558594,31.11002540588379,25.78640365600586,55.47323226928711,54.09185028076172,94.68000030517578,18.73181915283203,20.0368709564209
2009-08-05,73.99784851074219,34.31987762451172,30.98316192626953,25.569063186645508,54.64401626586914,54.10237503051758,94.77999877929688,19.447980880737305,20.248231887817383
2009-08-06,73.61466217041016,34.017539978027344,30.789859771728516,25.358734130859375,54.830318450927734,53.95458984375,94.5999984741211,19.30068016052246,19.783239364624023
2009-08-07,74.580078125,34.449466705322266,30.759654998779297,25.611143112182617,54.37367630004883,53.94404983520508,93.75,20.377450942993164,19.690242767333984
2009-08-10,74.4253158569336,34.20756912231445,30.572391510009766,25.323680877685547,55.05269241333008,54.11292266845703,92.93000030517578,19.94064712524414,19.681785583496094
2009-08-11,73.49674987792969,33.913875579833984,30.397199630737305,24.846935272216797,55.689579010009766,54.392662048339844,92.79000091552734,19.36162567138672,19.38588523864746
2009-08-12,74.28531646728516,34.44081497192383,30.741539001464844,25.0712833404541,55.09474563598633,53.917625427246094,92.94999694824219,19.503843307495117,19.487335205078125
2009-08-13,74.85276794433594,34.630859375,31.212717056274414,25.505977630615234,55.875858306884766,54.440189361572266,93.72000122070312,19.60542869567871,19.74942398071289
2009-08-14,74.27794647216797,34.233497619628906,30.946918487548828,25.043243408203125,56.092201232910156,54.429656982421875,93.0,19.442895889282227,19.191436767578125
2009-08-17,72.45026397705078,33.24009704589844,29.950193405151367,24.06171226501465,56.92140197753906,54.51935577392578,91.61000061035156,18.406761169433594,18.903987884521484
2009-08-18,73.02510070800781,33.7152099609375,30.469701766967773,24.5875301361084,56.590919494628906,54.38208770751953,92.05999755859375,18.5896053314209,19.275978088378906
2009-08-19,73.6662368774414,33.948429107666016,30.72945785522461,24.650630950927734,57.059608459472656,54.55633544921875,92.52999877929688,18.442310333251953,19.4112491607666
2009-08-20,74.4253158569336,34.34578323364258,30.946918487548828,25.07830238342285,57.52827453613281,54.8149528503418,92.2699966430664,19.178781509399414,19.250614166259766
2009-08-21,75.88450622558594,34.803627014160156,31.62348747253418,25.456897735595703,56.344539642333984,54.56686019897461,93.6500015258789,19.681610107421875,19.394338607788086
2009-08-24,75.87714385986328,34.76906967163086,31.617443084716797,25.569063186645508,57.366065979003906,54.84662628173828,92.33999633789062,19.61558723449707,19.42815589904785
2009-08-25,76.0245361328125,34.87273025512695,31.931560516357422,25.512977600097656,57.690486907958984,54.941627502441406,92.76000213623047,19.83399200439453,19.14916229248047
2009-08-26,76.03189086914062,34.81226348876953,31.798675537109375,25.43585968017578,57.95492172241211,55.30583953857422,92.79000091552734,19.894927978515625,19.09843635559082
2009-08-27,76.20135498046875,34.898658752441406,32.04030227661133,25.38677978515625,57.726566314697266,55.052459716796875,93.19000244140625,20.08793830871582,19.25906753540039
2009-08-28,76.1866226196289,34.933197021484375,32.05842971801758,25.253576278686523,57.99091339111328,55.326988220214844,93.87000274658203,20.26571273803711,19.216794967651367
2009-08-31,75.50863647460938,34.579036712646484,31.822834014892578,24.75579833984375,58.045021057128906,55.59613800048828,93.4000015258789,19.94573211669922,18.692625045776367
2009-09-01,73.84309387207031,33.93115997314453,31.031497955322266,24.28605842590332,57.90458679199219,55.31718826293945,93.9000015258789,18.879108428955078,18.405176162719727
2009-09-02,73.56309509277344,33.90523910522461,30.99524688720703,24.54546356201172,58.74846267700195,55.48160934448242,96.19000244140625,18.4981746673584,18.44744873046875
2009-09-03,74.17475128173828,34.12984085083008,31.236873626708984,25.036231994628906,58.386871337890625,55.57704162597656,97.45999908447266,18.868953704833984,18.354450225830078
2009-09-04,75.21385192871094,34.86409378051758,31.71410369873047,25.51999282836914,57.39221954345703,55.614166259765625,97.52999877929688,19.087350845336914,18.27836036682129
2009-09-08,75.8624038696289,35.192359924316406,32.34233856201172,26.045814514160156,56.98836135864258,55.47099685668945,97.43000030517578,19.752717971801758,18.61653709411621
2009-09-09,76.4446029663086,35.494686126708984,32.741031646728516,26.18603515625,56.92201232910156,55.455081939697266,97.08000183105469,20.138734817504883,18.692625045776367
2009-09-10,77.22573852539062,35.83158493041992,33.03098678588867,26.529577255249023,57.97093200683594,55.82095718383789,97.69999694824219,20.43840217590332,18.794076919555664
2009-09-11,77.21101379394531,35.86613845825195,32.98870849609375,26.543594360351562,58.290401458740234,56.324771881103516,98.77999877929688,20.402843475341797,18.54890251159668
2009-09-14,77.58686828613281,36.00434112548828,33.05514907836914,26.4454402923584,57.711692810058594,56.03843688964844,97.95999908447266,21.00726318359375,18.44744873046875
2009-09-15,77.91114807128906,36.11663055419922,33.061195373535156,26.760934829711914,57.41632843017578,56.00663757324219,98.9000015258789,21.342493057250977,18.87862205505371
2009-09-16,79.0902328491211,36.64358139038086,33.713592529296875,27.433979034423828,57.51879119873047,56.18159484863281,99.91000366210938,22.21101951599121,19.12380027770996
2009-09-17,78.97235107421875,36.634944915771484,33.49613571166992,27.286752700805664,58.242122650146484,56.45737075805664,99.33999633789062,22.114517211914062,19.132253646850586
2009-09-18,79.02269744873047,36.69632339477539,33.58673858642578,27.363880157470703,57.723777770996094,56.10206985473633,98.66999816894531,22.144981384277344,18.963165283203125
2009-09-21,78.8227767944336,36.80873107910156,33.230323791503906,27.125507354736328,57.85637283325195,56.234676361083984,98.36000061035156,21.799617767333984,18.54890251159668
2009-09-22,79.28185272216797,36.87791442871094,33.68942642211914,27.539155960083008,57.976959228515625,56.36722946166992,99.66999816894531,22.490365982055664,18.85325813293457
2009-09-23,78.62287139892578,36.7049674987793,33.39948272705078,27.125507354736328,58.151729583740234,56.393707275390625,98.83000183105469,21.677703857421875,18.4305419921875
2009-09-24,77.75651550292969,36.37640380859375,32.91017150878906,26.592670440673828,58.32048797607422,56.48388671875,97.55000305175781,20.886272430419922,18.193817138671875
2009-09-25,77.34186553955078,36.05646896362305,32.77124786376953,26.70485496520996,59.061946868896484,56.701290130615234,97.0,20.952951431274414,18.050092697143555
2009-09-28,78.72652435302734,36.67039108276367,33.2182502746582,27.048381805419922,59.580326080322266,56.84452819824219,97.05000305175781,21.81979751586914,18.21072769165039
2009-09-29,78.48957061767578,36.50609588623047,33.01890563964844,27.11149024963379,59.52615737915039,56.621761322021484,97.43000030517578,21.465864181518555,18.143089294433594
2009-09-30,78.18595886230469,36.532047271728516,33.03098678588867,27.279748916625977,59.47187805175781,56.57405471801758,98.8499984741211,21.260705947875977,18.650352478027344
2009-10-01,76.2459487915039,35.45121383666992,32.16714859008789,26.53658103942871,60.28635025024414,55.994503021240234,97.88999938964844,20.30666732788086,18.531993865966797
2009-10-02,75.8905258178711,35.34745788574219,31.810747146606445,26.543594360351562,59.869110107421875,55.632259368896484,98.37000274658203,20.163042068481445,18.345998764038086
2009-10-05,77.0234375,35.6328010559082,32.26984405517578,27.160573959350586,59.87521743774414,55.930572509765625,99.81999969482422,20.71700668334961,18.937801361083984
2009-10-06,78.12675476074219,36.26399612426758,32.81352615356445,27.609270095825195,59.28260040283203,55.81337356567383,102.27999877929688,20.660581588745117,18.709535598754883
2009-10-07,78.34149932861328,36.36775207519531,32.9343376159668,27.581220626831055,59.977970123291016,56.17028045654297,102.36000061035156,20.645187377929688,18.743350982666016
2009-10-08,78.9412612915039,36.52341079711914,33.411556243896484,27.917747497558594,59.34912109375,55.855979919433594,103.63999938964844,21.040151596069336,19.115345001220703
2009-10-09,79.42254638671875,36.730918884277344,33.32698440551758,27.938783645629883,57.988590240478516,55.36595916748047,102.83999633789062,21.219661712646484,19.191436767578125
2009-10-12,79.73355102539062,36.80873107910156,33.52634048461914,28.170137405395508,58.07928466796875,55.557674407958984,103.55999755859375,21.18889617919922,19.580333709716797
2009-10-13,79.57062530517578,36.8173713684082,33.45384979248047,28.219219207763672,58.381614685058594,55.664241790771484,104.26000213623047,20.891407012939453,19.80014991760254
2009-10-14,80.94049835205078,37.318885803222656,34.257266998291016,29.13064956665039,57.516910552978516,55.397911071777344,104.18000030517578,21.65565299987793,19.95232582092285
2009-10-15,81.23670196533203,37.232421875,34.41432571411133,28.969390869140625,57.25083923339844,55.38727951049805,102.86000061035156,21.471004486083984,20.15523338317871
2009-10-16,80.6294937133789,36.99031448364258,33.89481735229492,28.56976890563965,57.71647644042969,55.42987060546875,103.18000030517578,20.906784057617188,20.205957412719727
2009-10-19,81.29595184326172,37.36211395263672,34.4384880065918,29.116621017456055,58.16997528076172,55.712162017822266,104.2300033569336,21.3581600189209,20.493408203125
2009-10-20,80.8664779663086,37.370765686035156,34.257266998291016,28.731019973754883,58.484405517578125,56.06907272338867,103.41999816894531,20.963212966918945,20.36659049987793
2009-10-21,80.14081573486328,37.30159378051758,34.142494201660156,28.576778411865234,58.13370895385742,55.83470153808594,103.75,20.696487426757812,20.79776382446289
2009-10-22,80.95531463623047,37.448577880859375,34.474735260009766,28.815147399902344,57.84952926635742,56.16495132446289,103.91999816894531,21.240184783935547,20.96685218811035
2009-10-23,80.02971649169922,37.29293441772461,33.931060791015625,28.576778411865234,57.41413497924805,55.855979919433594,103.48999786376953,20.988849639892578,20.89076042175293
2009-10-26,79.16342163085938,37.17189025878906,33.4176025390625,28.219219207763672,56.6703987121582,55.62158203125,101.86000061035156,20.93756103515625,20.510316848754883
2009-10-27,78.800537109375,36.609867095947266,33.15180206298828,27.728452682495117,57.44435119628906,56.101043701171875,101.8499984741211,20.634923934936523,20.36659049987793
2009-10-28,77.31220245361328,35.78843688964844,32.35441589355469,26.459463119506836,57.71647644042969,55.72285079956055,100.7300033569336,19.768091201782227,19.842418670654297
2009-10-29,78.97087097167969,36.39368438720703,33.30886459350586,27.63030433654785,57.08761978149414,55.792076110839844,102.69000244140625,20.67084503173828,20.459590911865234
2009-10-30,76.6828384399414,35.41661834716797,32.197357177734375,26.34027862548828,57.9160041809082,56.29281997680664,102.52999877929688,20.311786651611328,19.943872451782227
2009-11-02,77.24559783935547,35.56360626220703,32.5114860534668,26.732898712158203,57.66001892089844,56.20929718017578,103.94999694824219,20.30666732788086,20.29050064086914
2009-11-03,77.48992156982422,35.676025390625,32.384620666503906,26.774951934814453,57.083717346191406,55.95238494873047,106.45999908447266,20.604156494140625,20.577951431274414
2009-11-04,77.68984985351562,35.73653793334961,32.7108268737793,27.272737503051758,56.56203079223633,56.17189407348633,107.0999984741211,20.163042068481445,20.5610408782959
2009-11-05,79.11893463134766,36.618507385253906,33.13368225097656,27.833616256713867,56.56203079223633,56.20929718017578,106.9800033569336,20.61954116821289,20.45113754272461
2009-11-06,79.32628631591797,36.83467102050781,33.230323791503906,27.798559188842773,56.61662292480469,56.359169006347656,107.43000030517578,20.281021118164062,20.087594985961914
2009-11-09,81.13301849365234,37.62150955200195,34.160621643066406,28.822160720825195,56.683345794677734,56.391231536865234,108.19000244140625,21.281221389770508,20.417316436767578
2009-11-10,81.14785766601562,37.71662902832031,33.97938537597656,28.68895149230957,56.58024215698242,56.353797912597656,108.38999938964844,21.12221908569336,20.315866470336914
2009-11-11,81.56250762939453,37.95872116088867,34.082096099853516,28.934341430664062,56.81680679321289,56.56248474121094,109.5999984741211,21.51716423034668,20.45113754272461
2009-11-12,80.73321533203125,37.742576599121094,33.58673858642578,28.289321899414062,56.7137336730957,56.56248474121094,108.20999908447266,21.29660415649414,20.14677619934082
2009-11-13,81.17008972167969,38.05384826660156,34.05792236328125,28.773090362548828,56.97452926635742,56.728389739990234,109.73999786376953,21.583852767944336,20.12986946105957
2009-11-16,82.347412109375,38.44295120239258,34.60159683227539,29.49521827697754,57.64179229736328,56.99594497680664,111.62999725341797,22.10702896118164,20.713220596313477
2009-11-17,82.4436264038086,38.56401062011719,34.372047424316406,29.39004898071289,57.95115280151367,57.081573486328125,111.97000122070312,21.722335815429688,20.814674377441406
2009-11-18,82.39180755615234,38.347835540771484,34.2633056640625,29.158695220947266,57.611488342285156,56.89427185058594,112.25,22.11728858947754,20.831579208374023
2009-11-19,81.31815338134766,37.75120544433594,33.616947174072266,28.618844985961914,57.714630126953125,56.96381378173828,112.30000305175781,21.60948371887207,20.53567886352539
2009-11-20,81.02935791015625,37.56100845336914,33.4296760559082,28.499666213989258,57.70248794555664,56.69625473022461,112.94000244140625,21.455617904663086,20.510316848754883
2009-11-23,82.05860900878906,38.166259765625,34.0277214050293,29.095596313476562,57.62969207763672,56.69625473022461,114.29000091552734,21.727466583251953,20.603313446044922
2009-11-24,82.18448638916016,38.03654861450195,33.88878631591797,28.934341430664062,57.993682861328125,56.91563415527344,114.7300033569336,21.40431785583496,20.36659049987793
2009-11-25,82.4732666015625,38.200843811035156,34.34183883666992,29.270872116088867,58.26057434082031,57.12437057495117,116.62000274658203,21.491518020629883,20.85694694519043
2009-11-27,81.13301849365234,37.62150955200195,33.35114669799805,28.135095596313477,58.47897720336914,57.108314514160156,115.05999755859375,20.865747451782227,20.620222091674805
2009-11-30,81.40699005126953,37.66477584838867,33.45989227294922,28.40851402282715,58.61849594116211,57.39192199707031,115.63999938964844,21.645387649536133,20.84848976135254
2009-12-01,82.41404724121094,38.05384826660156,34.378089904785156,29.221799850463867,57.96553421020508,57.10497283935547,117.37999725341797,21.96341323852539,21.000669479370117
2009-12-02,82.37704467773438,38.10573196411133,34.43244552612305,29.340970993041992,58.014198303222656,57.11567687988281,119.18000030517578,22.322458267211914,20.85694694519043
2009-12-03,81.73279571533203,37.9500846862793,34.35392379760742,29.06755256652832,57.411705017089844,57.09954833984375,118.69999694824219,22.071121215820312,20.840036392211914
2009-12-04,82.19930267333984,38.14896774291992,34.23310852050781,29.33397102355957,56.80315017700195,56.863101959228516,113.75,22.722530364990234,20.670949935913086
2009-12-07,82.07339477539062,37.967384338378906,34.04584503173828,29.081581115722656,56.876182556152344,56.836212158203125,113.11000061035156,22.245515823364258,20.484952926635742
2009-12-08,81.16265106201172,37.73393249511719,33.45384979248047,28.541732788085938,56.96140670776367,57.078102111816406,110.94999694824219,22.11728858947754,20.282047271728516
2009-12-09,81.46622467041016,38.1143798828125,33.411556243896484,28.717002868652344,56.6996955871582,56.75027847290039,110.83999633789062,22.071121215820312,20.02841567993164
2009-12-10,81.9253158569336,38.30459976196289,33.51424789428711,28.885265350341797,56.048545837402344,56.79863357543945,110.81999969482422,21.983928680419922,19.918508529663086
2009-12-11,82.27336120605469,38.1576042175293,33.502174377441406,28.990427017211914,56.042449951171875,56.5299186706543,109.31999969482422,22.33784294128418,20.019962310791016
2009-12-14,82.83611297607422,38.5207633972168,33.828372955322266,29.186737060546875,56.109413146972656,56.84162902832031,110.23999786376953,22.743051528930664,20.12986946105957
2009-12-15,82.45105743408203,38.30459976196289,33.45384979248047,28.885265350341797,55.85986328125,56.43320846557617,110.20999908447266,22.51736068725586,20.0368709564209
2009-12-16,82.57694244384766,38.35649108886719,33.84649658203125,29.053518295288086,55.79295349121094,56.648155212402344,111.58999633789062,22.68150520324707,20.383499145507812
2009-12-17,81.58468627929688,37.889564514160156,33.049110412597656,28.219219207763672,56.71186065673828,56.88999938964844,107.33999633789062,22.543004989624023,20.070688247680664
2009-12-18,82.04627990722656,38.50709915161133,33.12763977050781,28.296342849731445,56.46846008300781,56.79863357543945,108.94999694824219,22.691757202148438,20.15523338317871
2009-12-21,82.88007354736328,38.94015884399414,33.22429656982422,28.261289596557617,55.46436309814453,56.52455139160156,106.94999694824219,22.999513626098633,19.960779190063477
2009-12-22,83.1778564453125,39.17400360107422,33.43519973754883,28.546117782592773,55.153968811035156,56.288082122802734,106.16999816894531,23.240581512451172,20.10450553894043
2009-12-23,83.34164428710938,39.45981216430664,33.739990234375,28.828815460205078,55.16615295410156,56.46543884277344,106.55000305175781,23.51757049560547,20.459590911865234
2009-12-24,83.73619842529297,39.823577880859375,33.874107360839844,29.118589401245117,54.59408950805664,56.202125549316406,108.36000061035156,23.857351303100586,20.577951431274414
2009-12-28,83.91487884521484,40.03144454956055,34.02039337158203,29.2175350189209,54.44194412231445,56.05158615112305,108.55000305175781,23.97163963317871,20.94148826599121
2009-12-29,83.79572296142578,39.86690902709961,34.075260162353516,29.112905502319336,54.801082611083984,56.221622467041016,107.47000122070312,23.613170623779297,20.89921760559082
2009-12-30,83.76596069335938,39.98813247680664,33.935054779052734,29.24015235900879,55.161373138427734,56.286376953125,106.93000030517578,23.649534225463867,20.873855590820312
2009-12-31,82.96199035644531,39.62438201904297,33.697330474853516,29.339136123657227,54.8988151550293,56.20545196533203,107.30999755859375,23.24428939819336,20.814674377441406
2010-01-04,84.36898803710938,40.20466232299805,34.581207275390625,30.194564819335938,54.849910736083984,56.502281188964844,109.80000305175781,23.145570755004883,21.33884620666504
2010-01-05,84.59227752685547,40.20466232299805,34.611690521240234,30.41371726989746,55.204124450683594,56.77205276489258,109.69999694824219,23.119596481323242,21.364208221435547
2010-01-06,84.65187072753906,39.96216583251953,34.75798034667969,30.477352142333984,54.465152740478516,56.60478210449219,111.51000213623047,23.078039169311523,21.744653701782227
2010-01-07,85.00921630859375,39.98813247680664,34.62387466430664,30.300607681274414,54.55674743652344,56.674957275390625,110.81999969482422,23.327421188354492,21.4741153717041
2010-01-08,85.29212951660156,40.317264556884766,34.8981819152832,30.54097557067871,54.532344818115234,56.7990608215332,111.37000274658203,23.155963897705078,21.45720672607422
2010-01-11,85.41120147705078,40.15268325805664,35.184688568115234,30.477352142333984,54.233097076416016,56.85840606689453,112.8499984741211,23.291046142578125,21.389570236206055
2010-01-12,84.6146469116211,39.650352478027344,34.770179748535156,29.98954963684082,55.161373138427734,56.96635818481445,110.48999786376953,22.901386260986328,20.933032989501953
2010-01-13,85.3293228149414,40.144039154052734,35.06277084350586,30.081449508666992,54.5201530456543,56.72890853881836,111.54000091552734,23.36378288269043,20.94994354248047
2010-01-14,85.56011199951172,40.178688049316406,35.33098220825195,30.00367546081543,55.283546447753906,56.93398666381836,112.02999877929688,23.343006134033203,20.840036392211914
2010-01-15,84.59973907470703,39.71098709106445,34.77627182006836,29.65726661682129,55.62556838989258,56.912357330322266,110.86000061035156,23.166353225708008,20.603313446044922
2010-01-19,85.65687561035156,40.35191345214844,35.11763000488281,30.258193969726562,55.466766357421875,56.96096420288086,111.5199966430664,23.63913917541504,20.738582611083984
2010-01-20,84.78588104248047,39.77162551879883,34.2215576171875,29.53002166748047,56.02862548828125,56.923179626464844,108.94000244140625,23.374177932739258,20.349681854248047
2010-01-21,83.15550231933594,39.39919662475586,33.490074157714844,28.639236450195312,56.28517150878906,57.074256896972656,107.37000274658203,22.703964233398438,20.096052169799805
2010-01-22,81.30184173583984,38.24725341796875,32.83781814575195,28.00296974182129,56.18742752075195,56.98794937133789,107.16999816894531,22.13247299194336,19.884693145751953
2010-01-25,81.71873474121094,38.377166748046875,33.240150451660156,28.20798683166504,55.9308967590332,56.982540130615234,107.4800033569336,22.288331985473633,19.977689743041992
2010-01-26,81.37625885009766,38.41182327270508,33.05117416381836,27.62120246887207,55.949249267578125,56.83143997192383,107.55999755859375,22.08051300048828,19.757875442504883
2010-01-27,81.76339721679688,38.714969635009766,33.01459884643555,27.550500869750977,55.918724060058594,56.626373291015625,106.52999877929688,22.277938842773438,19.47043228149414
2010-01-28,80.82537841796875,37.71894073486328,32.45988082885742,27.359630584716797,55.88814163208008,56.545433044433594,106.4800033569336,22.085712432861328,19.402793884277344
2010-01-29,79.94692993164062,37.060707092285156,31.990516662597656,27.062705993652344,56.37672805786133,56.90699005126953,105.95999908447266,21.96102523803711,19.182981491088867
2010-02-01,81.19017791748047,37.4677619934082,32.575706481933594,27.79088592529297,55.864959716796875,56.653377532958984,108.3499984741211,22.361072540283203,19.64797019958496
2010-02-02,82.17281341552734,37.80554962158203,33.11823654174805,28.017107009887695,56.02433776855469,56.83221435546875,109.12999725341797,22.667600631713867,20.070688247680664
2010-02-03,81.76339721679688,38.01341247558594,32.7707633972168,27.854509353637695,55.37466812133789,56.772579193115234,108.69999694824219,22.298730850219727,19.825511932373047
2010-02-04,79.23970031738281,36.913475036621094,31.4357967376709,26.596101760864258,56.25105285644531,56.76714324951172,104.37000274658203,21.472654342651367,19.16606903076172
2010-02-05,79.40343475341797,37.22526550292969,31.380937576293945,26.299182891845703,56.37370681762695,56.593772888183594,104.68000030517578,21.867507934570312,18.92089080810547
2010-02-08,78.83023834228516,36.95676803588867,30.759174346923828,26.03759765625,56.44719696044922,56.647926330566406,104.04000091552734,21.389528274536133,18.929346084594727
2010-02-09,79.82036590576172,37.33784484863281,31.7283935546875,26.885957717895508,55.88339614868164,56.51784896850586,105.41000366210938,21.321985244750977,19.26752471923828
2010-02-10,79.66401672363281,37.2598876953125,31.527238845825195,26.815261840820312,55.35018539428711,56.07882308959961,105.12000274658203,21.363548278808594,19.343610763549805
2010-02-11,80.49781799316406,37.82285690307617,31.81983184814453,27.522220611572266,55.049800872802734,56.208961486816406,107.12999725341797,21.566164016723633,19.571880340576172
2010-02-12,80.43079376220703,37.90081024169922,31.545515060424805,27.175809860229492,55.276611328125,56.273963928222656,107.04000091552734,21.820741653442383,19.46197509765625
2010-02-16,81.69640350341797,38.385833740234375,32.24652862548828,27.875713348388672,55.38077926635742,56.49616241455078,109.62000274658203,22.438993453979492,20.05377769470215
2010-02-17,82.08350372314453,38.60237503051758,32.289207458496094,27.974695205688477,54.74950408935547,56.30650329589844,109.25,22.641632080078125,19.95232582092285
2010-02-18,82.56741333007812,38.84486770629883,32.47207260131836,28.080726623535156,54.5289192199707,56.2685546875,109.9800033569336,22.979320526123047,20.12986946105957
2010-02-19,82.7386245727539,38.82754898071289,32.27091979980469,27.840364456176758,54.82307434082031,56.46903991699219,109.47000122070312,22.994909286499023,20.248231887817383
2010-02-22,82.75350189208984,38.74959945678711,32.33188247680664,27.875713348388672,54.5963134765625,56.50156784057617,109.06999969482422,23.05205535888672,20.138320922851562
2010-02-23,81.74849700927734,38.24725341796875,31.87469482421875,27.232372283935547,55.448238372802734,56.63709259033203,107.88999938964844,22.875410079956055,19.80860137939453
2010-02-24,82.5003890991211,38.636993408203125,32.07585525512695,27.493946075439453,55.583065032958984,56.880950927734375,107.36000061035156,23.109201431274414,19.969236373901367
2010-02-25,82.38873291015625,38.62834930419922,31.880788803100586,27.267723083496094,55.895606994628906,56.82139205932617,108.30999755859375,23.197534561157227,19.631059646606445
2010-02-26,82.44083404541016,38.76693344116211,32.07585525512695,27.543432235717773,56.18367004394531,57.19528579711914,109.43000030517578,23.1871337890625,19.977689743041992
2010-03-01,83.29695892333984,39.329891204833984,32.32577896118164,28.010034561157227,56.159061431884766,57.268795013427734,109.43000030517578,23.38456153869629,19.774782180786133
2010-03-02,83.5277328491211,39.451141357421875,32.56961441040039,28.32817268371582,56.085304260253906,57.38857650756836,111.0199966430664,23.394954681396484,19.98614501953125
2010-03-03,83.6021957397461,39.49446105957031,32.95973587036133,28.363515853881836,55.94388198852539,57.50831604003906,111.62999725341797,23.332611083984375,20.18059539794922
2010-03-04,83.85531616210938,39.62438201904297,32.87439727783203,28.215065002441406,56.239036560058594,57.53546905517578,110.83000183105469,23.47808074951172,20.0030517578125
2010-03-05,85.05387115478516,40.22196578979492,33.51444625854492,28.95030975341797,55.501220703125,57.46473693847656,110.80999755859375,24.117116928100586,20.239774703979492
2010-03-08,85.0687255859375,40.2999382019043,33.51444625854492,28.971511840820312,55.21226119995117,57.55727005004883,109.87999725341797,24.36130714416504,20.214414596557617
2010-03-09,85.210205078125,40.52512741088867,33.43519973754883,29.13411521911621,55.22453689575195,57.50282669067383,109.72000122070312,24.418455123901367,19.994596481323242
2010-03-10,85.58990478515625,40.854251861572266,33.575416564941406,29.339136123657227,55.0831413269043,57.55727005004883,108.47000122070312,24.636659622192383,20.05377769470215
2010-03-11,85.94718170166016,41.01014709472656,33.70342254638672,29.346202850341797,55.28603744506836,57.53546905517578,108.5999984741211,24.782133102416992,20.0030517578125
2010-03-12,85.95465850830078,41.01881790161133,33.928958892822266,29.24722671508789,55.63033676147461,57.65524673461914,107.94999694824219,24.97956085205078,19.884693145751953
2010-03-15,85.97701263427734,40.91487121582031,33.69123840332031,29.035140991210938,55.556575775146484,57.64434051513672,108.36000061035156,24.92241668701172,19.64797019958496
2010-03-16,86.66191864013672,41.17470169067383,34.11793899536133,29.409820556640625,55.99921798706055,57.91104507446289,110.4000015258789,25.525081634521484,19.910051345825195
2010-03-17,87.17556762695312,41.28729248046875,34.30080032348633,29.727968215942383,56.239036560058594,58.123329162597656,109.58999633789062,25.904342651367188,20.087594985961914
2010-03-18,87.13089752197266,41.42589569091797,34.09963607788086,29.501731872558594,56.054595947265625,58.00905227661133,110.33999633789062,25.764053344726562,20.045324325561523
2010-03-19,86.68988037109375,41.1753044128418,33.7521858215332,29.119966506958008,56.1098747253418,57.96549606323242,108.27999877929688,25.4835147857666,19.80014991760254
2010-03-22,87.15330505371094,41.548133850097656,33.84971237182617,29.226016998291016,56.171409606933594,58.0579719543457,107.75,25.805627822875977,19.80014991760254
2010-03-23,87.76628112792969,41.83426284790039,34.08744812011719,29.431039810180664,55.90702819824219,58.01991271972656,108.31999969482422,25.732900619506836,19.71560287475586
2010-03-24,87.34017944335938,41.63483810424805,33.52664566040039,28.992719650268555,54.88638687133789,57.58992004394531,106.30000305175781,25.873165130615234,19.495790481567383
2010-03-25,87.19818878173828,41.57414245605469,33.508358001708984,28.914953231811523,54.535911560058594,57.38307571411133,106.77999877929688,25.93651008605957,19.38588523864746
2010-03-26,87.14585876464844,41.617496490478516,33.83753967285156,29.05634307861328,54.68960952758789,57.55727005004883,108.58999633789062,25.800413131713867,19.41970443725586
2010-03-29,87.69902038574219,41.8169059753418,34.12403106689453,29.579505920410156,54.48057174682617,57.50831604003906,108.75,25.878921508789062,19.85932731628418
2010-03-30,87.75883483886719,41.95564651489258,34.12403106689453,29.6926212310791,54.652732849121094,57.54098129272461,107.97000122070312,25.842287063598633,19.901599884033203
2010-03-31,87.45979309082031,41.7562255859375,34.12403106689453,29.77745246887207,55.02780532836914,57.56816864013672,108.94999694824219,25.54916000366211,19.884693145751953
2010-04-01,88.05780029296875,41.7562255859375,34.72751235961914,30.555118560791016,54.89323806762695,57.69331741333008,110.26000213623047,25.68001365661621,20.273591995239258
2010-04-05,88.77545928955078,42.146385192871094,34.76408004760742,30.830842971801758,53.97993087768555,57.16305160522461,110.88999938964844,26.245344161987305,20.594860076904297
2010-04-06,88.98474884033203,42.26778030395508,34.66655731201172,30.922740936279297,54.06629180908203,57.29972457885742,111.02999877929688,26.847286224365234,20.577951431274414
2010-04-07,88.47640991210938,42.163726806640625,34.42271423339844,30.654098510742188,54.75747299194336,57.5894775390625,112.48999786376953,26.255807876586914,20.501861572265625
2010-04-08,88.78292846679688,42.259098052978516,34.386146545410156,30.760147094726562,54.78213882446289,57.48012924194336,112.6500015258789,26.28721809387207,20.468040466308594
2010-04-09,89.365966796875,42.51052474975586,34.83723068237305,30.951017379760742,54.911720275878906,57.518402099609375,113.63999938964844,26.65886688232422,20.510316848754883
2010-04-12,89.50802612304688,42.54519271850586,34.946956634521484,30.70357894897461,55.20183181762695,57.68241500854492,113.01000213623047,26.491352081298828,20.493408203125
2010-04-13,89.57528686523438,42.761962890625,34.916473388671875,30.639957427978516,55.38079833984375,57.89018630981445,112.69000244140625,27.14042091369629,20.569496154785156
2010-04-14,90.59191131591797,43.273529052734375,35.37975311279297,31.092411041259766,54.99201202392578,57.84098434448242,113.02999877929688,27.18230438232422,20.80622100830078
2010-04-15,90.66665649414062,43.46426773071289,35.355369567871094,30.922740936279297,55.05373764038086,57.93940353393555,113.6500015258789,26.439008712768555,20.882307052612305
2010-04-16,89.22396850585938,42.94404220581055,34.57509994506836,30.017818450927734,55.4548454284668,58.076045989990234,111.23999786376953,25.83182144165039,20.501861572265625
2010-04-19,89.56034088134766,42.918025970458984,34.483680725097656,29.89764404296875,55.31910705566406,57.92842102050781,111.1500015258789,25.946977615356445,20.239774703979492
2010-04-20,90.36018371582031,43.13479232788086,34.6970329284668,30.25111961364746,55.51652908325195,58.05419158935547,111.45999908447266,26.38666343688965,20.400409698486328
2010-04-21,90.19573211669922,43.377567291259766,34.47148513793945,30.152149200439453,55.973270416259766,58.25646209716797,112.30999755859375,26.847286224365234,20.501861572265625
2010-04-22,90.46483612060547,43.620323181152344,34.16059875488281,30.27939796447754,55.80662155151367,58.1252326965332,111.83999633789062,27.260805130004883,20.55258560180664
2010-04-23,91.05537414550781,43.80241012573242,34.4166259765625,30.442007064819336,55.60911560058594,58.11429214477539,113.19000244140625,27.621990203857422,20.68785858154297
2010-04-26,90.71149444580078,43.707027435302734,34.45319366455078,30.442007064819336,55.670867919921875,58.14162826538086,112.75,27.84183692932129,20.58640480041504
2010-04-27,88.56612396240234,42.779319763183594,33.06947326660156,29.353273391723633,56.454593658447266,58.1799201965332,114.62999725341797,26.951984405517578,20.273591995239258
2010-04-28,89.23889923095703,42.80531311035156,33.0755615234375,29.6007137298584,55.973270416259766,58.27834701538086,114.30999755859375,27.035736083984375,20.341228485107422
2010-04-29,90.34525299072266,43.55096435546875,33.58760070800781,30.088523864746094,56.20772171020508,58.42593002319336,114.27999877929688,28.255359649658203,20.501861572265625
2010-04-30,88.8128433227539,42.692596435546875,33.166996002197266,29.727968215942383,56.855709075927734,58.666500091552734,115.36000061035156,27.3759765625,20.662494659423828
2010-05-03,89.96397399902344,43.290870666503906,33.404727935791016,29.890573501586914,56.78136444091797,58.6840705871582,115.7300033569336,28.28675651550293,20.763946533203125
2010-05-04,87.8485336303711,41.99031066894531,32.08195495605469,28.519052505493164,57.80319595336914,58.75534439086914,114.87000274658203,27.642925262451172,20.205957412719727
2010-05-05,87.32526397705078,41.7735595703125,31.46628189086914,28.00296974182129,58.14377212524414,58.50288391113281,115.08999633789062,27.271278381347656,19.74942398071289
2010-05-06,84.42485809326172,40.377647399902344,30.064252853393555,26.857681274414062,59.93973922729492,57.5366096496582,118.48999786376953,26.151105880737305,19.360523223876953
2010-05-07,83.1690673828125,39.37186050415039,29.997203826904297,26.999067306518555,59.190364837646484,57.723270416259766,118.2699966430664,25.71143341064453,19.25906753540039
2010-05-10,86.8318862915039,41.4180793762207,31.941741943359375,28.943241119384766,57.9642219543457,58.08565902709961,117.56999969482422,27.407373428344727,19.631059646606445
2010-05-11,86.5851821899414,41.37472152709961,31.423608779907227,28.42007064819336,57.815574645996094,58.14601135253906,120.66000366210938,27.569643020629883,19.597244262695312
2010-05-12,87.79621887207031,42.15506362915039,31.77716636657715,28.773557662963867,57.37592697143555,58.12403106689453,121.4000015258789,28.014568328857422,19.757875442504883
2010-05-13,86.70482635498047,41.487430572509766,31.362642288208008,28.504913330078125,57.7536506652832,58.294281005859375,120.55999755859375,27.55918312072754,19.588790893554688
2010-05-14,85.1350326538086,40.68977355957031,30.472667694091797,27.918136596679688,58.75687026977539,58.277767181396484,120.37000274658203,26.685033798217773,19.089982986450195
2010-05-17,85.17989349365234,40.81984329223633,30.515335083007812,27.748458862304688,58.5401496887207,58.37659454345703,119.36000061035156,26.721662521362305,18.54890251159668
2010-05-18,84.0212173461914,40.25624465942383,29.857006072998047,27.168746948242188,59.43811798095703,58.563232421875,119.48999786376953,26.046417236328125,18.52353858947754
2010-05-19,83.54283142089844,39.93544387817383,29.972816467285156,26.907169342041016,59.63627243041992,58.59621047973633,116.62999725341797,25.805644989013672,18.354450225830078
2010-05-20,80.38827514648438,38.452823638916016,28.930444717407227,25.57099723815918,60.89339065551758,58.464439392089844,115.83999633789062,24.48134422302246,17.9740047454834
2010-05-21,81.5618896484375,38.877685546875,29.637550354003906,26.39815330505371,60.95532989501953,58.365638732910156,115.22000122070312,25.30313491821289,18.15999984741211
2010-05-24,80.5153579711914,38.72160720825195,28.954830169677734,26.122438430786133,60.74474334716797,58.519290924072266,116.83999633789062,24.737829208374023,18.143089294433594
2010-05-25,80.5975570678711,38.756290435791016,28.845104217529297,25.839651107788086,61.042015075683594,58.23937225341797,117.36000061035156,24.936731338500977,17.999366760253906
2010-05-26,80.1116943359375,38.32278060913086,28.41840362548828,25.825511932373047,60.86862564086914,58.277767181396484,118.47000122070312,24.884397506713867,18.193817138671875
2010-05-27,82.79528045654297,39.770713806152344,30.03377914428711,27.387910842895508,59.48762130737305,57.97582244873047,118.69000244140625,26.250574111938477,18.7264461517334
2010-05-28,81.7562255859375,39.5366096496582,29.454683303833008,26.935440063476562,59.76006317138672,57.89891815185547,118.87999725341797,25.91556739807129,18.565807342529297
2010-06-01,80.38080596923828,39.17246627807617,29.162084579467773,26.440570831298828,60.180137634277344,57.851009368896484,119.91000366210938,25.37643051147461,18.219179153442383
2010-06-02,82.47383880615234,40.100189208984375,29.942340850830078,27.36668586730957,59.608543395996094,58.05498504638672,119.77999877929688,25.873689651489258,18.438995361328125
2010-06-03,82.75788879394531,40.481685638427734,29.850906372070312,27.267723083496094,59.17353820800781,57.8675537109375,117.95999908447266,25.800413131713867,18.540447235107422
2010-06-04,79.85005187988281,39.09443283081055,28.576894760131836,26.299182891845703,60.76422119140625,58.220394134521484,119.19000244140625,24.340002059936523,17.965551376342773
2010-06-07,78.85588836669922,38.38346862792969,28.217241287231445,25.889135360717773,61.23026657104492,58.462921142578125,121.48999786376953,24.209150314331055,17.999366760253906
2010-06-08,79.7005386352539,38.31410217285156,28.66832733154297,26.482990264892578,60.92581558227539,58.462921142578125,121.0,24.643611907958984,18.143089294433594
2010-06-09,79.27446746826172,37.9932975769043,28.5647029876709,26.341594696044922,60.85747146606445,58.485008239746094,120.55999755859375,24.790176391601562,18.227632522583008
2010-06-10,81.59176635742188,39.07707977294922,29.771657943725586,27.260652542114258,59.770042419433594,58.242454528808594,118.97000122070312,25.863235473632812,18.531993865966797
2010-06-11,81.98797607421875,39.44990539550781,29.8143253326416,27.40204620361328,60.528160095214844,58.457489013671875,120.01000213623047,26.172056198120117,18.557355880737305
2010-06-14,81.86090087890625,39.44123840332031,30.00330924987793,27.40911293029785,60.217437744140625,58.3471794128418,119.5999984741211,26.49658966064453,18.608081817626953
2010-06-15,83.72222137451172,40.4990234375,30.954225540161133,28.23626136779785,59.96888732910156,58.275508880615234,120.98999786376953,27.08808135986328,18.92089080810547
2010-06-16,83.69230651855469,40.66376495361328,30.807931900024414,28.23626136779785,60.31065368652344,58.3361701965332,120.33000183105469,26.842058181762695,18.963165283203125
2010-06-17,83.82685089111328,40.7938117980957,30.905467987060547,28.09486961364746,60.80154037475586,58.722103118896484,121.9000015258789,26.899639129638672,18.97161865234375
2010-06-18,83.917724609375,40.82769012451172,30.850614547729492,28.22213363647461,60.70210266113281,58.716556549072266,122.83000183105469,26.81589698791504,18.937801361083984
2010-06-21,83.67742156982422,40.480228424072266,30.844520568847656,28.709941864013672,60.528160095214844,58.865455627441406,120.38999938964844,26.606508255004883,18.861713409423828
2010-06-22,82.2954330444336,40.167510986328125,30.454376220703125,28.158498764038086,61.24890899658203,59.152099609375,121.44999694824219,25.816116333007812,18.819442749023438
2010-06-23,82.04005432128906,40.00244140625,30.658432006835938,28.23109245300293,61.66527557373047,59.400238037109375,120.94999694824219,25.884170532226562,18.50662612915039
2010-06-24,80.68060302734375,39.39435958862305,30.125038146972656,27.732927322387695,61.29864501953125,59.163185119628906,121.30000305175781,25.336223602294922,18.54890251159668
2010-06-25,81.01856994628906,39.4022216796875,30.29871368408203,28.060285568237305,61.54719161987305,59.26239776611328,122.76000213623047,25.975563049316406,18.887075424194336
2010-06-28,80.76325225830078,39.26295852661133,30.075410842895508,27.868148803710938,62.125083923339844,59.58769607543945,121.08999633789062,25.66911506652832,18.68416976928711
2010-06-29,78.26964569091797,37.74848175048828,29.04581642150879,26.73662567138672,62.8023567199707,59.56013870239258,121.2699966430664,24.828969955444336,18.168455123901367
2010-06-30,77.52609252929688,37.174034118652344,28.847335815429688,26.5587100982666,63.22491455078125,59.79718780517578,121.68000030517578,24.56477165222168,18.236087799072266
2010-07-01,77.18061065673828,37.069576263427734,29.26909828186035,26.750858306884766,63.32463836669922,59.86366271972656,117.04000091552734,24.48023796081543,17.957094192504883
2010-07-02,76.76000213623047,36.96514892578125,29.207082748413086,26.864728927612305,62.81978225708008,59.69202423095703,118.48999786376953,24.009973526000977,17.923280715942383
2010-07-06,77.2632064819336,37.078277587890625,29.790103912353516,27.362878799438477,63.33707046508789,59.94111633300781,116.51000213623047,23.476293563842773,17.9740047454834
2010-07-07,79.69670867919922,38.26201248168945,30.720462799072266,27.9677791595459,62.595375061035156,59.9798698425293,117.7300033569336,24.617616653442383,18.37981414794922
2010-07-08,80.48534393310547,38.47090530395508,31.018184661865234,28.102996826171875,62.19656753540039,59.830387115478516,117.20999908447266,24.92407989501953,18.54890251159668
2010-07-09,81.08618927001953,38.836456298828125,31.049190521240234,28.4445858001709,61.84128952026367,59.75840377807617,118.36000061035156,25.24112319946289,18.582719802856445
2010-07-12,81.13876342773438,38.94960403442383,30.931350708007812,28.216854095458984,61.81629180908203,59.830387115478516,117.33999633789062,25.320377349853516,18.37135887145996
2010-07-13,82.36300659179688,39.454444885253906,31.501970291137695,28.544212341308594,61.286529541015625,59.86366271972656,118.36000061035156,25.943870544433594,18.667264938354492
2010-07-14,82.35552978515625,39.65463638305664,31.613615036010742,28.487274169921875,61.9035530090332,60.12938690185547,118.30000305175781,25.790637969970703,18.633445739746094
2010-07-15,82.37804412841797,39.689449310302734,31.768657684326172,28.352066040039062,62.5206413269043,60.23452377319336,118.2300033569336,25.706100463867188,18.81098747253418
2010-07-16,80.10977935791016,38.592750549316406,30.75147819519043,27.50520896911621,62.82598876953125,60.33967971801758,116.66999816894531,24.87124252319336,18.574262619018555
2010-07-19,80.58296203613281,38.923492431640625,30.9499568939209,27.868148803710938,62.4395866394043,60.328617095947266,115.7300033569336,25.17770767211914,18.557355880737305
2010-07-20,81.47674560546875,39.39350509643555,31.160837173461914,28.522857666015625,62.53306198120117,60.39504623413086,116.6500015258789,25.64798355102539,18.709535598754883
2010-07-21,80.4177017211914,38.853851318359375,30.596412658691406,28.23109245300293,63.592620849609375,60.688411712646484,115.8499984741211,25.114294052124023,18.6588077545166
2010-07-22,82.21279907226562,39.83741760253906,31.62602424621582,29.085063934326172,62.857139587402344,60.61092758178711,116.86000061035156,26.054832458496094,19.030799865722656
2010-07-23,82.92631530761719,40.089820861816406,31.99816131591797,29.284324645996094,62.19025421142578,60.688411712646484,116.08999633789062,26.38772201538086,18.97161865234375
2010-07-26,83.79004669189453,40.42054748535156,32.2214469909668,29.483591079711914,62.084354400634766,60.74385070800781,115.5199966430664,27.0482120513916,18.9547119140625
2010-07-27,83.78255462646484,40.403141021728516,32.31447982788086,29.43376922607422,61.485984802246094,60.538944244384766,113.51000213623047,27.042926788330078,18.75180435180664
2010-07-28,83.24179077148438,40.08109664916992,32.147010803222656,29.270099639892578,61.68540573120117,60.75486373901367,113.77999877929688,26.990079879760742,18.827896118164062
2010-07-29,82.8362045288086,39.785186767578125,32.295875549316406,29.319910049438477,61.666748046875,60.777008056640625,114.29000091552734,26.76288604736328,19.09843635559082
2010-07-30,82.82117462158203,39.87221908569336,32.196651458740234,29.462234497070312,62.62653732299805,61.05931854248047,115.48999786376953,26.9213924407959,19.352067947387695
2010-08-02,84.69137573242188,40.62074279785156,33.28205871582031,30.223709106445312,61.747398376464844,60.9298095703125,115.54000091552734,27.824932098388672,19.724056243896484
2010-08-03,84.28577423095703,40.44666290283203,33.23244094848633,30.081371307373047,62.10377502441406,61.079917907714844,115.98999786376953,27.555452346801758,19.79169273376465
2010-08-04,84.84907531738281,40.855751037597656,33.26344680786133,30.124073028564453,61.628631591796875,60.89091110229492,116.72000122070312,27.750965118408203,19.960779190063477
2010-08-05,84.75896453857422,40.76001739501953,33.238643646240234,29.988859176635742,61.91621780395508,61.0020637512207,116.9800033569336,27.402223587036133,19.867782592773438
2010-08-06,84.4134750366211,40.69908142089844,33.3378791809082,29.94615936279297,62.591529846191406,61.35223388671875,117.83999633789062,27.275405883789062,19.690242767333984
2010-08-09,84.86410522460938,40.97761535644531,33.37509536743164,30.10272789001465,62.36016845703125,61.55232238769531,117.4000015258789,27.587156295776367,19.757875442504883
2010-08-10,84.40593719482422,40.62074279785156,33.10839080810547,29.68996810913086,62.49150466918945,61.47453689575195,117.7300033569336,27.317686080932617,19.546518325805664
2010-08-11,82.0926284790039,39.51536560058594,31.601207733154297,28.743471145629883,63.32939529418945,61.468994140625,117.33999633789062,26.636056900024414,19.106889724731445
2010-08-12,81.58943176269531,39.2020263671875,31.56398582458496,28.793296813964844,63.17307662963867,61.25218963623047,118.7699966430664,26.303171157836914,18.963165283203125
2010-08-13,81.34905242919922,38.923492431640625,31.452354431152344,28.949853897094727,63.96098709106445,61.49116897583008,118.73999786376953,26.303171157836914,18.946258544921875
2010-08-16,81.3115234375,38.993141174316406,31.706649780273438,29.22028350830078,65.56169891357422,62.169219970703125,119.7300033569336,26.28204917907715,18.887075424194336
2010-08-17,82.31047058105469,39.4892463684082,32.0601806640625,29.526290893554688,65.1865005493164,62.069175720214844,119.75,26.884403228759766,19.157615661621094
2010-08-18,82.46067810058594,39.64591598510742,32.04777908325195,29.504934310913086,65.36157989501953,62.124778747558594,120.22000122070312,26.91083335876465,19.081527709960938
2010-08-19,81.02611541748047,39.04536056518555,31.53297996520996,29.277212142944336,66.38079833984375,62.191444396972656,120.38999938964844,26.223918914794922,18.887075424194336
2010-08-20,80.76325225830078,39.09759521484375,31.204248428344727,29.191810607910156,66.30574798583984,62.302608489990234,119.97000122070312,26.13937759399414,18.76871681213379
2010-08-23,80.45526885986328,38.71460723876953,31.14222526550293,28.928508758544922,66.31829833984375,62.43599319458008,119.77999877929688,26.00199317932129,18.64189910888672
2010-08-24,79.26109313964844,37.99220275878906,30.71426010131836,28.558446884155273,67.38133239746094,62.58052062988281,120.36000061035156,25.896316528320312,18.4305419921875
2010-08-25,79.56900024414062,38.35774612426758,30.745277404785156,28.37342071533203,67.16242980957031,62.69720458984375,121.36000061035156,26.308460235595703,18.52353858947754
2010-08-26,79.03578186035156,37.89645767211914,30.732860565185547,28.19550132751465,67.7939682006836,62.752777099609375,120.95999908447266,26.149946212768555,18.734895706176758
2010-08-27,80.260009765625,38.35774612426758,31.334503173828125,28.81464385986328,65.87428283691406,62.18587112426758,121.01000213623047,26.583227157592773,19.05616569519043
2010-08-30,79.09586334228516,37.95738220214844,30.881729125976562,28.337839126586914,67.1374282836914,62.59162139892578,120.91000366210938,26.377159118652344,19.02234649658203
2010-08-31,79.09586334228516,37.82680130004883,30.974767684936523,28.50863265991211,67.88148498535156,62.80282974243164,122.08000183105469,26.577938079833984,18.76871681213379
2010-09-01,81.46172332763672,38.95828628540039,32.078792572021484,29.51205062866211,66.47796630859375,62.33084487915039,121.69000244140625,27.444488525390625,19.140708923339844
2010-09-02,82.22028350830078,39.39350509643555,32.25865173339844,29.561874389648438,65.7754898071289,62.252769470214844,122.29000091552734,27.79323959350586,19.275978088378906
2010-09-03,83.28684997558594,40.046302795410156,32.55636978149414,29.91057586669922,64.96024322509766,61.7841682434082,121.86000061035156,28.200082778930664,19.377431869506836
2010-09-07,82.34799194335938,39.77648162841797,32.103599548339844,29.47647476196289,66.28978729248047,62.24159240722656,122.69999694824219,27.766807556152344,19.478883743286133
2010-09-08,82.92631530761719,40.25519561767578,32.35170364379883,29.796710968017578,65.76300048828125,62.118831634521484,122.70999908447266,27.824932098388672,19.521156311035156
2010-09-09,83.30937194824219,40.41185760498047,32.65560531616211,29.967519760131836,64.46478271484375,61.79536437988281,121.55999755859375,27.50261688232422,19.4112491607666
2010-09-10,83.72996520996094,40.55982208251953,32.754852294921875,30.07426643371582,64.17001342773438,61.8399543762207,121.7300033569336,27.65056610107422,19.614152908325195
2010-09-13,84.66133117675781,41.12556838989258,33.35027313232422,30.793018341064453,64.48358154296875,61.92359924316406,121.62000274658203,28.104982376098633,19.757875442504883
2010-09-14,84.6087417602539,41.29966354370117,33.573570251464844,30.77878761291504,65.10441589355469,62.21371841430664,124.0199966430664,27.99930191040039,19.81705665588379
2010-09-15,84.93170928955078,41.560768127441406,33.58598327636719,30.821487426757812,64.138671875,62.11327362060547,123.94000244140625,28.242359161376953,19.783239364624023
2010-09-16,84.90917205810547,41.72611999511719,33.424713134765625,30.664918899536133,63.505226135253906,61.91804885864258,124.62999725341797,28.094411849975586,19.681785583496094
2010-09-17,84.94086456298828,41.867469787597656,33.26344680786133,30.615102767944336,63.76234436035156,62.118831634521484,124.54000091552734,28.1789493560791,19.74942398071289
2010-09-20,86.23965454101562,42.60030746459961,33.84027099609375,31.099029541015625,64.13239288330078,62.19697189331055,124.87000274658203,28.86585235595703,19.910051345825195
2010-09-21,86.06600189208984,42.59156799316406,33.834068298339844,31.00650978088379,65.02295684814453,62.6711311340332,126.01000213623047,28.443145751953125,19.69869613647461
2010-09-22,85.64313507080078,42.47815704345703,33.78445053100586,31.027868270874023,65.60619354248047,62.632118225097656,126.19999694824219,28.057422637939453,19.81705665588379
2010-09-23,84.94842529296875,42.46070098876953,33.41850280761719,30.82859992980957,65.79431915283203,62.676727294921875,126.30000305175781,27.365236282348633,19.833965301513672
2010-09-24,86.70025634765625,43.32440948486328,34.348880767822266,31.39792251586914,64.91010284423828,62.537269592285156,126.69000244140625,28.139360427856445,20.138320922851562
2010-09-27,86.284912109375,43.0888557434082,34.175201416015625,31.340999603271484,66.03895568847656,62.86085891723633,126.72000122070312,27.79281997680664,20.0030517578125
2010-09-28,86.58697509765625,43.07143020629883,34.37367248535156,31.56871795654297,66.49048614501953,62.97240447998047,127.8499984741211,27.904783248901367,20.0030517578125
2010-09-29,86.43598937988281,43.00160217285156,34.31786346435547,31.67546272277832,66.21456909179688,62.91101837158203,127.94999694824219,27.68619155883789,20.265138626098633
2010-09-30,86.17923736572266,42.80968475341797,34.06355285644531,31.860492706298828,66.17064666748047,63.08953094482422,127.91000366210938,27.76616096496582,20.383499145507812
2010-10-01,86.54168701171875,42.75732421875,34.40468978881836,32.33018112182617,65.85084533691406,62.78377914428711,128.91000366210938,27.904783248901367,20.425771713256836
2010-10-04,85.89229583740234,42.29494857788086,33.90849685668945,32.23055648803711,66.02078247070312,62.88461685180664,128.4600067138672,28.160688400268555,20.358137130737305
2010-10-05,87.62149047851562,43.32440948486328,34.869869232177734,32.81410598754883,65.62422180175781,63.01336669921875,130.99000549316406,28.60853385925293,20.772401809692383
2010-10-06,87.61393737792969,42.94926452636719,35.161380767822266,32.79987716674805,66.44888305664062,63.42224884033203,131.80999755859375,28.453916549682617,20.78085708618164
2010-10-07,87.50821685791016,43.10630416870117,35.04353713989258,32.50809097290039,65.89495849609375,63.40540313720703,130.3699951171875,28.53389549255371,20.569496154785156
2010-10-08,87.9990234375,43.4029426574707,35.27302551269531,32.899505615234375,65.6053695678711,63.34376525878906,131.66000366210938,28.613868713378906,21.254301071166992
2010-10-11,88.08208465576172,43.420379638671875,35.22959899902344,32.878150939941406,65.61791229248047,63.399803161621094,132.2899932861328,28.60853385925293,21.152849197387695
2010-10-12,88.35389709472656,43.71698760986328,35.155174255371094,32.74292755126953,64.96955108642578,63.304603576660156,131.9600067138672,28.811124801635742,21.254301071166992
2010-10-13,89.04106140136719,44.074703216552734,35.552127838134766,33.34783935546875,64.86881256103516,63.27100372314453,134.07000732421875,29.109682083129883,21.35575294494629
2010-10-14,88.6937484741211,43.98744201660156,35.80022430419922,33.2909049987793,63.89944076538086,62.7613639831543,134.75,29.035045623779297,21.321937561035156
2010-10-15,88.87493133544922,44.92093276977539,35.68238067626953,33.248207092285156,63.11882400512695,62.363792419433594,133.67999267578125,28.997732162475586,21.085214614868164
2010-10-18,89.3128890991211,44.75517654418945,35.763004302978516,33.26243209838867,63.628726959228516,62.79499435424805,134.27999877929688,29.37091827392578,21.296571731567383
2010-10-19,88.1424789428711,44.3364143371582,34.97531509399414,32.209205627441406,64.0127944946289,62.800540924072266,130.11000061035156,29.008378982543945,20.670949935913086
2010-10-20,89.00330352783203,44.659210205078125,35.63276290893555,32.721580505371094,64.1512451171875,62.912593841552734,131.32000732421875,29.642820358276367,21.16130256652832
2010-10-21,89.1996078491211,44.7464599609375,35.44047927856445,32.721580505371094,63.38953399658203,62.74455642700195,129.47000122070312,29.610828399658203,20.89921760559082
2010-10-22,89.36573791503906,45.05178451538086,35.533531188964844,32.757164001464844,63.817604064941406,62.82302474975586,129.72999572753906,29.6268367767334,21.076759338378906
2010-10-25,89.63004302978516,45.269901275634766,35.669979095458984,33.11299133300781,64.0001220703125,63.0469856262207,130.85000610351562,29.680145263671875,21.18666648864746
2010-10-26,89.6451416015625,45.39203643798828,35.44047927856445,33.084537506103516,63.0118408203125,62.71098709106445,130.8800048828125,29.466886520385742,21.296571731567383
2010-10-27,89.38839721679688,45.53162384033203,35.0993537902832,32.52232360839844,62.45792007446289,62.54857635498047,129.52000427246094,29.25896644592285,21.228939056396484
2010-10-28,89.40345764160156,45.627601623535156,35.372257232666016,32.728702545166016,62.627864837646484,62.800540924072266,131.24000549316406,29.077688217163086,21.33884620666504
2010-10-29,89.47146606445312,45.522911071777344,35.3598518371582,32.82121658325195,63.21327209472656,62.92377471923828,132.6199951171875,29.08301544189453,21.28812026977539
2010-11-01,89.50164794921875,45.55781555175781,35.22959899902344,33.18415451049805,62.941123962402344,62.90241241455078,131.9199981689453,29.333606719970703,21.423389434814453
2010-11-02,90.21144104003906,46.046363830566406,35.81262969970703,33.5969123840332,63.768402099609375,63.19477462768555,132.49000549316406,29.536197662353516,21.617839813232422
2010-11-03,90.57392120361328,46.25572204589844,36.06072235107422,33.80329513549805,62.46750259399414,62.986759185791016,131.57000732421875,29.536197662353516,21.71929168701172
2010-11-04,92.31819152832031,46.82282257080078,36.87943649291992,34.57188034057617,62.953731536865234,63.58269500732422,136.02999877929688,30.2186279296875,22.235008239746094
2010-11-05,92.6655044555664,46.82282257080078,36.718177795410156,34.50782012939453,61.87388229370117,63.380332946777344,136.3800048828125,30.54383659362793,22.328006744384766
2010-11-08,92.49185180664062,46.883872985839844,36.494895935058594,34.36549377441406,62.15168380737305,63.414024353027344,137.77999877929688,30.378562927246094,22.38718605041504
2010-11-09,91.827392578125,46.63089370727539,36.12895584106445,33.931392669677734,60.78136444091797,62.94179916381836,135.58999633789062,29.147005081176758,22.235008239746094
2010-11-10,92.1973876953125,46.86643600463867,36.23440170288086,34.18046951293945,60.86349868774414,62.806854248046875,137.24000549316406,29.50954246520996,22.471731185913086
2010-11-11,91.85002899169922,46.569828033447266,35.92427062988281,33.84599685668945,60.831932067871094,62.5313835144043,137.66000366210938,29.27496337890625,22.285734176635742
2010-11-12,90.7626953125,45.81081008911133,35.626556396484375,33.02760696411133,60.50355529785156,62.09287643432617,133.69000244140625,29.00305938720703,21.35575294494629
2010-11-15,90.63431549072266,45.63633728027344,35.60175704956055,33.013362884521484,59.24053955078125,61.412654876708984,132.4199981689453,28.725830078125,21.389570236206055
2010-11-16,89.22229766845703,44.88604736328125,34.76443099975586,32.145164489746094,60.71192932128906,61.738746643066406,130.97000122070312,27.739498138427734,20.755489349365234
2010-11-17,89.267578125,45.01689910888672,34.956703186035156,32.308834075927734,60.37725830078125,61.738746643066406,130.3800048828125,27.95276641845703,20.594860076904297
2010-11-18,90.58143615722656,45.741031646728516,35.831241607666016,33.07741928100586,60.62353515625,61.78369903564453,132.08999633789062,28.203340530395508,21.152849197387695
2010-11-19,90.83061981201172,45.775901794433594,35.831241607666016,33.09877014160156,60.996116638183594,61.99732971191406,132.1999969482422,28.352619171142578,20.84848976135254
2010-11-22,90.7551498413086,46.15977478027344,35.44668960571289,32.99912643432617,61.2549934387207,62.34027099609375,133.47999572753906,28.427261352539062,20.916126251220703
2010-11-23,89.44124603271484,45.42692565917969,34.3798713684082,31.95301628112793,61.55811309814453,62.37396240234375,134.41000366210938,28.203340530395508,20.865400314331055
2010-11-24,90.7626953125,46.34297180175781,34.92568588256836,32.6931266784668,60.459312438964844,61.86239242553711,134.17999267578125,28.747150421142578,21.254301071166992
2010-11-26,89.70552825927734,46.037628173828125,34.34265899658203,31.8818416595459,61.29924011230469,61.94110870361328,133.11000061035156,28.68849754333496,21.35575294494629
2010-11-29,89.97740173339844,46.002742767333984,34.038753509521484,32.13092041015625,61.82338333129883,62.0029411315918,133.50999450683594,28.672508239746094,21.39802360534668
2010-11-30,89.47146606445312,45.44438171386719,33.654205322265625,31.86761474609375,62.14543914794922,61.90737533569336,135.4199981689453,28.544559478759766,21.19512176513672
2010-12-01,91.37432098388672,46.40406799316406,34.609375,32.77853012084961,60.76402282714844,61.76967239379883,135.3800048828125,28.709819793701172,21.820743560791016
2010-12-02,92.5447006225586,46.875144958496094,35.26682662963867,33.42611312866211,60.605560302734375,61.634220123291016,135.1999969482422,29.152332305908203,22.00674057006836
2010-12-03,92.79390716552734,46.99729919433594,35.607948303222656,33.547096252441406,60.130306243896484,61.459259033203125,138.07000732421875,29.147005081176758,22.285734176635742
2010-12-06,92.69574737548828,46.97985076904297,35.44668960571289,33.49016571044922,60.979515075683594,61.8881721496582,139.11000061035156,29.205650329589844,22.260374069213867
2010-12-07,92.74861145019531,47.00602722167969,35.46530532836914,33.3336067199707,59.6740837097168,61.31251907348633,136.5,29.269628524780273,22.108190536499023
2010-12-08,93.08837890625,47.180511474609375,35.57073974609375,33.1201171875,59.0974006652832,60.91749572753906,134.7899932861328,28.837779998779297,22.277280807495117
2010-12-09,93.4508285522461,47.22413635253906,35.66377258300781,33.00625228881836,59.38887023925781,61.06415557861328,135.3699951171875,28.58187484741211,22.218101501464844
2010-12-10,93.99449920654297,47.538211822509766,35.744407653808594,33.155696868896484,59.02773666381836,60.782020568847656,135.41000366210938,28.768470764160156,22.184282302856445
2010-12-13,94.05491638183594,47.37245559692383,36.12895584106445,33.36919021606445,59.249454498291016,61.00775909423828,136.0500030517578,28.81645393371582,22.404096603393555
2010-12-14,94.1379623413086,47.45968246459961,36.18477249145508,33.419002532958984,58.3877067565918,60.635284423828125,136.17999267578125,28.53389549255371,22.34491729736328
2010-12-15,93.70759582519531,47.250282287597656,35.70719909667969,32.878150939941406,57.62723159790039,60.25716781616211,134.6999969482422,28.261981964111328,22.285734176635742
2010-12-16,94.251220703125,47.61671447753906,35.90567398071289,32.97066116333008,58.02647018432617,60.5506591796875,133.80999755859375,28.30996322631836,22.20964813232422
2010-12-17,94.35218048095703,47.6586799621582,35.70719909667969,33.020484924316406,59.084747314453125,61.10368347167969,134.1999969482422,28.544559478759766,22.378732681274414
2010-12-20,94.57991027832031,47.69364929199219,35.78782272338867,32.87102508544922,59.02136993408203,61.06415557861328,135.11000061035156,28.88576316833496,22.58163833618164
2010-12-21,95.17958068847656,47.982112884521484,36.08708953857422,33.35085678100586,59.433284759521484,61.194026947021484,135.32000732421875,29.18965721130371,22.72536277770996
2010-12-22,95.47563171386719,47.973392486572266,36.15595626831055,33.46561050415039,59.008689880371094,61.1431884765625,135.0500030517578,29.4135799407959,22.84372329711914
2010-12-23,95.33898162841797,47.85098648071289,36.13717269897461,33.42974853515625,58.888301849365234,61.171470642089844,134.66000366210938,29.28030014038086,22.928268432617188
2010-12-27,95.3769302368164,47.87722396850586,36.062034606933594,33.32217025756836,59.41425704956055,61.28996658325195,135.02000427246094,29.644113540649414,22.88599395751953
2010-12-28,95.51356506347656,47.789817810058594,36.09334945678711,33.35085678100586,58.250667572021484,60.80156707763672,137.22000122070312,29.762676239013672,23.13117218017578
2010-12-29,95.5818862915039,47.89470291137695,36.40638732910156,33.7778205871582,59.236202239990234,61.260536193847656,137.7100067138672,29.82195472717285,23.139629364013672
2010-12-30,95.4300765991211,47.78104782104492,36.23108673095703,33.95005798339844,59.19172668457031,61.2888298034668,137.02999877929688,29.902814865112305,22.86063575744629
2010-12-31,95.45280456542969,47.606231689453125,36.450218200683594,34.18687438964844,59.84664535522461,61.4417610168457,138.72000122070312,29.843528747558594,23.291805267333984
2011-01-03,96.43962097167969,48.34925842285156,36.7507209777832,34.5169677734375,59.39515686035156,61.6797981262207,138.0,30.39868927001953,23.393260955810547
2011-01-04,96.3864974975586,48.31429672241211,36.638038635253906,34.67484664916992,59.46510696411133,61.759037017822266,134.75,29.816585540771484,23.0804443359375
2011-01-05,96.88748168945312,48.725135803222656,36.48150634765625,34.58872985839844,58.155296325683594,61.305824279785156,134.3699951171875,29.924381256103516,23.325624465942383
2011-01-06,96.69770812988281,48.882469177246094,36.062034606933594,34.222747802734375,58.409610748291016,61.39649963378906,133.8300018310547,29.644113540649414,23.0128116607666
2011-01-07,96.50792694091797,48.838775634765625,35.91804504394531,33.907005310058594,58.72117614746094,61.70805740356445,133.5800018310547,29.65488624572754,22.928268432617188
2011-01-10,96.3864974975586,49.0223388671875,35.855438232421875,33.55537796020508,59.03905487060547,61.81577682495117,134.1199951171875,29.64950942993164,23.198808670043945
2011-01-11,96.72806549072266,49.09228515625,36.099609375,33.91417694091797,58.70840835571289,61.78744888305664,134.91000366210938,29.58481788635254,23.460893630981445
2011-01-12,97.60099792480469,49.44195556640625,36.89473342895508,34.59589767456055,58.250667572021484,61.74776077270508,135.4600067138672,29.708782196044922,23.613073348999023
2011-01-13,97.44161224365234,49.45939636230469,36.994903564453125,34.294525146484375,58.772037506103516,62.014068603515625,134.0500030517578,29.805795669555664,23.579254150390625
2011-01-14,98.14754486083984,49.826560974121094,37.22028732299805,34.39496994018555,58.39690017700195,61.71942901611328,132.69000244140625,30.005207061767578,23.68916130065918
2011-01-18,98.31452941894531,49.96643829345703,37.46445083618164,34.34474182128906,58.12348937988281,61.68546676635742,133.42999267578125,30.263935089111328,23.663801193237305
2011-01-19,97.35051727294922,49.39822769165039,37.207767486572266,34.0792350769043,58.543113708496094,61.64008712768555,133.72000122070312,29.86509132385254,23.6384334564209
2011-01-20,97.22145080566406,49.048580169677734,36.88846969604492,33.706077575683594,57.73563766479492,61.37380599975586,131.1999969482422,29.8704891204834,23.40171241760254
2011-01-21,97.44161224365234,48.672698974609375,37.08881378173828,33.35444259643555,58.19343185424805,61.46449279785156,131.02999877929688,29.892026901245117,23.6384334564209
2011-01-24,97.9957275390625,49.345802307128906,37.483238220214844,33.612789154052734,58.21883773803711,61.4927978515625,130.36000061035156,30.042959213256836,23.435531616210938
2011-01-25,98.04887390136719,49.415714263916016,37.40811538696289,33.411865234375,58.772037506103516,61.79875183105469,130.10000610351562,30.393281936645508,23.139629364013672
2011-01-26,98.42838287353516,49.6779670715332,37.64602279663086,33.706077575683594,57.88182830810547,61.453147888183594,131.16000366210938,30.441808700561523,23.655345916748047
2011-01-27,98.67132568359375,49.98392105102539,37.733665466308594,33.59125518798828,58.14250946044922,61.55513381958008,127.93000030517578,30.921493530273438,23.45244026184082
2011-01-28,96.94820404052734,48.716407775878906,36.89473342895508,32.52919387817383,58.4477424621582,61.63444900512695,130.27999877929688,30.40945816040039,23.74834442138672
2011-01-31,97.67694091796875,48.95241928100586,37.21403121948242,32.873653411865234,58.00267028808594,61.46449279785156,129.8699951171875,30.813697814941406,24.12033462524414
2011-02-01,99.24057006835938,49.870269775390625,38.0967903137207,33.67019271850586,57.715450286865234,61.38311004638672,130.8000030517578,30.889158248901367,24.297874450683594
2011-02-02,99.05082702636719,49.79160690307617,38.06548309326172,33.419029235839844,57.7282600402832,61.2636604309082,130.4499969482422,30.889158248901367,24.53459930419922
2011-02-03,99.27093505859375,49.8790168762207,38.07175827026367,33.375980377197266,57.249717712402344,61.11579513549805,132.1999969482422,30.975385665893555,24.37396812438965
2011-02-04,99.55181121826172,50.15876388549805,38.05923080444336,33.36878967285156,56.66904067993164,60.92805099487305,131.66000366210938,30.7490177154541,24.238693237304688
2011-02-07,100.17423248291016,50.394771575927734,38.17818832397461,33.411865234375,56.96253204345703,60.996307373046875,131.67999267578125,31.050853729248047,24.17106056213379
2011-02-08,100.62970733642578,50.72694396972656,38.42862319946289,33.426204681396484,56.43931579589844,60.774478912353516,133.13999938964844,31.185590744018555,24.33169174194336
2011-02-09,100.40196990966797,50.63953399658203,38.315914154052734,32.65837860107422,56.93068313598633,61.16696548461914,133.07000732421875,31.207164764404297,24.450054168701172
2011-02-10,100.4399185180664,50.71819305419922,38.06548309326172,32.34980010986328,56.273399353027344,60.865482330322266,132.85000610351562,31.336505889892578,24.30632972717285
2011-02-11,101.03958129882812,51.085350036621094,38.08427047729492,32.744468688964844,57.08377456665039,61.20110321044922,132.32000732421875,31.541324615478516,24.221786499023438
2011-02-14,101.2824935913086,51.207733154296875,38.15940475463867,32.57942581176758,57.12209701538086,61.24089813232422,132.9499969482422,31.54671287536621,24.340147018432617
2011-02-15,100.96366882324219,51.1378059387207,38.04670715332031,32.64400863647461,57.37733459472656,61.377437591552734,133.97000122070312,31.428138732910156,24.0273380279541
2011-02-16,101.60130310058594,51.469974517822266,38.50374221801758,32.916709899902344,57.19227600097656,61.30350112915039,134.10000610351562,31.49821662902832,24.204875946044922
2011-02-17,101.9049072265625,51.4525032043457,38.635231018066406,33.03151321411133,57.281612396240234,61.4172477722168,135.0399932861328,31.530540466308594,24.280967712402344
2011-02-18,102.11744689941406,51.338844299316406,38.766693115234375,33.23244857788086,57.10296630859375,61.508235931396484,135.41000366210938,31.654502868652344,24.255605697631836
2011-02-22,100.06794738769531,49.85279083251953,37.658546447753906,32.1703987121582,57.958003997802734,61.678871154785156,136.2899932861328,31.379629135131836,24.221786499023438
2011-02-23,99.453125,49.44195556640625,37.70862579345703,32.19908905029297,58.16860580444336,61.60499572753906,137.50999450683594,31.115530014038086,24.762866973876953
2011-02-24,99.38481140136719,49.70418167114258,37.73992919921875,32.27803039550781,58.538631439208984,61.673248291015625,136.47999572753906,30.878374099731445,24.543054580688477
2011-02-25,100.44750213623047,50.394771575927734,38.190711975097656,32.665531158447266,58.883201599121094,61.96335220336914,137.3800048828125,31.48204231262207,25.08413314819336
2011-02-28,101.06990814208984,50.499671936035156,38.5350456237793,32.85929489135742,58.959781646728516,62.12833023071289,137.66000366210938,32.263572692871094,25.126401901245117
2011-03-01,99.38481140136719,49.686702728271484,37.99662399291992,32.52202606201172,59.130714416503906,62.12939453125,140.02999877929688,31.304176330566406,25.506851196289062
2011-03-02,99.59736633300781,49.94894027709961,38.19696044921875,32.96693420410156,58.221649169921875,61.798221588134766,139.9199981689453,31.018516540527344,25.608304977416992
2011-03-03,101.31283569335938,50.93672561645508,38.685306549072266,33.61996078491211,57.6519889831543,61.535465240478516,138.08999633789062,31.465869903564453,25.599849700927734
2011-03-04,100.55378723144531,50.674495697021484,38.33470153808594,33.65584182739258,58.13206481933594,61.769657135009766,139.35000610351562,31.164039611816406,25.726665496826172
2011-03-07,99.7643051147461,49.9926643371582,37.96531677246094,33.182220458984375,57.76082229614258,61.61549377441406,139.72000122070312,30.937665939331055,25.608304977416992
2011-03-08,100.63731384277344,50.19370651245117,38.08427047729492,33.62713623046875,57.40877151489258,61.535465240478516,139.36000061035156,31.374242782592773,25.388492584228516
2011-03-09,100.49302673339844,49.85279083251953,38.0967903137207,33.69171142578125,57.965641021728516,61.85530471801758,139.41000366210938,31.34191131591797,25.48994255065918
2011-03-10,98.63333129882812,49.07479476928711,37.15142059326172,32.69424819946289,58.93864822387695,62.10663986206055,137.77000427246094,30.86220359802246,25.0756778717041
2011-03-11,99.31646728515625,49.38074493408203,37.15142059326172,33.03151321411133,58.60584259033203,62.04948425292969,138.22000122070312,31.174835205078125,24.931955337524414
2011-03-14,98.71682739257812,49.205928802490234,36.48777389526367,33.225276947021484,58.58019256591797,62.11798858642578,138.86000061035156,30.86220359802246,24.999589920043945
2011-03-15,97.5858154296875,48.50661087036133,35.723960876464844,32.67272186279297,59.457157135009766,62.112308502197266,136.27000427246094,30.70050811767578,24.086517333984375
2011-03-16,95.77925109863281,47.33524703979492,34.61581039428711,32.00533676147461,60.129310607910156,62.4835319519043,136.24000549316406,30.24776840209961,24.230241775512695
2011-03-17,97.0468978881836,47.77231979370117,35.76778793334961,32.4000244140625,59.6684684753418,62.44356155395508,136.97000122070312,30.479536056518555,24.98267936706543
2011-03-18,97.39985656738281,47.6646614074707,36.26239013671875,32.45743179321289,59.828460693359375,62.4835319519043,138.3699951171875,30.78675079345703,25.126401901245117
2011-03-21,98.9093246459961,48.58379364013672,37.157684326171875,33.08176040649414,59.47641372680664,62.28361129760742,139.13999938964844,31.120920181274414,25.244766235351562
2011-03-22,98.56625366210938,48.49626541137695,37.051239013671875,33.182220458984375,59.67483901977539,62.39783477783203,139.0500030517578,30.921493530273438,25.430763244628906
2011-03-23,98.84837341308594,48.767616271972656,37.09506607055664,33.61996078491211,59.59801483154297,62.357852935791016,140.33999633789062,30.58193588256836,25.481489181518555
2011-03-24,99.79366302490234,49.63425064086914,37.58967590332031,34.00746536254883,59.14988708496094,62.152259826660156,139.22000122070312,30.71129608154297,25.5660343170166
2011-03-25,100.09864044189453,49.75681686401367,37.176456451416016,33.97159194946289,59.002708435058594,62.060890197753906,139.25999450683594,30.95125389099121,25.633668899536133
2011-03-28,99.8546371459961,49.48543167114258,37.157684326171875,33.79935836791992,59.08591079711914,62.08376693725586,138.5399932861328,30.913259506225586,25.28704071044922
2011-03-29,100.52558135986328,49.966896057128906,37.35175704956055,34.18687438964844,58.631370544433594,61.78102493286133,138.2100067138672,31.038124084472656,25.430763244628906
2011-03-30,101.21934509277344,50.20326232910156,37.7962760925293,34.6246223449707,59.09867858886719,61.992366790771484,138.6699981689453,31.48874282836914,25.39694595336914
2011-03-31,101.08209991455078,50.273277282714844,37.61471176147461,34.9260139465332,58.977046966552734,61.79252624511719,139.86000061035156,31.743913650512695,25.79430389404297
2011-04-01,101.50898742675781,50.2995491027832,37.971588134765625,35.48573684692383,59.2638053894043,62.084312438964844,139.1999969482422,31.79276466369629,25.97184181213379
2011-04-04,101.59288024902344,50.133209228515625,38.02167510986328,35.787132263183594,59.32805252075195,62.22765350341797,139.83999633789062,31.771045684814453,26.208566665649414
2011-04-05,101.57764434814453,50.001914978027344,37.92776107788086,35.71538162231445,59.09016799926758,62.262054443359375,142.0500030517578,31.803627014160156,26.233928680419922
2011-04-06,101.89781188964844,50.12447738647461,38.24079132080078,35.90913772583008,58.203102111816406,62.061405181884766,142.3800048828125,31.819904327392578,26.310020446777344
2011-04-07,101.63858795166016,50.08945846557617,38.05297088623047,35.873252868652344,58.08745193481445,61.96964645385742,142.50999450683594,31.467029571533203,26.360746383666992
2011-04-08,101.2879409790039,49.85309600830078,38.36601638793945,35.90913772583008,57.77884292602539,61.93524932861328,143.66000366210938,31.23900032043457,26.986370086669922
2011-04-11,100.98294067382812,49.68678665161133,38.29087829589844,35.48573684692383,57.8302001953125,61.94099044799805,142.63999938964844,31.260711669921875,26.487560272216797
2011-04-12,100.22825622558594,49.34537887573242,37.934024810791016,34.81836700439453,58.453819274902344,62.15888595581055,141.61000061035156,31.206430435180664,25.946481704711914
2011-04-13,100.22061920166016,49.76557922363281,38.04670715332031,35.10540771484375,58.820228576660156,62.267791748046875,141.89999389648438,31.15755844116211,26.149385452270508
2011-04-14,100.29685974121094,49.678016662597656,38.21574020385742,35.21305847167969,58.775238037109375,62.11301803588867,143.80999755859375,31.608182907104492,26.21702003479004
2011-04-15,100.66277313232422,49.590484619140625,38.15940475463867,35.256099700927734,59.572383880615234,62.43986129760742,145.0500030517578,32.01535415649414,26.3522891998291
2011-04-18,99.53449249267578,49.240333557128906,37.376808166503906,34.37345504760742,59.707313537597656,62.525814056396484,145.92999267578125,31.727617263793945,26.19165802001953
2011-04-19,100.10625457763672,49.546722412109375,37.65227508544922,34.86860275268555,59.964515686035156,62.65770721435547,145.92999267578125,31.97735595703125,26.200109481811523
2011-04-20,101.47089385986328,50.667213439941406,38.61017608642578,35.693851470947266,59.57875442504883,62.686397552490234,146.5,32.35197067260742,26.614376068115234
2011-04-21,101.98930358886719,51.06987762451172,38.86061096191406,36.00959777832031,59.527374267578125,62.74369430541992,146.74000549316406,32.56912612915039,26.80882453918457
2011-04-25,101.882568359375,51.201210021972656,38.86061096191406,35.71538162231445,59.7523307800293,62.8067626953125,146.8699951171875,32.78628921508789,26.732738494873047
2011-04-26,102.75926208496094,51.49006271362305,39.161128997802734,36.02394485473633,60.33090591430664,63.099220275878906,146.3800048828125,33.07402801513672,26.724285125732422
2011-04-27,103.43016815185547,51.84022903442383,39.64947509765625,35.95935821533203,59.71379470825195,63.01896667480469,149.1999969482422,33.3183479309082,26.884916305541992
2011-04-28,103.76560974121094,51.76144027709961,39.918678283691406,35.66514587402344,60.170196533203125,63.2196044921875,149.82000732421875,33.76352310180664,26.690465927124023
2011-04-29,104.0095443725586,51.71767044067383,39.73085021972656,35.88042449951172,60.35663986206055,63.340030670166016,152.3699951171875,33.56807327270508,26.969459533691406
2011-05-02,103.84953308105469,51.62137222290039,39.98755645751953,35.88761520385742,60.45343780517578,63.48794937133789,150.41000366210938,33.616939544677734,26.69891929626465
2011-05-03,103.47591400146484,51.37628173828125,39.6619873046875,35.091068267822266,60.79561233520508,63.459129333496094,149.8800048828125,33.32918930053711,26.419925689697266
2011-05-04,102.7897720336914,51.2974853515625,39.323909759521484,34.509803771972656,61.06678771972656,63.551246643066406,147.72999572753906,33.13917541503906,25.99720573425293
2011-05-05,101.85971069335938,51.01736068725586,38.54757308959961,34.1796989440918,61.64781951904297,63.77002716064453,143.47000122070312,33.117462158203125,24.255605697631836
2011-05-06,102.30950927734375,51.18368911743164,38.56634521484375,34.6246223449707,61.376590728759766,63.77002716064453,145.3000030517578,32.82428741455078,24.179515838623047
2011-05-09,102.7059555053711,51.37628173828125,38.841827392578125,34.689186096191406,61.31214141845703,63.83330535888672,147.3800048828125,32.99259948730469,25.067224502563477
2011-05-10,103.58264923095703,51.81396484375,39.211212158203125,35.098228454589844,60.87315368652344,63.57428741455078,147.89999389648438,33.513790130615234,25.295494079589844
2011-05-11,102.49246215820312,51.43754959106445,38.422359466552734,34.32322311401367,61.221710205078125,63.677886962890625,146.5399932861328,33.16090393066406,24.483869552612305
2011-05-12,102.98038482666016,51.743919372558594,38.54757308959961,34.423683166503906,60.83436965942383,63.5282096862793,146.58999633789062,33.21519470214844,24.509235382080078
2011-05-13,102.18749237060547,51.131168365478516,37.946537017822266,33.67019271850586,61.38313293457031,63.71821594238281,145.6300048828125,32.86229705810547,24.5515079498291
2011-05-16,101.53952026367188,50.24702835083008,37.877662658691406,33.61996078491211,61.725284576416016,63.90238952636719,145.3699951171875,32.91115951538086,24.230241775512695
2011-05-17,101.52423095703125,50.3870849609375,37.959049224853516,33.72760009765625,62.358009338378906,63.98869323730469,144.74000549316406,32.900299072265625,24.289419174194336
2011-05-18,102.43145751953125,50.80727767944336,38.190711975097656,34.27297592163086,61.5316162109375,63.827537536621094,145.60000610351562,33.220619201660156,24.779775619506836
2011-05-19,102.6754150390625,50.956077575683594,38.40983963012695,34.05052185058594,61.50577926635742,63.93690490722656,145.64999389648438,33.361785888671875,24.585325241088867
2011-05-20,101.85971069335938,50.5709228515625,37.86515426635742,33.7778205871582,61.53804016113281,63.89084243774414,147.49000549316406,32.95459747314453,24.813594818115234
2011-05-23,100.67800903320312,49.82683563232422,36.98863983154297,33.0745849609375,61.835018157958984,63.850528717041016,147.8300018310547,32.61799240112305,24.416236877441406
2011-05-24,100.59414672851562,49.52045440673828,37.20150375366211,33.4046745300293,62.06746292114258,63.931148529052734,148.58999633789062,32.71572494506836,24.74595832824707
2011-05-25,100.9295883178711,49.713043212890625,37.43941116333008,33.4764289855957,61.77693557739258,63.80450439453125,148.5800018310547,32.86772155761719,25.19403839111328
2011-05-26,101.39464569091797,50.019412994384766,37.79001998901367,33.907005310058594,62.306365966796875,64.08079528808594,148.22000122070312,33.30748748779297,25.28704071044922
2011-05-27,101.78346252441406,50.273277282714844,38.06548309326172,34.26581573486328,62.280487060546875,64.14983367919922,149.6999969482422,33.497501373291016,25.430763244628906
2011-05-31,102.8431396484375,51.08740234375,38.854347229003906,34.82554244995117,62.422515869140625,64.14410400390625,149.63999938964844,34.02954864501953,25.574487686157227
2011-06-01,100.53318786621094,49.97566604614258,37.934024810791016,34.201229095458984,63.26615524291992,64.46483612060547,149.91000366210938,33.05232238769531,25.25322151184082
2011-06-02,100.42644500732422,50.08071517944336,38.12809753417969,34.52414321899414,62.060951232910156,63.88121795654297,149.5,32.81342315673828,25.473033905029297
2011-06-03,99.42774963378906,49.327880859375,38.146873474121094,34.35191345214844,62.417320251464844,64.01990509033203,150.22000122070312,32.94373321533203,25.574487686157227
2011-06-06,98.37569427490234,48.925201416015625,37.65227508544922,33.79935836791992,61.94430923461914,63.9101448059082,150.47999572753906,32.46054458618164,25.278583526611328
2011-06-07,98.314697265625,48.83766174316406,37.99662399291992,34.06488037109375,62.22940444946289,64.12966918945312,150.4199981689453,32.802581787109375,25.515308380126953
2011-06-08,97.90303802490234,48.48749542236328,37.50828552246094,33.820892333984375,62.71535110473633,64.17012786865234,149.80999755859375,32.71028137207031,25.726665496826172
2011-06-09,98.65011596679688,48.57505416870117,37.89645004272461,34.08640670776367,62.46272277832031,63.99677276611328,150.55999755859375,32.35737991333008,25.870389938354492
2011-06-10,97.27787017822266,47.830970764160156,37.01993942260742,33.34728240966797,62.942169189453125,63.921653747558594,149.24000549316406,31.543025970458984,25.599849700927734
2011-06-13,97.3541259765625,47.830970764160156,37.07630157470703,33.28986358642578,62.624671936035156,63.99102020263672,147.77000427246094,31.6733341217041,25.430763244628906
2011-06-14,98.58914947509766,48.443729400634766,37.733665466308594,33.79219055175781,61.6786994934082,63.80031204223633,148.6699981689453,32.145652770996094,25.608304977416992
2011-06-15,96.83568572998047,47.52458190917969,36.49403381347656,33.0673942565918,62.79965591430664,64.15282440185547,149.1199951171875,31.629898071289062,24.923500061035156
2011-06-16,97.04917907714844,47.340755462646484,36.36882781982422,32.81623077392578,63.08472442626953,64.03142547607422,148.97000122070312,31.879640579223633,24.822050094604492
2011-06-17,97.33875274658203,47.19248962402344,36.72569274902344,32.85929489135742,62.786651611328125,64.05452728271484,149.94000244140625,32.183658599853516,24.712139129638672
2011-06-20,97.8367919921875,47.438133239746094,36.68185043334961,32.80908203125,62.86443328857422,64.06610107421875,150.02999877929688,32.57455825805664,24.57686996459961
2011-06-21,99.17752838134766,48.45586395263672,37.47697830200195,33.411865234375,62.585819244384766,64.04875946044922,150.75999450683594,32.82972717285156,24.593780517578125
2011-06-22,98.5799331665039,48.10490798950195,37.11381912231445,33.07917785644531,62.624671936035156,64.13543701171875,150.99000549316406,32.731998443603516,24.703685760498047
2011-06-23,98.29646301269531,48.55237579345703,36.79469680786133,33.03569030761719,63.104148864746094,64.30297088623047,148.33999633789062,32.06965637207031,24.179515838623047
2011-06-24,97.15489196777344,47.71012496948242,36.443660736083984,32.977691650390625,62.838470458984375,64.33767700195312,146.25999450683594,32.0745735168457,23.89206886291504
2011-06-27,98.02063751220703,48.4734001159668,36.743629455566406,33.361839294433594,61.97675323486328,64.12966918945312,145.72999572753906,32.21147155761719,23.88361358642578
2011-06-28,99.30010986328125,49.19282913208008,37.18402862548828,33.81846618652344,61.47780990600586,63.684757232666016,146.24000549316406,32.47976303100586,24.30632972717285
2011-06-29,100.1505126953125,49.394630432128906,37.83503341674805,34.13010787963867,61.06960678100586,63.54031753540039,147.17999267578125,32.81922912597656,24.74595832824707
2011-06-30,101.10820007324219,50.05263900756836,38.383914947509766,34.499755859375,60.972442626953125,63.63277053833008,146.0,32.906829833984375,24.483869552612305
2011-07-01,102.60215759277344,50.80716323852539,38.805152893066406,34.9056396484375,60.87487030029297,63.63624954223633,144.92999267578125,33.470794677734375,24.517688751220703
2011-07-05,102.51789093017578,51.06157684326172,38.57539367675781,34.89113998413086,61.01142501831055,63.862449645996094,147.6300048828125,33.728126525878906,24.847408294677734
2011-07-06,102.64047241210938,51.22827911376953,38.33285140991211,34.659210205078125,61.3234977722168,63.99585723876953,148.91000366210938,33.97999572753906,24.83895492553711
2011-07-07,103.7054443359375,51.93014907836914,38.664756774902344,35.137569427490234,61.1414794921875,64.01325225830078,149.14999389648438,34.40707015991211,25.36312484741211
2011-07-08,102.96995544433594,51.78977966308594,38.186065673828125,34.73893356323242,62.006168365478516,64.42508697509766,150.25,34.36326217651367,25.337764739990234
2011-07-11,101.10820007324219,50.85103225708008,37.030853271484375,33.76771545410156,62.93590545654297,64.63970184326172,151.58999633789062,33.76646041870117,25.143314361572266
2011-07-12,100.6714859008789,50.4649772644043,36.78193283081055,33.427066802978516,63.150489807128906,64.69192504882812,152.77000427246094,33.88145065307617,25.36312484741211
2011-07-13,101.00865173339844,50.6755485534668,37.3308219909668,33.97066116333008,63.32600402832031,64.85431671142578,154.13999938964844,33.54744338989258,25.70975685119629
2011-07-14,100.31137084960938,50.08771896362305,37.00531768798828,33.60826110839844,62.42228317260742,64.4541244506836,154.5399932861328,33.23535919189453,25.5660343170166
2011-07-15,100.8936767578125,50.75450897216797,37.132965087890625,33.81846618652344,62.52631378173828,64.59916687011719,155.1999969482422,33.60219192504883,25.79430389404297
2011-07-18,100.06621551513672,50.482540130615234,36.584068298339844,33.427066802978516,61.9216194152832,64.3497314453125,156.57000732421875,33.36676788330078,25.650577545166016
2011-07-19,101.69046020507812,51.63184356689453,37.132965087890625,33.91267776489258,63.20891571044922,64.6629638671875,154.66000366210938,33.90335464477539,25.82811737060547
2011-07-20,101.62916564941406,51.412513732910156,37.573341369628906,34.014156341552734,62.461246490478516,64.51212310791016,156.02000427246094,34.14973449707031,25.91266441345215
2011-07-21,103.03887939453125,51.75468063354492,38.37115478515625,34.55773162841797,61.98019027709961,64.4134750366211,154.8300018310547,34.42350387573242,25.785844802856445
2011-07-22,103.10785675048828,52.28987121582031,38.40945816040039,34.5359992980957,62.448299407958984,64.67456817626953,156.1199951171875,34.593231201171875,25.99720573425293
2011-07-25,102.53321075439453,52.18457794189453,38.16691589355469,34.4635124206543,61.765586853027344,64.36711120605469,157.33999633789062,34.27019500732422,25.870389938354492
2011-07-26,102.150146484375,52.316184997558594,38.39668655395508,34.57948684692383,62.18819808959961,64.65127563476562,157.77000427246094,34.34684753417969,26.07329559326172
2011-07-27,100.0585708618164,50.96508026123047,37.46484375,33.97066116333008,62.19467544555664,64.45989227294922,157.19000244140625,33.38319396972656,25.895753860473633
2011-07-28,99.76744079589844,51.05281448364258,37.37548065185547,33.99966049194336,62.42878341674805,64.59916687011719,157.32000732421875,33.41604232788086,25.81121253967285
2011-07-29,99.08560180664062,50.8860969543457,37.471229553222656,34.14460372924805,63.66409683227539,65.17916107177734,158.2899932861328,33.4215087890625,25.599849700927734
2011-08-01,98.66423034667969,50.649227142333984,36.99894714355469,34.11561584472656,64.30662536621094,65.37191009521484,157.72000122070312,32.917781829833984,25.599849700927734
2011-08-02,96.14360046386719,49.36829376220703,36.022422790527344,33.06468963623047,66.23753356933594,65.91914367675781,161.52000427246094,31.866518020629883,25.599849700927734
2011-08-03,96.66455078125,49.842079162597656,36.2330436706543,32.948726654052734,66.36795806884766,65.8958740234375,161.49000549316406,31.60369873046875,25.219402313232422
2011-08-04,92.13666534423828,47.525875091552734,33.70560836791992,31.064285278320312,68.72942352294922,66.37333679199219,160.63999938964844,30.05965805053711,24.26405906677246
2011-08-05,91.99871826171875,47.227569580078125,34.299163818359375,30.861326217651367,66.74632263183594,65.5523681640625,161.75,29.309520721435547,24.365510940551758
2011-08-08,86.00746154785156,44.38498306274414,31.739809036254883,28.288347244262695,68.8533706665039,64.92937469482422,167.1199951171875,26.763498306274414,23.460893630981445
2011-08-09,90.00676727294922,46.525699615478516,33.8779296875,29.948108673095703,69.06212615966797,65.5116195678711,168.61000061035156,29.20001792907715,23.68916130065918
2011-08-10,86.03046417236328,44.62184143066406,31.854694366455078,28.360828399658203,71.11695861816406,66.09964752197266,174.5800018310547,28.526565551757812,23.79061508178711
2011-08-11,89.89181518554688,46.58710861206055,33.38009262084961,29.926366806030273,67.5291519165039,64.74308776855469,170.75,30.004905700683594,24.30632972717285
2011-08-12,90.49707794189453,46.99946212768555,33.76303482055664,29.911865234375,68.86638641357422,65.48250579833984,169.97000122070312,29.999422073364258,24.272510528564453
2011-08-15,92.4124526977539,47.69258499145508,34.548091888427734,30.60765266418457,68.16840362548828,65.60472106933594,171.8000030517578,31.094486236572266,24.56841278076172
2011-08-16,91.62332153320312,47.28900146484375,34.04387664794922,30.346736907958984,69.2969970703125,65.843505859375,173.9199981689453,31.00141143798828,24.56841278076172
2011-08-17,91.68464660644531,47.00822830200195,34.24172592163086,30.564178466796875,70.5102767944336,66.02393341064453,174.4199981689453,31.089006423950195,24.779775619506836
2011-08-18,87.73129272460938,44.70082473754883,32.57592010498047,29.121849060058594,71.95845031738281,66.11129760742188,177.72000122070312,29.703765869140625,24.17106056213379
2011-08-19,86.29859924316406,43.893653869628906,32.0206413269043,28.75945281982422,72.53904724121094,66.0297622680664,179.9499969482422,29.13431167602539,24.60223388671875
2011-08-22,86.3675537109375,44.05158233642578,32.22488784790039,28.730470657348633,72.35636901855469,65.78527069091797,184.58999633789062,29.167171478271484,24.644506454467773
2011-08-23,89.20997619628906,45.8676643371582,33.2715950012207,29.73792266845703,71.35831451416016,65.0341796875,177.6699981689453,29.884441375732422,24.898134231567383
2011-08-24,90.4664535522461,46.22740936279297,33.28436279296875,29.448009490966797,69.3295669555664,64.2656478881836,171.64999389648438,30.27865982055664,24.644506454467773
2011-08-25,89.08738708496094,45.47288513183594,32.48017883300781,28.875423431396484,70.07975006103516,64.62081909179688,172.36000061035156,29.714704513549805,24.754413604736328
2011-08-26,90.3821792602539,46.613426208496094,32.99077224731445,29.368282318115234,70.77120971679688,64.64990234375,177.47000122070312,30.076074600219727,25.033405303955078
2011-08-29,92.97937774658203,47.911922454833984,33.77580642700195,30.3177490234375,69.79268646240234,64.8595199584961,173.88999938964844,31.10544776916504,25.117952346801758
2011-08-30,93.22457885742188,48.227752685546875,33.577964782714844,30.36123275756836,70.91471099853516,65.20304107666016,179.10000610351562,31.19305419921875,25.456125259399414
2011-08-31,93.63829040527344,48.30670166015625,34.1906623840332,30.98455047607422,69.81885528564453,65.4009780883789,177.72000122070312,31.543458938598633,25.498397827148438
2011-09-01,92.65762329101562,47.868038177490234,33.76942825317383,30.81784439086914,71.29885864257812,65.44950103759766,177.8699951171875,31.089006423950195,25.32085609436035
2011-09-02,90.29023742675781,46.745033264160156,33.01630401611328,30.122058868408203,73.6150894165039,65.8526611328125,183.24000549316406,30.35531234741211,25.18558692932129
2011-09-06,89.63134002685547,46.75380325317383,31.93128204345703,29.810396194458008,74.38056945800781,66.23837280273438,182.89999389648438,30.223909378051758,25.101043701171875
2011-09-07,92.1596450805664,47.9382209777832,32.882266998291016,30.69463348388672,72.96072387695312,66.36698913574219,177.0800018310547,31.362783432006836,25.329309463500977
2011-09-08,91.20197296142578,47.71889114379883,32.231258392333984,30.013343811035156,73.6150894165039,66.30855560302734,181.80999755859375,31.121871948242188,25.16022300720215
2011-09-09,88.81159210205078,46.657310485839844,31.114341735839844,28.99864387512207,74.40019226074219,66.378662109375,180.6999969482422,30.147266387939453,24.762866973876953
2011-09-12,89.38619232177734,47.25388717651367,30.98030662536621,28.940650939941406,74.4787368774414,65.97540283203125,176.6699981689453,30.245819091796875,24.703685760498047
2011-09-13,90.20597076416016,47.885581970214844,31.31219482421875,28.984146118164062,73.4188003540039,65.96375274658203,178.5399932861328,30.31698226928711,24.627595901489258
2011-09-14,91.45478057861328,48.56991195678711,31.78449058532715,28.904409408569336,74.04035949707031,65.93449401855469,177.2100067138672,30.514097213745117,24.509235382080078
2011-09-15,93.03305053710938,49.28934097290039,32.473793029785156,29.324790954589844,72.90838623046875,65.7066650390625,174.39999389648438,31.017831802368164,24.610687255859375
2011-09-16,93.5836410522461,49.74113845825195,32.48655319213867,29.375520706176758,73.43834686279297,65.7066650390625,176.02999877929688,31.318986892700195,24.50078010559082
2011-09-19,92.65184020996094,49.75871276855469,31.593021392822266,28.50579261779785,74.83857727050781,66.06892395019531,173.30999755859375,30.63456916809082,24.086517333984375
2011-09-20,92.54402160644531,49.538963317871094,31.720666885375977,28.295597076416016,75.15264129638672,66.09814453125,175.77999877929688,30.61813735961914,24.044246673583984
2011-09-21,89.81782531738281,48.67757797241211,30.776073455810547,27.244659423828125,77.63897705078125,66.2501220703125,173.58999633789062,29.002910614013672,23.68916130065918
2011-09-22,86.91449737548828,47.09541702270508,29.78040885925293,25.331222534179688,80.55711364746094,66.378662109375,169.0500030517578,28.296585083007812,22.852176666259766
2011-09-23,87.43818664550781,47.59645462036133,30.118669509887695,26.005279541015625,79.05879211425781,65.9695816040039,159.8000030517578,28.505014419555664,22.446369171142578
2011-09-26,89.51750183105469,48.15019607543945,30.737777709960938,26.39665985107422,77.7894515991211,65.84683227539062,157.5800018310547,28.903072357177734,22.5224552154541
2011-09-27,90.51863861083984,48.65121078491211,31.497270584106445,27.237411499023438,76.5986099243164,65.63645935058594,160.6300048828125,29.1905460357666,22.902904510498047
2011-09-28,88.67034912109375,47.93046951293945,30.961156845092773,26.41840934753418,76.57250213623047,65.37349700927734,156.22000122070312,28.449731826782227,22.285734176635742
2011-09-29,89.37115478515625,47.35911560058594,31.567501068115234,26.780799865722656,77.1024169921875,65.30339050292969,157.6999969482422,28.892009735107422,22.547821044921875
2011-09-30,87.13787841796875,46.1373291015625,30.495248794555664,25.439945220947266,79.03916931152344,65.63064575195312,158.05999755859375,28.123537063598633,21.770017623901367
2011-10-03,84.65808868408203,44.95072555541992,29.69104766845703,24.903608322143555,81.21434783935547,65.7526626586914,160.9600067138672,26.796703338623047,21.660112380981445
2011-10-04,86.5140380859375,45.87363052368164,30.188884735107422,25.287744522094727,80.18451690673828,65.1778335571289,157.63999938964844,27.85264015197754,21.617839813232422
2011-10-05,88.11589050292969,47.05147171020508,30.654804229736328,25.874814987182617,79.60721588134766,65.44762420654297,159.4600067138672,27.614933013916016,21.922195434570312
2011-10-06,89.71002960205078,47.84254837036133,31.47812843322754,26.73006248474121,78.13788604736328,65.18370056152344,160.49000549316406,28.372331619262695,22.378732681274414
2011-10-07,89.10931396484375,47.52611541748047,31.261125564575195,26.411155700683594,77.56061553955078,65.12501525878906,159.17999267578125,27.581754684448242,22.277280807495117
2011-10-10,92.08963775634766,49.16980743408203,32.45464324951172,27.59255599975586,76.46520233154297,65.24820709228516,163.27000427246094,28.958351135253906,22.776090621948242
2011-10-11,92.18204498291016,49.503807067871094,32.39720153808594,27.6070556640625,76.20938873291016,65.42417907714844,162.10000610351562,28.383390426635742,22.945175170898438
2011-10-12,92.99069213867188,49.74992370605469,32.8694953918457,28.382570266723633,75.10082244873047,65.52387237548828,163.25999450683594,28.847766876220703,22.987449645996094
2011-10-13,92.80584716796875,50.20699691772461,32.882266998291016,28.128894805908203,75.84857940673828,65.58251953125,162.3000030517578,28.659805297851562,23.038175582885742
2011-10-14,94.39228057861328,51.138702392578125,33.26521301269531,28.694229125976562,74.7465591430664,65.54147338867188,163.39999389648438,29.32323455810547,23.562347412109375
2011-10-17,92.59024047851562,50.34762954711914,32.49931716918945,27.723012924194336,76.03881072998047,65.49456024169922,162.6199951171875,28.687450408935547,23.224170684814453
2011-10-18,94.39997100830078,50.971702575683594,32.96525192260742,28.462295532226562,75.56651306152344,65.72332763671875,161.83999633789062,29.699174880981445,23.35098648071289
2011-10-19,93.28331756591797,49.98725128173828,32.37167739868164,27.91870880126953,75.54026794433594,65.89339447021484,159.8699951171875,29.35639762878418,22.89444923400879
2011-10-20,93.69146728515625,49.74113845825195,32.45464324951172,27.38237190246582,75.00241088867188,66.04005432128906,157.77000427246094,29.522258758544922,22.86063575744629
2011-10-21,95.47044372558594,50.36521530151367,33.239688873291016,28.16514015197754,74.20870208740234,66.25711059570312,159.52000427246094,30.49526596069336,22.978994369506836
2011-10-24,96.6410140991211,51.41120529174805,33.737518310546875,29.266809463500977,74.33331298828125,66.5972900390625,161.02000427246094,31.25267791748047,23.342533111572266
2011-10-25,94.76193237304688,50.400352478027344,33.15671157836914,28.68698501586914,76.22248077392578,66.92576599121094,165.58999633789062,30.744056701660156,23.418624877929688
2011-10-26,95.72454833984375,50.33883285522461,33.60986328125,29.21607780456543,74.89086151123047,66.87883758544922,167.39999389648438,30.970722198486328,23.283353805541992
2011-10-27,99.05915832519531,51.727603912353516,35.467159271240234,30.99179458618164,72.35233306884766,66.86713409423828,169.5500030517578,32.441307067871094,23.900524139404297
2011-10-28,99.0360336303711,51.80672836303711,35.26290512084961,30.730873107910156,73.11319732666016,67.12517547607422,169.6199951171875,32.50764465332031,23.799068450927734
2011-10-31,96.64869689941406,50.93653869628906,33.43115234375,29.578474044799805,76.01258087158203,67.2777099609375,167.33999633789062,32.14276885986328,23.435531616210938
2011-11-01,93.95328521728516,49.60929489135742,32.38444137573242,28.860933303833008,78.5570297241211,67.61433410644531,167.3800048828125,31.10894203186035,23.156538009643555
2011-11-02,95.48585510253906,50.03117752075195,32.658878326416016,29.74517059326172,77.57714080810547,67.86161041259766,169.05999755859375,31.70602798461914,23.300262451171875
2011-11-03,97.22625732421875,51.068397521972656,33.48222732543945,30.049571990966797,76.51171112060547,67.89691925048828,171.72000122070312,32.14276885986328,23.58770751953125
2011-11-04,96.63331604003906,50.8046875,33.060970306396484,29.8538818359375,76.60382080078125,68.03229522705078,170.85000610351562,31.882923126220703,23.663801193237305
2011-11-07,97.23397827148438,51.165077209472656,33.201393127441406,30.107568740844727,77.09048461914062,67.76155853271484,174.97999572753906,31.888458251953125,24.010427474975586
2011-11-08,98.48155212402344,51.753971099853516,33.603485107421875,30.462709426879883,76.1039810180664,67.34363555908203,173.52999877929688,32.30310821533203,24.1287899017334
2011-11-09,94.84664154052734,49.93451690673828,31.880231857299805,28.679738998413086,77.68238830566406,67.1669921875,172.07000732421875,30.826988220214844,23.596162796020508
2011-11-10,95.73994445800781,49.908119201660156,32.25679016113281,28.86817741394043,76.52490997314453,66.83154296875,171.13999938964844,30.821470260620117,23.57080078125
2011-11-11,97.54204559326172,50.848636627197266,33.060970306396484,29.563966751098633,76.05797576904297,66.7137680053711,173.9600067138672,31.650732040405273,23.799068450927734
2011-11-14,96.6178970336914,50.53221130371094,32.473793029785156,29.1580867767334,77.28123474121094,66.70793914794922,173.1999969482422,31.06471824645996,23.54543685913086
2011-11-15,97.09538269042969,51.09475326538086,32.38444137573242,29.33928871154785,77.17594909667969,66.6431655883789,173.36000061035156,31.296926498413086,23.714527130126953
2011-11-16,95.5551528930664,50.250938415527344,31.76534080505371,28.549278259277344,77.87965393066406,66.43130493164062,171.50999450683594,30.998374938964844,23.655345916748047
2011-11-17,94.03800201416016,49.07310485839844,31.42070198059082,27.82448959350586,78.50444793701172,65.90740203857422,167.10000610351562,30.428930282592773,23.105812072753906
2011-11-18,93.93792724609375,48.69516372680664,31.529193878173828,27.933202743530273,78.48471069335938,66.0133285522461,167.6199951171875,30.62242889404297,23.071992874145508
2011-11-21,92.1512680053711,47.76343536376953,30.731403350830078,27.034467697143555,78.95164489746094,65.74260711669922,163.5,29.848440170288086,22.902904510498047
2011-11-22,91.78932189941406,47.921661376953125,30.642038345336914,27.128694534301758,79.83293151855469,65.57185363769531,165.30999755859375,29.710233688354492,23.055084228515625
2011-11-23,89.763916015625,46.84051513671875,29.79955291748047,26.2517032623291,80.61551666259766,65.23631286621094,164.8300018310547,28.814605712890625,22.708454132080078
2011-11-25,89.59449005126953,46.48013687133789,29.64638328552246,26.164724349975586,79.44487762451172,64.97738647460938,163.39999389648438,28.941776275634766,22.5224552154541
2011-11-28,92.18976593017578,48.09745788574219,30.91009521484375,27.418609619140625,79.4054183959961,65.00679016113281,166.6300048828125,29.588598251342773,22.801450729370117
2011-11-29,92.45158386230469,47.79861068725586,31.114341735839844,27.295394897460938,78.75431060791016,64.8596420288086,166.8800048828125,29.54436683654785,23.09735679626465
2011-11-30,96.25592041015625,49.56534194946289,32.70355987548828,28.99864387512207,77.52456665039062,65.15394592285156,170.1300048828125,30.920974731445312,23.367897033691406
2011-12-01,96.24052429199219,49.908119201660156,32.42273712158203,28.911663055419922,77.13558959960938,65.30519104003906,169.6300048828125,30.666664123535156,23.283353805541992
2011-12-02,96.15579223632812,49.767486572265625,32.41635513305664,28.824691772460938,78.216796875,65.86038208007812,169.82000732421875,30.639019012451172,23.48625946044922
2011-12-05,97.20315551757812,50.31247329711914,32.786529541015625,29.295799255371094,78.05855560302734,66.35069274902344,167.32000732421875,30.89885902404785,23.359439849853516
2011-12-06,97.23397827148438,50.17183303833008,32.633358001708984,28.89716911315918,77.31352233886719,65.99627685546875,168.17999267578125,30.849105834960938,23.48625946044922
2011-12-07,97.59590911865234,50.17183303833008,32.863121032714844,29.013134002685547,77.5904312133789,66.40969848632812,169.39999389648438,31.18634605407715,23.283353805541992
2011-12-08,95.45501708984375,49.328006744384766,31.78449058532715,27.96944236755371,78.55953979492188,66.18525695800781,165.97999572753906,30.478696823120117,22.987449645996094
2011-12-09,97.07225799560547,50.11909103393555,32.57592010498047,28.53478240966797,76.94438171386719,65.9312973022461,166.39999389648438,31.14763832092285,23.071992874145508
2011-12-12,95.6552505493164,49.55656051635742,31.624929428100586,27.462093353271484,77.80144500732422,65.93714904785156,161.99000549316406,30.594797134399414,22.776090621948242
2011-12-13,94.76193237304688,49.0115852355957,31.197307586669922,27.20842170715332,78.52661895751953,66.16161346435547,158.4499969482422,30.235437393188477,22.86908721923828
2011-12-14,93.75305938720703,48.24687576293945,30.827129364013672,26.81703758239746,80.00997161865234,66.27389526367188,152.88999938964844,30.412355422973633,22.057466506958008
2011-12-15,94.09194946289062,48.11503982543945,30.98030662536621,26.99098777770996,79.71331787109375,66.38018035888672,152.3300018310547,30.920974731445312,21.947561264038086
2011-12-16,94.23143005371094,48.36275100708008,30.852657318115234,27.193925857543945,80.64293670654297,66.7523422241211,155.22999572753906,31.26374053955078,22.125102996826172
2011-12-19,93.22394561767578,47.886695861816406,30.56545066833496,26.490888595581055,81.66482543945312,66.98861694335938,154.8699951171875,30.992847442626953,22.023649215698242
2011-12-20,96.0448989868164,49.3060302734375,31.64348602294922,27.60092544555664,79.62765502929688,66.94134521484375,156.97999572753906,31.93269920349121,22.530914306640625
2011-12-21,96.23090362548828,48.600791931152344,31.475543975830078,27.68873405456543,78.5200424194336,66.65782928466797,157.16000366210938,31.921628952026367,22.691547393798828
2011-12-22,97.08338165283203,49.015113830566406,31.759750366210938,28.054597854614258,78.84972381591797,67.00628662109375,156.0399932861328,32.38050079345703,22.716909408569336
2011-12-23,97.95142364501953,49.438262939453125,31.979352951049805,28.164356231689453,77.97285461425781,66.79957580566406,156.30999755859375,32.521366119384766,22.82681655883789
2011-12-27,98.02892303466797,49.6226806640625,31.83725929260254,27.893611907958984,78.34323120117188,67.05325317382812,154.91000366210938,32.666709899902344,22.928268432617188
2011-12-28,96.74239349365234,49.04914855957031,31.26239585876465,27.425308227539062,79.79166412353516,67.17774200439453,151.02999877929688,32.275413513183594,22.657726287841797
2011-12-29,97.74214935302734,49.4020881652832,31.83725929260254,27.739948272705078,79.937255859375,67.14218139648438,150.33999633789062,32.56049346923828,22.72536277770996
2011-12-30,97.26167297363281,49.260902404785156,31.992280960083008,27.76189613342285,80.1951904296875,67.42664337158203,151.99000549316406,32.42074203491211,22.691547393798828
2012-01-03,98.8116455078125,50.20503234863281,32.86426544189453,28.610702514648438,78.99136352539062,67.37334442138672,155.9199981689453,32.69464111328125,23.367897033691406
2012-01-04,98.96661376953125,50.41677474975586,32.670494079589844,28.44973373413086,78.0522689819336,67.42664337158203,156.7100067138672,32.13566589355469,23.54543685913086
2012-01-05,99.23014068603516,50.83146667480469,32.18606185913086,28.325334548950195,77.91329956054688,67.13623809814453,157.77999877929688,32.437522888183594,23.224170684814453
2012-01-06,98.9743881225586,51.00796127319336,31.74683380126953,27.966781616210938,78.52843475341797,67.39707946777344,157.1999969482422,32.33131408691406,23.325624465942383
2012-01-09,99.21464538574219,50.84028625488281,31.86956024169922,28.259479522705078,78.38954162597656,67.2962875366211,156.5,32.219520568847656,23.35098648071289
2012-01-10,100.07488250732422,51.21087646484375,32.3539924621582,28.874135971069336,78.25724029541016,67.48597717285156,158.63999938964844,32.577266693115234,23.52007484436035
2012-01-11,100.12913513183594,51.3167610168457,32.25064468383789,28.896085739135742,79.27579498291016,67.47408294677734,159.6699981689453,32.80643844604492,23.45244026184082
2012-01-12,100.36936950683594,51.51969528198242,32.386287689208984,29.01316261291504,79.16336822509766,67.62818908691406,160.3800048828125,32.56609344482422,23.122718811035156
2012-01-13,99.85013580322266,51.33442306518555,32.03749465942383,28.749744415283203,79.95039367675781,67.87117767333984,159.25999450683594,32.63874435424805,23.071992874145508
2012-01-17,100.23761749267578,51.802059173583984,32.4185905456543,29.298540115356445,80.32078552246094,68.07865142822266,160.5,32.90705490112305,23.232624053955078
2012-01-18,101.34589385986328,52.49027633666992,32.961151123046875,30.037578582763672,79.34857940673828,67.94232940673828,161.60000610351562,33.13624572753906,23.24108123779297
2012-01-19,101.88063049316406,52.81673812866211,33.36808776855469,30.3010196685791,78.25724029541016,67.92455291748047,161.22000122070312,33.264801025390625,23.342533111572266
2012-01-20,102.2603530883789,52.737308502197266,33.542476654052734,30.279050827026367,77.37098693847656,67.75267028808594,162.07000732421875,33.47163391113281,23.173442840576172
2012-01-23,101.9968490600586,52.754966735839844,33.67166519165039,30.57175064086914,76.88148498535156,67.65191650390625,163.16000366210938,33.633731842041016,23.44398307800293
2012-01-24,101.88063049316406,52.65792465209961,33.48434829711914,30.615657806396484,77.02046966552734,67.89495086669922,162.00999450683594,33.890869140625,23.48625946044922
2012-01-25,102.73310852050781,53.31966018676758,33.83313751220703,30.959569931030273,76.83524322509766,68.1260986328125,166.4199981689453,34.326866149902344,23.680707931518555
2012-01-26,102.20611572265625,53.13438034057617,33.846065521240234,30.835180282592773,77.85379791259766,68.65949249267578,167.27000427246094,34.56721496582031,23.74834442138672
2012-01-27,102.15961456298828,53.29319381713867,33.90419006347656,30.996156692504883,78.09851837158203,68.76029205322266,168.97000122070312,34.57841873168945,23.832887649536133
2012-01-30,101.81088256835938,53.33730697631836,33.503726959228516,30.549800872802734,79.01782989501953,68.67137145996094,168.02999877929688,34.32126998901367,23.58770751953125
2012-01-31,101.77210235595703,53.40790557861328,33.678131103515625,30.8132266998291,79.93058013916016,68.87288665771484,169.30999755859375,34.48897171020508,23.528528213500977
2012-02-01,102.66336059570312,53.840248107910156,34.20777130126953,31.49374008178711,79.0150146484375,69.14702606201172,169.55999755859375,34.829952239990234,23.6046199798584
2012-02-02,102.82611846923828,54.00788116455078,34.278831481933594,31.581533432006836,78.98182678222656,69.28978729248047,171.0500030517578,34.908206939697266,23.663801193237305
2012-02-03,104.26759338378906,54.74904251098633,34.81494140625,32.10837936401367,77.28458404541016,69.18863677978516,167.63999938964844,35.394508361816406,23.942792892456055
2012-02-06,104.19788360595703,54.70494842529297,34.64700698852539,31.837646484375,78.05369567871094,69.36711883544922,167.17999267578125,35.282711029052734,24.061153411865234
2012-02-07,104.46133422851562,54.81964874267578,34.86014938354492,31.903501510620117,77.085693359375,69.23625183105469,169.6999969482422,35.19327926635742,24.044246673583984
2012-02-08,104.7713623046875,55.1108283996582,34.982879638671875,32.130340576171875,77.14539337158203,69.30763244628906,168.5,35.25476837158203,24.15414810180664
2012-02-09,104.9030990600586,55.50786209106445,35.07330322265625,32.11570739746094,76.568603515625,69.08759307861328,168.02000427246094,34.99763870239258,24.280967712402344
2012-02-10,104.12808227539062,55.11964797973633,34.40800857543945,31.405914306640625,77.56303405761719,69.02216339111328,167.13999938964844,34.673431396484375,24.052698135375977
2012-02-13,104.9030990600586,55.631385803222656,34.802024841308594,31.91814613342285,77.6624984741211,69.26000213623047,167.50999450683594,35.025577545166016,24.111879348754883
2012-02-14,104.7713623046875,55.77256393432617,34.543643951416016,31.654714584350586,78.07357788085938,69.31355285644531,167.1199951171875,34.66783905029297,24.103424072265625
2012-02-15,104.2830810546875,55.38433074951172,34.5824089050293,31.74252700805664,77.9343032836914,69.2184066772461,168.11000061035156,34.46103286743164,24.187969207763672
2012-02-16,105.43785858154297,56.143157958984375,35.06037902832031,32.08644104003906,77.31108856201172,69.09943389892578,168.0,34.82434844970703,24.297874450683594
2012-02-17,105.71685028076172,55.966678619384766,35.21540832519531,32.144962310791016,77.29120635986328,68.9924087524414,167.35000610351562,34.8523063659668,24.255605697631836
2012-02-21,105.76333618164062,56.12549591064453,35.221866607666016,32.013267517089844,76.43597412109375,68.87939453125,171.02000427246094,34.31007766723633,24.636051177978516
2012-02-22,105.42236328125,55.869632720947266,35.1185188293457,32.07180404663086,77.3973159790039,69.30763244628906,172.94000244140625,34.01942825317383,24.86431884765625
2012-02-23,105.88733673095703,56.240211486816406,35.40917205810547,32.013267517089844,77.3973159790039,69.40274047851562,173.02000427246094,34.444244384765625,24.94040870666504
2012-02-24,106.11982727050781,56.434326171875,35.62234115600586,32.33522033691406,77.90119934082031,69.456298828125,172.22999572753906,34.48897171020508,25.092588424682617
2012-02-27,106.2980728149414,56.51373291015625,35.44147491455078,32.013267517089844,78.59074401855469,69.71200561523438,171.6999969482422,34.433067321777344,24.88968276977539
2012-02-28,106.60810852050781,57.08724594116211,35.7708854675293,32.45962142944336,78.33219146728516,69.93207550048828,173.49000549316406,34.23183059692383,24.881229400634766
2012-02-29,106.18960571289062,56.83135986328125,35.30583572387695,32.437660217285156,77.85478973388672,69.99748992919922,164.2899932861328,34.092098236083984,24.788230895996094
2012-03-01,106.73981475830078,57.2813720703125,35.706302642822266,32.7449951171875,77.121826171875,69.83218383789062,166.61000061035156,34.29890823364258,25.17713165283203
2012-03-02,106.41431427001953,57.23724365234375,35.37688446044922,32.66450881958008,77.84616088867188,69.8560562133789,166.33999633789062,34.24860382080078,24.923500061035156
2012-03-05,105.98031616210938,56.64606857299805,35.189571380615234,32.101070404052734,77.22815704345703,69.7307357788086,165.64999389648438,34.595176696777344,24.805137634277344
2012-03-06,104.43032836914062,56.0902214050293,34.065673828125,31.025423049926758,78.16509246826172,69.62334442138672,162.6999969482422,34.13682556152344,24.399330139160156
2012-03-07,105.1588363647461,56.52256393432617,34.48552322387695,31.398605346679688,77.6866683959961,69.59349822998047,163.6300048828125,34.32126998901367,24.509235382080078
2012-03-08,106.20503234863281,57.1313591003418,35.228328704833984,32.05716323852539,76.90917205810547,69.6054458618164,165.27999877929688,34.14240646362305,24.712139129638672
2012-03-09,106.6158218383789,57.369606018066406,35.112060546875,32.04252624511719,77.06201934814453,69.56962585449219,166.3800048828125,34.31007766723633,24.779775619506836
2012-03-12,106.62357330322266,57.39607620239258,35.02162551879883,31.691301345825195,77.0487060546875,69.43229675292969,165.07000732421875,34.56163787841797,24.74595832824707
2012-03-13,108.5455093383789,58.46369552612305,35.590030670166016,32.554752349853516,75.69319152832031,69.24137115478516,162.3000030517578,35.260345458984375,24.855863571166992
2012-03-14,108.42932891845703,58.66665267944336,35.27355194091797,32.04252624511719,73.78606414794922,68.41783905029297,159.57000732421875,35.16532516479492,24.686777114868164
2012-03-15,109.05709075927734,58.83428955078125,35.60940933227539,32.29865646362305,73.89898681640625,68.26869201660156,161.0800018310547,35.11503601074219,24.703685760498047
2012-03-16,109.20806121826172,58.792747497558594,35.8548583984375,32.26205062866211,74.04524993896484,68.37014770507812,161.3000030517578,35.316261291503906,25.008045196533203
2012-03-19,109.63617706298828,59.2081413269043,36.04217529296875,32.13765335083008,73.16146850585938,68.27462768554688,161.58999633789062,35.56220626831055,24.96577262878418
2012-03-20,109.3170394897461,59.31421661376953,35.615882873535156,31.581533432006836,73.45377349853516,68.23287963867188,160.1300048828125,35.51189422607422,24.661413192749023
2012-03-21,109.13804626464844,59.323036193847656,35.383338928222656,31.64008331298828,74.28446960449219,68.54322052001953,160.2100067138672,35.46158981323242,24.60223388671875
2012-03-22,108.35179901123047,59.19929504394531,35.13789749145508,31.157140731811523,74.52360534667969,68.4297866821289,159.57000732421875,34.975276947021484,24.407785415649414
2012-03-23,108.7021484375,59.16394805908203,35.383338928222656,31.391294479370117,75.22801208496094,68.48355102539062,161.52999877929688,35.19327926635742,24.644506454467773
2012-03-26,110.22776794433594,60.19804763793945,35.83548355102539,31.940095901489258,74.84260559082031,68.63264465332031,164.39999389648438,35.60573959350586,24.754413604736328
2012-03-27,109.88524627685547,60.286407470703125,35.60940933227539,31.77178382873535,75.38087463378906,69.16378784179688,163.24000549316406,35.61138153076172,24.6529598236084
2012-03-28,109.34036254882812,60.047760009765625,35.36397171020508,31.23763656616211,75.27452850341797,69.03252410888672,161.50999450683594,35.55503463745117,24.416236877441406
2012-03-29,109.15357971191406,59.81800842285156,35.13789749145508,31.20103645324707,75.83930206298828,69.16976165771484,161.27999877929688,35.571937561035156,24.07806396484375
2012-03-30,109.60504913330078,59.70308303833008,35.45439910888672,31.427871704101562,74.55682373046875,69.00271606445312,162.1199951171875,35.86494445800781,24.348602294921875
2012-04-02,110.4068374633789,60.32176208496094,35.86778259277344,31.85959815979004,74.96991729736328,69.18054962158203,162.94000244140625,36.11849594116211,24.661413192749023
2012-04-03,109.95532989501953,60.304100036621094,35.241241455078125,31.676671981811523,73.67083740234375,68.5218505859375,159.88999938964844,35.97764205932617,24.5515079498291
2012-04-04,108.86557006835938,59.482139587402344,34.453224182128906,31.105915069580078,74.68346405029297,68.65354919433594,157.2100067138672,35.58319091796875,24.17106056213379
2012-04-05,108.81108856201172,59.85334014892578,34.24653244018555,31.274215698242188,75.2230453491211,68.76734924316406,158.30999755859375,35.44796371459961,24.26405906677246
2012-04-09,107.58903503417969,59.40259552001953,34.097965240478516,30.8132266998291,76.9819107055664,69.21644592285156,159.3699951171875,35.07044219970703,24.15414810180664
2012-04-10,105.78314208984375,58.44804382324219,33.36808776855469,30.213211059570312,77.85462951660156,69.17456817626953,161.10000610351562,34.31538772583008,23.832887649536133
2012-04-11,106.6393814086914,58.730873107910156,33.83313751220703,30.5424861907959,76.92195892333984,69.10269927978516,161.07000732421875,34.7548942565918,23.89206886291504
2012-04-12,108.0326919555664,59.40259552001953,34.453224182128906,31.3254451751709,76.60220336914062,69.13268280029297,162.6999969482422,35.23385238647461,24.204875946044922
2012-04-13,106.74840545654297,58.50108337402344,33.79438018798828,30.849809646606445,77.84135437011719,69.46198272705078,160.85000610351562,35.08736038208008,23.959701538085938
2012-04-16,106.6783218383789,57.847023010253906,34.03984069824219,30.696149826049805,77.72808837890625,69.46198272705078,160.4600067138672,35.566307067871094,23.722978591918945
2012-04-17,108.2583999633789,59.02254867553711,34.5824089050293,31.04737663269043,77.68150329589844,69.55180358886719,160.25,35.87057876586914,23.832887649536133
2012-04-18,107.89258575439453,58.872291564941406,34.40154266357422,30.901029586791992,77.90798950195312,69.53987884521484,159.30999755859375,35.62828063964844,23.6046199798584
2012-04-19,107.1998291015625,58.20941162109375,34.19485855102539,30.76199722290039,77.98123931884766,69.58769226074219,159.42999267578125,35.62828063964844,23.613073348999023
2012-04-20,107.37885284423828,58.05031967163086,34.52426528930664,30.97420883178711,77.99461364746094,69.56975555419922,159.5399932861328,36.0621452331543,23.706071853637695
2012-04-23,106.47589874267578,57.52001190185547,33.83313751220703,30.381500244140625,78.56083679199219,69.58170318603516,159.07000732421875,35.690269470214844,23.663801193237305
2012-04-24,106.88066101074219,57.21067428588867,34.10443115234375,30.447368621826172,78.00790405273438,69.45596313476562,159.3000030517578,36.225555419921875,23.663801193237305
2012-04-25,108.3440170288086,58.730873107910156,34.569488525390625,30.725419998168945,77.60820770263672,69.57572937011719,159.6199951171875,36.64252471923828,23.799068450927734
2012-04-26,109.09908294677734,59.0755500793457,34.77618408203125,30.915664672851562,78.07453155517578,69.68949127197266,161.02999877929688,36.732688903808594,23.849796295166016
2012-04-27,109.2780990600586,59.429100036621094,34.91829299926758,30.959569931030273,78.14115142822266,69.79129791259766,161.3800048828125,36.986244201660156,23.925884246826172
2012-04-30,108.87335205078125,59.004844665527344,34.718048095703125,30.893712997436523,78.16116333007812,69.74943542480469,161.8800048828125,36.89045333862305,24.018882751464844
2012-05-01,109.5505599975586,59.10210037231445,34.86014938354492,31.098600387573242,77.7557601928711,69.61662292480469,161.32000732421875,37.29051208496094,24.018882751464844
2012-05-02,109.22361755371094,59.27002716064453,34.5888671875,31.040061950683594,78.30338287353516,69.84492492675781,160.58999633789062,37.23417663574219,23.706071853637695
2012-05-03,108.39076232910156,58.64247512817383,34.28528594970703,30.805906295776367,78.28333282470703,69.88697814941406,158.97000122070312,37.10457229614258,23.44398307800293
2012-05-04,106.6393814086914,57.18415069580078,33.76209259033203,30.264421463012695,78.89778900146484,69.96511840820312,159.47000122070312,36.77775192260742,23.02971839904785
2012-05-07,106.71721649169922,57.23719787597656,34.00754165649414,30.37417984008789,78.9111099243164,70.08525085449219,159.0800018310547,37.03696060180664,22.978994369506836
2012-05-08,106.28907775878906,57.02505874633789,33.48434829711914,29.891239166259766,79.33187103271484,70.2594985961914,156.0,36.96935272216797,22.89444923400879
2012-05-09,105.6585922241211,56.84831237792969,33.09679412841797,29.5034236907959,79.38529205322266,70.13935089111328,154.47000122070312,36.85100555419922,22.716909408569336
2012-05-10,105.87657165527344,56.7333984375,33.2518196105957,29.627824783325195,79.15151977539062,69.99517822265625,154.77000427246094,36.87919235229492,22.72536277770996
2012-05-11,105.55741882324219,56.72455978393555,33.04512023925781,29.247312545776367,79.80601501464844,70.2054443359375,153.55999755859375,36.95806121826172,22.556276321411133
2012-05-14,104.38980102539062,56.194271087646484,32.41212463378906,28.58144760131836,80.9212417602539,70.22345733642578,151.3300018310547,36.49040222167969,22.260374069213867
2012-05-15,103.79045104980469,56.0086555480957,32.00519561767578,28.3326473236084,81.24849700927734,70.13329315185547,149.74000549316406,36.29880142211914,22.302644729614258
2012-05-16,103.39351654052734,55.62861251831055,31.68869972229004,27.930194854736328,81.48226165771484,70.16940307617188,149.4600067138672,35.89874267578125,22.277280807495117
2012-05-17,101.86004638671875,54.45310974121094,31.301149368286133,27.549701690673828,82.92478942871094,69.64669036865234,152.8000030517578,34.850685119628906,22.2265567779541
2012-05-18,100.9882583618164,53.74603271484375,31.075077056884766,27.28627586364746,82.94482421875,69.3763198852539,154.5500030517578,34.42808532714844,22.20964813232422
2012-05-21,102.72406768798828,55.24856948852539,31.759750366210938,27.937515258789062,82.77114868164062,69.45440673828125,154.64999389648438,35.17750549316406,22.505550384521484
2012-05-22,102.90309143066406,55.18667984008789,31.64348602294922,27.644821166992188,81.84953308105469,69.26814270019531,152.0800018310547,35.24512481689453,22.184282302856445
2012-05-23,102.95761108398438,55.29275131225586,31.385120391845703,27.45457649230957,82.41719818115234,69.43637084960938,151.6199951171875,35.295833587646484,21.93910789489746
2012-05-24,103.15995025634766,54.930381774902344,31.17841911315918,27.3155460357666,82.10332489013672,69.44837188720703,151.41000366210938,35.4536018371582,21.947561264038086
2012-05-25,102.82525634765625,54.859676361083984,31.068614959716797,27.183839797973633,82.41051483154297,69.62265014648438,152.67999267578125,35.31272888183594,22.023649215698242
2012-05-29,104.0707015991211,55.557899475097656,31.462631225585938,27.9521484375,82.1567611694336,69.72480773925781,151.02000427246094,35.814231872558594,21.930652618408203
2012-05-30,102.56061553955078,55.0894775390625,30.719823837280273,27.469207763671875,84.24040222167969,69.78486633300781,151.91000366210938,34.96338653564453,21.52484130859375
2012-05-31,102.33488464355469,54.850833892822266,30.849002838134766,27.58628273010254,85.2154541015625,70.27755737304688,151.6199951171875,35.22821807861328,21.33884620666504
2012-06-01,99.75843811035156,53.39250946044922,30.067441940307617,26.84722900390625,87.23848724365234,70.70918273925781,157.5,34.36610794067383,20.89921760559082
2012-06-04,99.71170806884766,53.799072265625,30.319353103637695,26.964311599731445,86.54917907714844,70.17265319824219,157.32000732421875,34.129451751708984,21.017578125
2012-06-05,100.46674346923828,54.02002716064453,30.538959503173828,27.03748321533203,85.39146423339844,70.02190399169922,157.13999938964844,34.83378982543945,20.94148826599121
2012-06-06,102.72406768798828,55.257408142089844,31.391569137573242,27.8277530670166,83.6849365234375,69.81694793701172,157.2100067138672,35.60573959350586,21.33038902282715
2012-06-07,102.78636169433594,55.036434173583984,31.43679428100586,27.996055603027344,83.81205749511719,69.961669921875,154.5,35.3521614074707,21.18666648864746
2012-06-08,103.60367584228516,55.56674575805664,31.33344078063965,27.75457763671875,83.79203033447266,70.22085571289062,154.72999572753906,35.853675842285156,21.254301071166992
2012-06-11,102.28814697265625,54.6298828125,31.02986717224121,27.352130889892578,84.17347717285156,70.20877075195312,155.36000061035156,35.04790496826172,20.865400314331055
2012-06-12,103.46353912353516,55.29275131225586,31.546598434448242,27.922882080078125,83.40385437011719,70.0038070678711,156.4600067138672,35.38035583496094,20.96685218811035
2012-06-13,102.80191802978516,54.91269302368164,31.294689178466797,27.820438385009766,84.22700500488281,70.25704193115234,157.1199951171875,35.200050354003906,20.80622100830078
2012-06-14,103.89163970947266,55.11598205566406,31.527219772338867,28.018009185791016,84.11993408203125,70.17265319824219,157.75,35.712799072265625,21.051395416259766
2012-06-15,104.95418548583984,55.80077362060547,31.972902297973633,28.53021812438965,84.5884017944336,70.4620132446289,157.83999633789062,35.93255615234375,21.017578125
2012-06-18,105.15760803222656,56.323429107666016,31.882476806640625,28.588756561279297,85.04346466064453,70.4318618774414,157.92999267578125,36.231201171875,21.03448486328125
2012-06-19,106.17479705810547,56.908084869384766,32.41212463378906,29.049760818481445,83.93257904052734,70.36550903320312,157.16000366210938,36.37769317626953,21.212026596069336
2012-06-20,106.00260925292969,56.952369689941406,32.59944534301758,28.954620361328125,84.3475112915039,70.39569854736328,155.97000122070312,36.36079406738281,20.865400314331055
2012-06-21,103.62406158447266,55.534996032714844,31.74613380432129,27.894243240356445,84.7957992553711,70.50418853759766,152.02000427246094,35.769142150878906,20.417316436767578
2012-06-22,104.42212677001953,56.119651794433594,32.01713180541992,27.983097076416016,83.66486358642578,70.4499740600586,152.63999938964844,35.77478790283203,20.620222091674805
2012-06-25,102.74774169921875,55.03889846801758,31.303287506103516,27.464765548706055,84.8828125,70.63078308105469,153.75999450683594,35.5924072265625,20.831579208374023
2012-06-26,103.26416015625,55.38439178466797,31.508190155029297,27.701719284057617,84.5482406616211,70.70311737060547,152.6199951171875,35.71172332763672,20.975305557250977
2012-06-27,104.19522094726562,55.72104263305664,31.805625915527344,27.879436492919922,84.68211364746094,70.79959869384766,152.8300018310547,35.853736877441406,21.09366798400879
2012-06-28,103.89788818359375,55.100921630859375,31.871715545654297,27.746145248413086,84.88951873779297,70.9081039428711,151.0500030517578,36.245750427246094,20.865400314331055
2012-06-29,106.48772430419922,56.83722686767578,33.02180099487305,28.97534942626953,83.78533172607422,70.8900375366211,155.19000244140625,37.17177963256836,21.770017623901367
2012-07-02,106.80855560302734,57.00551223754883,33.23991775512695,28.97534942626953,84.64978790283203,71.2662124633789,155.08999633789062,37.58082962036133,21.727745056152344
2012-07-03,107.51274108886719,57.483909606933594,33.54396438598633,29.55294418334961,83.99931335449219,71.32674407958984,157.4600067138672,37.8023796081543,22.33646011352539
2012-07-05,107.02760314941406,57.519344329833984,32.9887580871582,29.2419376373291,84.42849731445312,71.50823211669922,155.67999267578125,37.56946563720703,22.421003341674805
2012-07-06,106.01046752929688,56.80180358886719,32.6781005859375,28.708786010742188,85.21316528320312,71.6896743774414,153.7100067138672,37.66035461425781,21.90528678894043
2012-07-09,105.87747192382812,56.69547653198242,32.60538864135742,28.60511589050293,85.96426391601562,71.73809051513672,154.0399932861328,37.70012283325195,22.294191360473633
2012-07-10,104.95418548583984,56.137393951416016,32.38727569580078,28.286705017089844,86.13865661621094,71.71991729736328,152.14999389648438,37.29676818847656,22.00674057006836
2012-07-11,104.96981811523438,55.82734298706055,32.48641586303711,28.434804916381836,86.2459487915039,71.84091186523438,152.99000549316406,37.33653259277344,22.251916885375977
2012-07-12,104.46126556396484,55.30467224121094,32.16254425048828,27.96088409423828,86.8562240600586,72.20384216308594,152.58999633789062,37.450157165527344,22.302644729614258
2012-07-13,106.21390533447266,56.146236419677734,32.61861038208008,28.50144386291504,86.6281967163086,72.22801208496094,154.13999938964844,37.91032409667969,22.573184967041016
2012-07-16,105.96348571777344,55.986778259277344,32.612003326416016,28.434804916381836,87.03063201904297,72.4276351928711,154.2100067138672,37.98419189453125,22.852176666259766
2012-07-17,106.6911849975586,56.27912902832031,32.70453643798828,28.81245231628418,86.3465805053711,72.4276351928711,153.47000122070312,38.3477783203125,22.87754249572754
2012-07-18,107.48143005371094,57.040977478027344,32.962310791015625,28.7384033203125,86.39352416992188,72.8268051147461,153.0500030517578,38.12053298950195,23.0804443359375
2012-07-19,107.7630844116211,57.66994857788086,33.26634979248047,29.004981994628906,86.17222595214844,72.9538345336914,153.3800048828125,37.72284698486328,23.359439849853516
2012-07-20,106.7772445678711,56.908084869384766,32.48641586303711,28.575502395629883,87.22516632080078,73.00828552246094,153.6699981689453,37.524017333984375,23.359439849853516
2012-07-23,105.69747924804688,56.21710968017578,31.818843841552734,27.827606201171875,87.71472930908203,72.77240753173828,153.02999877929688,37.251312255859375,22.86908721923828
2012-07-24,104.78988647460938,55.77419662475586,31.475135803222656,27.709121704101562,88.40547180175781,72.8873062133789,153.52000427246094,37.12632751464844,22.73381805419922
2012-07-25,104.81336212158203,55.4021110534668,31.640369415283203,27.842411041259766,88.63346099853516,73.02642822265625,155.6699981689453,37.109291076660156,22.902904510498047
2012-07-26,106.54248046875,56.137393951416016,32.60538864135742,28.471817016601562,87.82196807861328,73.141357421875,156.77000427246094,37.43879699707031,22.945175170898438
2012-07-27,108.50636291503906,57.466182708740234,33.29279708862305,29.271554946899414,86.16545867919922,72.7966079711914,157.5399932861328,37.79670715332031,23.181900024414062
2012-07-30,108.50636291503906,57.421897888183594,33.253135681152344,29.101238250732422,86.809326171875,72.98407745361328,157.42999267578125,37.972816467285156,23.317169189453125
2012-07-31,107.74742126464844,57.4041748046875,33.04823684692383,28.96795654296875,86.98368835449219,73.35911560058594,156.49000549316406,37.9160041809082,23.038175582885742
2012-08-01,107.65360260009766,57.23587417602539,33.05485153198242,29.019792556762695,86.54879760742188,73.27720642089844,155.13999938964844,37.73421096801758,23.071992874145508
2012-08-02,106.91024017333984,57.032100677490234,32.59217071533203,28.679161071777344,87.03942108154297,73.32571411132812,154.1300048828125,37.84215545654297,22.87754249572754
2012-08-03,109.03059387207031,58.11287307739258,33.70258712768555,29.5677547454834,85.6348648071289,73.14973449707031,155.5500030517578,38.137569427490234,23.266443252563477
2012-08-06,109.2418441772461,58.55580520629883,33.9405403137207,29.752870559692383,85.6684341430664,73.24686431884766,156.3000030517578,38.09780502319336,23.40171241760254
2012-08-07,109.78955078125,59.04302978515625,34.224754333496094,29.834325790405273,84.56623077392578,72.86456298828125,156.27999877929688,37.64899444580078,23.579254150390625
2012-08-08,109.92255401611328,59.01646423339844,34.20494079589844,29.89356803894043,84.11601257324219,72.65827178955078,156.47999572753906,37.39335632324219,23.64689064025879
2012-08-09,110.01646423339844,59.19363021850586,34.224754333496094,30.019453048706055,84.05545043945312,72.60977172851562,156.99000549316406,37.2740478515625,23.84134292602539
2012-08-10,110.19644927978516,59.22906494140625,34.28425216674805,30.160144805908203,84.47886657714844,72.81603240966797,157.17999267578125,37.325164794921875,23.714527130126953
2012-08-13,110.14167022705078,59.370811462402344,34.11900329589844,29.89356803894043,84.33773040771484,72.66437530517578,155.99000549316406,37.29676818847656,23.528528213500977
2012-08-14,110.1573257446289,59.39737319946289,34.19832229614258,29.886165618896484,83.19525146484375,72.33665466308594,155.1300048828125,37.217227935791016,23.55389404296875
2012-08-15,110.28248596191406,59.54795837402344,34.09917449951172,29.84174156188965,82.02584838867188,71.99691009521484,155.6300048828125,37.38766098022461,23.756797790527344
2012-08-16,111.09624481201172,60.25667190551758,34.522193908691406,30.115707397460938,81.32688903808594,71.78446960449219,156.55999755859375,37.67170715332031,23.849796295166016
2012-08-17,111.2448501586914,60.52243423461914,34.56846237182617,29.967613220214844,81.72342681884766,71.88157653808594,156.72000122070312,37.68307876586914,23.88361358642578
2012-08-20,111.25267791748047,60.61102294921875,34.52880096435547,29.952810287475586,81.89141082763672,72.08180236816406,157.25999450683594,37.57514190673828,23.993520736694336
2012-08-21,110.91625213623047,60.3718147277832,34.72709274291992,29.908376693725586,82.25436401367188,72.20316314697266,158.8300018310547,37.6546745300293,24.21333122253418
2012-08-22,110.9632339477539,60.619869232177734,34.687435150146484,29.92317771911621,83.61193084716797,72.61582946777344,160.5399932861328,37.63196563720703,24.340147018432617
2012-08-23,110.0555648803711,60.12379455566406,34.48914337158203,29.64919662475586,83.96138763427734,72.67036437988281,161.88999938964844,37.5183219909668,24.221786499023438
2012-08-24,110.72068786621094,60.495845794677734,34.436256408691406,29.656612396240234,83.8807601928711,72.74933624267578,161.97000122070312,37.64332962036133,24.111879348754883
2012-08-27,110.74410247802734,60.59329605102539,34.45610046386719,29.353002548217773,84.37139129638672,72.84033966064453,161.36000061035156,37.75693130493164,24.00197410583496
2012-08-28,110.63459014892578,60.59329605102539,34.42305374145508,29.293771743774414,84.57298278808594,72.9434585571289,161.63999938964844,37.887611389160156,24.018882751464844
2012-08-29,110.72068786621094,60.59329605102539,34.31728744506836,29.153079986572266,84.20336151123047,72.79178619384766,160.58999633789062,37.8762321472168,24.061153411865234
2012-08-30,109.92255401611328,59.9820442199707,33.808349609375,28.81245231628418,84.64014434814453,72.81603240966797,160.52000427246094,37.791015625,24.086517333984375
2012-08-31,110.44682312011719,60.38070297241211,34.10578155517578,29.08641815185547,85.83648681640625,73.3196792602539,164.22000122070312,37.91032409667969,24.340147018432617
2012-09-04,110.34510040283203,60.318668365478516,33.93392562866211,28.923524856567383,85.75022888183594,73.14617919921875,164.47999572753906,38.17735290527344,24.348602294921875
2012-09-05,110.251220703125,60.25667190551758,33.84138488769531,28.775428771972656,85.3461685180664,73.17665100097656,164.30999755859375,38.10916519165039,24.230241775512695
2012-09-06,112.48890686035156,61.5943489074707,34.68082046508789,29.41225242614746,83.925048828125,72.85400390625,164.88999938964844,38.45002746582031,24.221786499023438
2012-09-07,112.92701721191406,61.50574493408203,35.20297622680664,30.093496322631836,83.53443908691406,73.00621032714844,168.44000244140625,38.484127044677734,24.492326736450195
2012-09-10,112.28549194335938,60.71732711791992,34.92538070678711,29.708446502685547,83.7364730834961,73.00008392333984,167.2899932861328,38.18302917480469,24.52614402770996
2012-09-11,112.59847259521484,60.619869232177734,35.32196044921875,30.063886642456055,83.21113586425781,73.06097412109375,167.89999389648438,38.29664611816406,24.57686996459961
2012-09-12,112.97402954101562,60.797027587890625,35.55329132080078,30.19717025756836,82.17396545410156,72.91486358642578,167.9199981689453,38.37617874145508,24.703685760498047
2012-09-13,114.69532775878906,61.62089920043945,36.09528350830078,31.011703491210938,81.85071563720703,73.30445098876953,171.30999755859375,38.84770965576172,24.87277603149414
2012-09-14,115.20391845703125,62.170135498046875,36.452205657958984,31.37455177307129,79.67525482177734,72.86616516113281,171.8000030517578,39.06361389160156,25.134857177734375
2012-09-17,114.81272888183594,62.19670104980469,36.26052474975586,31.033924102783203,80.63164520263672,73.11575317382812,170.39999389648438,38.949981689453125,24.441600799560547
2012-09-18,114.71882629394531,62.2498664855957,36.108497619628906,31.048728942871094,81.03575897216797,73.34098052978516,171.72000122070312,38.580718994140625,24.26405906677246
2012-09-19,114.78136444091797,62.36500930786133,36.26052474975586,31.048728942871094,81.56782531738281,73.46276092529297,171.74000549316406,38.36481475830078,23.90897560119629
2012-09-20,114.78923797607422,62.30302047729492,36.0291862487793,30.863616943359375,81.76985168457031,73.40189361572266,171.47000122070312,37.79670715332031,24.044246673583984
2012-09-21,114.7412338256836,62.32080078125,36.04901123046875,30.937660217285156,81.86415100097656,73.5357666015625,171.9600067138672,37.8023796081543,24.204875946044922
2012-09-24,114.56816864013672,61.95653533935547,35.923431396484375,30.908037185668945,82.50397491455078,73.64535522460938,171.0500030517578,37.66209411621094,23.951250076293945
2012-09-25,113.3490219116211,61.0859489440918,35.672271728515625,30.44894027709961,83.3189468383789,73.79145812988281,170.77000427246094,37.10663604736328,23.97661018371582
2012-09-26,112.71183013916016,60.58842468261719,35.31534194946289,30.308237075805664,84.21469116210938,73.99839782714844,169.80999755859375,37.10090637207031,23.807523727416992
2012-09-27,113.77374267578125,61.423484802246094,35.738365173339844,30.789562225341797,83.61522674560547,73.9618911743164,172.33999633789062,37.2612419128418,24.103424072265625
2012-09-28,113.24676513671875,60.917110443115234,35.03113555908203,30.604442596435547,83.66239929199219,74.12630462646484,171.88999938964844,37.203983306884766,24.247148513793945
2012-10-01,113.54566955566406,60.82826614379883,35.31534194946289,30.908037185668945,83.97286987304688,74.32408142089844,172.2899932861328,36.92911148071289,24.280967712402344
2012-10-02,113.66363525390625,61.00595474243164,35.454139709472656,30.952463150024414,83.85808563232422,74.34857177734375,172.10000610351562,37.20970916748047,24.15414810180664
2012-10-03,114.12772369384766,61.3968505859375,35.30873489379883,30.745134353637695,83.8851547241211,74.39738464355469,172.41000366210938,37.28414535522461,23.73988914489746
2012-10-04,114.94581604003906,61.61005783081055,35.738365173339844,31.06355094909668,82.83904266357422,74.33633422851562,173.61000061035156,37.2726936340332,24.255605697631836
2012-10-05,114.9536361694336,61.28137969970703,35.784629821777344,31.06355094909668,81.76585388183594,74.22027587890625,172.6199951171875,37.318504333496094,24.1287899017334
2012-10-08,114.56036376953125,60.721675872802734,35.573116302490234,30.789562225341797,82.45431518554688,74.41568756103516,172.0500030517578,37.23834228515625,24.061153411865234
2012-10-09,113.42767333984375,59.75334167480469,35.05757522583008,30.560007095336914,82.30584716796875,74.49508666992188,170.99000549316406,37.10090637207031,24.238693237304688
2012-10-10,112.70397186279297,59.451263427734375,34.958431243896484,30.3748779296875,82.88622283935547,74.62947845458984,170.83999633789062,37.24979019165039,24.19642448425293
2012-10-11,112.76689147949219,59.26470947265625,35.18314743041992,30.656272888183594,83.45992279052734,74.87371063232422,171.32000732421875,37.221168518066406,24.475418090820312
2012-10-12,112.397216796875,59.238067626953125,35.143497467041016,30.560007095336914,83.66917419433594,74.959228515625,170.05999755859375,37.08945846557617,24.137243270874023
2012-10-15,113.3332748413086,59.67338562011719,35.48720169067383,30.737733840942383,83.48018646240234,75.19127655029297,168.35000610351562,37.3356819152832,24.018882751464844
2012-10-16,114.48167419433594,60.51734924316406,36.075443267822266,31.056140899658203,82.3260498046875,75.1424560546875,169.4199981689453,37.56473159790039,24.035789489746094
2012-10-17,115.00080871582031,60.481807708740234,36.41255187988281,31.300508499145508,81.56344604492188,74.995849609375,169.5399932861328,37.461666107177734,24.044246673583984
2012-10-18,114.70194244384766,59.779998779296875,36.27374267578125,31.21163558959961,81.0639877319336,74.85539245605469,168.7899932861328,37.84532928466797,24.035789489746094
2012-10-19,112.79048919677734,58.34967041015625,35.784629821777344,30.73031997680664,82.16413879394531,74.98971557617188,166.97000122070312,37.530399322509766,23.67225456237793
2012-10-22,112.80623626708984,58.651729583740234,36.035789489746094,31.026508331298828,81.63766479492188,74.8126220703125,167.5800018310547,37.341426849365234,23.562347412109375
2012-10-23,111.24091339111328,58.09204864501953,35.26246643066406,30.38970184326172,82.80525970458984,74.94093322753906,165.42999267578125,36.96348571777344,23.274900436401367
2012-10-24,110.92626190185547,57.8876953125,35.282291412353516,30.4193172454834,81.98860931396484,74.73938751220703,164.86000061035156,36.93484878540039,23.207263946533203
2012-10-25,111.24877166748047,57.8876953125,35.49380874633789,30.75252914428711,81.57013702392578,74.5256576538086,166.02000427246094,36.83176803588867,23.266443252563477
2012-10-26,111.18582916259766,58.05648422241211,35.440921783447266,30.515575408935547,82.77151489257812,74.89202117919922,165.92999267578125,36.51109313964844,23.317169189453125
2012-10-31,111.18582916259766,57.701148986816406,35.41448974609375,30.47115135192871,83.25746154785156,75.12410736083984,166.8300018310547,36.86613464355469,23.300262451171875
2012-11-01,112.34999084472656,58.518470764160156,35.830902099609375,30.96727752685547,82.57581329345703,74.79437255859375,166.07000732421875,37.04364013671875,23.342533111572266
2012-11-02,111.35103607177734,57.89659118652344,35.48720169067383,30.804365158081055,82.5150375366211,74.64778137207031,162.60000610351562,37.28987503051758,22.945175170898438
2012-11-05,111.57913208007812,58.27859878540039,35.401268005371094,30.952463150024414,82.98074340820312,74.6844253540039,163.22999572753906,37.04364013671875,23.139629364013672
2012-11-06,112.45225524902344,58.38519287109375,35.738365173339844,31.19683074951172,82.19783020019531,74.32408142089844,166.3000030517578,37.203983306884766,23.55389404296875
2012-11-07,109.90372467041016,57.00819778442383,35.20297622680664,30.685895919799805,83.68936157226562,74.47679138183594,166.49000549316406,37.03791046142578,23.1142635345459
2012-11-08,108.58218383789062,56.11091613769531,34.88572311401367,30.30082130432129,84.93125915527344,74.40351104736328,167.99000549316406,36.59699630737305,23.148080825805664
2012-11-09,108.67660522460938,56.35079574584961,34.89893341064453,30.360078811645508,85.02574920654297,74.22027587890625,167.82000732421875,36.49965286254883,23.334081649780273
2012-11-12,108.76311492919922,56.34189987182617,34.87251281738281,30.47115135192871,85.16744995117188,74.23249053955078,167.4499969482422,36.41374588012695,23.224170684814453
2012-11-13,108.38553619384766,55.95102310180664,34.70064926147461,30.19717025756836,85.4509048461914,74.2630844116211,167.10000610351562,36.38511276245117,23.181900024414062
2012-11-14,106.92247009277344,55.293609619140625,34.337127685546875,29.73065948486328,85.53189086914062,74.41568756103516,167.13999938964844,35.70369338989258,23.249534606933594
2012-11-15,106.7415542602539,55.107025146484375,34.449485778808594,29.834325790405273,85.3631820678711,74.2691650390625,166.08999633789062,35.53762435913086,23.156538009643555
2012-11-16,107.26859283447266,55.34689712524414,34.429649353027344,29.92317771911621,85.28895568847656,74.29357147216797,165.8800048828125,35.75521469116211,23.25798797607422
2012-11-19,109.4395751953125,56.66170883178711,35.17654037475586,30.44894027709961,84.80973815917969,74.5256576538086,167.8699951171875,36.196163177490234,23.69761848449707
2012-11-20,109.48677825927734,56.67948532104492,35.229408264160156,30.38970184326172,83.95936584472656,74.29357147216797,167.38999938964844,36.46528625488281,23.536983489990234
2012-11-21,109.69129180908203,56.79497528076172,35.28890609741211,30.330453872680664,83.91211700439453,74.34857177734375,167.55999755859375,36.40229415893555,23.6384334564209
2012-11-23,111.18582916259766,57.656715393066406,36.04901123046875,30.826583862304688,83.83111572265625,74.37908172607422,169.61000061035156,36.67144775390625,23.722978591918945
2012-11-26,110.94988250732422,57.90549850463867,35.96308898925781,30.826583862304688,84.22935485839844,74.50125122070312,169.42999267578125,36.74586868286133,23.68916130065918
2012-11-27,110.38353729248047,57.710025787353516,35.784629821777344,30.567419052124023,84.56002807617188,74.54398345947266,168.7100067138672,36.539730072021484,23.655345916748047
2012-11-28,111.27234649658203,58.20752716064453,36.04240417480469,30.737733840942383,84.43852233886719,74.53173828125,166.5500030517578,36.49392318725586,23.579254150390625
2012-11-29,111.79150390625,58.55400085449219,36.353057861328125,30.959877014160156,84.45205688476562,74.58671569824219,167.17999267578125,36.694332122802734,23.73988914489746
2012-11-30,111.81510162353516,58.456275939941406,36.399330139160156,30.945064544677734,84.22259521484375,74.58055114746094,166.0500030517578,36.76878356933594,23.756797790527344
2012-12-03,111.26451873779297,58.34077453613281,36.44559097290039,30.93025016784668,84.30029296875,74.66329956054688,166.1300048828125,36.91767883300781,23.815977096557617
2012-12-04,111.1071548461914,58.30526351928711,36.53813171386719,31.019123077392578,84.78723907470703,74.73067474365234,164.4199981689453,36.97492980957031,23.6046199798584
2012-12-05,111.3038101196289,57.656715393066406,36.591007232666016,31.35234260559082,84.74668884277344,74.8838119506836,164.1199951171875,36.86040496826172,23.579254150390625
2012-12-06,111.68142700195312,58.029842376708984,36.66371154785156,31.589290618896484,84.92922973632812,74.87156677246094,164.5,37.203983306884766,23.367897033691406
2012-12-07,112.01964569091797,57.683380126953125,36.67693328857422,31.685546875,84.14482116699219,74.6939468383789,165.16000366210938,37.341426849365234,23.342533111572266
2012-12-10,112.06678009033203,57.852176666259766,36.71658706665039,31.863271713256836,84.51673126220703,74.76128387451172,165.8000030517578,37.32423400878906,23.291805267333984
2012-12-11,112.82981872558594,58.607303619384766,36.9281005859375,32.026180267333984,83.87433624267578,74.48564147949219,165.64999389648438,37.415870666503906,23.249534606933594
2012-12-12,112.88484954833984,58.482933044433594,37.04707336425781,32.12244415283203,82.90055084228516,74.25898742675781,165.77000427246094,37.31278991699219,23.359439849853516
2012-12-13,112.19267272949219,58.02094650268555,36.9347038269043,31.981739044189453,82.96136474609375,74.14261627197266,164.3699951171875,37.02647399902344,23.148080825805664
2012-12-14,111.7757568359375,57.47017288208008,37.066898345947266,32.12244415283203,83.58354187011719,74.19773864746094,164.1300048828125,37.0207405090332,23.291805267333984
2012-12-17,113.08940124511719,58.23418045043945,37.21892166137695,32.20389938354492,82.33246612548828,73.9588851928711,164.44000244140625,37.21544647216797,23.274900436401367
2012-12-18,114.34796142578125,59.12257766723633,37.60647964477539,32.42886734008789,81.49394226074219,73.77510070800781,162.0800018310547,37.59910583496094,23.334081649780273
2012-12-19,113.49842071533203,58.86493682861328,37.74011993408203,32.41397476196289,81.7644271850586,74.06300354003906,161.69000244140625,37.54755783081055,23.418624877929688
2012-12-20,114.15129089355469,58.86493682861328,37.99403762817383,32.6076774597168,81.7779541015625,74.13651275634766,159.72999572753906,38.040035247802734,23.308713912963867
2012-12-21,113.11515045166016,58.2458610534668,37.76017379760742,32.23518753051758,82.67060852050781,74.26512145996094,160.3300018310547,37.977046966552734,23.266443252563477
2012-12-24,112.76667785644531,58.12971115112305,37.659942626953125,32.168128967285156,82.52180480957031,74.2161636352539,160.6199951171875,38.02745819091797,23.19035530090332
2012-12-26,112.29130554199219,57.620506286621094,37.653255462646484,32.26498794555664,82.81866455078125,74.3218002319336,160.77999877929688,37.8477897644043,23.42707633972168
2012-12-27,112.14077758789062,57.53117752075195,37.82698440551758,32.44681167602539,83.09654998779297,74.5614013671875,161.16000366210938,37.986900329589844,23.42707633972168
2012-12-28,110.92874145507812,56.977298736572266,37.426063537597656,32.5660400390625,83.57096862792969,74.727294921875,160.5399932861328,37.7376594543457,23.359439849853516
2012-12-31,112.81414794921875,58.18331527709961,37.99403762817383,33.050445556640625,82.12744140625,74.33409881591797,162.02000427246094,38.1375846862793,23.48625946044922
2013-01-02,115.70555877685547,60.03254318237305,38.582054138183594,33.698787689208984,81.02948760986328,74.5061264038086,163.1699981689453,38.612850189208984,23.57080078125
2013-01-03,115.44413757324219,59.71985626220703,38.20787048339844,33.46031951904297,79.93147277832031,74.10062408447266,161.1999969482422,38.60706329345703,23.37635040283203
2013-01-04,115.95115661621094,59.523338317871094,38.40165328979492,33.52738952636719,80.24327087402344,74.06375122070312,160.44000244140625,38.78672790527344,23.274900436401367
2013-01-07,115.6343002319336,59.541202545166016,38.234596252441406,33.27400588989258,80.27716827392578,74.18666076660156,159.42999267578125,38.8736686706543,23.317169189453125
2013-01-08,115.30158233642578,59.425079345703125,38.02076721191406,32.97591018676758,80.8057861328125,74.25421142578125,160.55999755859375,38.798343658447266,23.37635040283203
2013-01-09,115.59467315673828,59.648399353027344,38.214542388916016,33.11750793457031,80.73130798339844,74.22964477539062,160.49000549316406,38.908451080322266,23.342533111572266
2013-01-10,116.51360321044922,60.00574493408203,38.70233154296875,33.40814971923828,80.50762176513672,74.26652526855469,161.97999572753906,38.94902420043945,23.42707633972168
2013-01-11,116.50564575195312,60.086143493652344,38.78252029418945,33.13986587524414,81.22599792480469,74.40168762207031,161.05999755859375,38.925838470458984,23.325624465942383
2013-01-14,116.426513671875,59.81813049316406,38.82929992675781,33.28145980834961,81.00235748291016,74.25421142578125,161.5399932861328,39.03597640991211,23.47780418395996
2013-01-15,116.50564575195312,59.523338317871094,38.769161224365234,33.13986587524414,81.37511444091797,74.19283294677734,162.55999755859375,39.22142791748047,23.37635040283203
2013-01-16,116.48983001708984,59.7645149230957,38.582054138183594,33.11006164550781,81.5445785522461,74.19283294677734,162.64999389648438,39.175071716308594,23.40171241760254
2013-01-17,117.24239349365234,60.050384521484375,38.896114349365234,33.296363830566406,80.73130798339844,74.06375122070312,163.35000610351562,39.296791076660156,23.503164291381836
2013-01-18,117.50386810302734,59.916385650634766,38.856021881103516,33.370880126953125,81.35472869873047,74.13748168945312,163.08999633789062,39.464866638183594,23.655345916748047
2013-01-22,118.13758850097656,60.01466369628906,38.876068115234375,33.3187141418457,81.5106430053711,74.13748168945312,163.6699981689453,39.6677360534668,23.722978591918945
2013-01-23,118.32770538330078,60.38093185424805,38.83597183227539,33.13986587524414,81.3886947631836,74.22964477539062,163.2100067138672,39.6561279296875,23.74834442138672
2013-01-24,118.35936737060547,59.55012130737305,39.0230712890625,33.020626068115234,81.10401153564453,74.1252212524414,161.4199981689453,39.7372932434082,23.731433868408203
2013-01-25,119.02478790283203,59.85385513305664,39.44404220581055,32.90885543823242,79.9925308227539,73.78730010986328,160.64999389648438,39.963321685791016,23.680707931518555
2013-01-28,118.88220977783203,59.987857818603516,39.2502555847168,32.67782974243164,79.70112609863281,73.72579956054688,160.2899932861328,40.0676383972168,23.67225456237793
2013-01-29,119.34956359863281,59.99679946899414,39.51754379272461,33.042991638183594,79.26055145263672,73.55997467041016,160.99000549316406,40.183570861816406,23.807523727416992
2013-01-30,118.88220977783203,59.87174606323242,39.557640075683594,32.886497497558594,79.12505340576172,73.31424713134766,162.19000244140625,39.801025390625,24.07806396484375
2013-01-31,118.58912658691406,59.73773956298828,39.4106330871582,32.953556060791016,79.5113525390625,73.3695068359375,161.1999969482422,39.563411712646484,24.069608688354492
2013-02-01,119.80904388427734,60.443458557128906,39.72468948364258,33.169673919677734,78.47887420654297,73.17904663085938,161.4499969482422,39.79523849487305,24.162607192993164
2013-02-04,118.46235656738281,59.38935852050781,39.009708404541016,32.72999572753906,79.48416137695312,73.42556762695312,162.0,39.7025032043457,24.07806396484375
2013-02-05,119.65856170654297,60.264801025390625,39.190120697021484,32.76726531982422,78.77781677246094,73.2777099609375,161.9600067138672,39.60974884033203,24.17106056213379
2013-02-06,119.74568939208984,60.06825637817383,39.18343734741211,32.72999572753906,79.42305755615234,73.46875762939453,162.38999938964844,39.74887466430664,24.137243270874023
2013-02-07,119.58723449707031,60.121883392333984,38.862701416015625,32.439353942871094,79.24645233154297,73.49333953857422,161.83999633789062,39.58079528808594,24.044246673583984
2013-02-08,120.2526626586914,60.73827362060547,39.109928131103516,32.67782974243164,79.55211639404297,73.65362548828125,161.57000732421875,39.945926666259766,24.137243270874023
2013-02-11,120.22885131835938,60.75613021850586,39.06985092163086,32.66292953491211,79.49097442626953,73.61666107177734,159.6999969482422,40.00390625,24.052698135375977
2013-02-12,120.4269790649414,60.50601577758789,39.26361846923828,32.75235366821289,79.2939682006836,73.54270935058594,159.88999938964844,40.3052864074707,24.094970703125
2013-02-13,120.52994537353516,60.72040557861328,39.357177734375,32.916297912597656,78.64871978759766,73.37014770507812,159.0500030517578,40.28211212158203,24.103424072265625
2013-02-14,120.6408462524414,60.70253372192383,39.14335632324219,32.90139389038086,79.36194610595703,73.573486328125,158.35000610351562,40.114017486572266,24.069608688354492
2013-02-15,120.498291015625,60.52387619018555,39.043113708496094,32.78216552734375,79.13103485107422,73.54270935058594,155.75999450683594,40.13139724731445,23.968156814575195
2013-02-19,121.4013442993164,60.96160888671875,39.504180908203125,32.84922790527344,78.73697662353516,73.52423858642578,155.3300018310547,40.4501953125,23.87515640258789
2013-02-20,119.88829803466797,60.02359390258789,39.11661148071289,32.55858612060547,78.97478485107422,73.64743041992188,151.44000244140625,40.189353942871094,23.6046199798584
2013-02-21,119.15946960449219,59.38038635253906,38.528594970703125,32.1114616394043,79.43663787841797,73.76454162597656,152.6199951171875,39.88796615600586,23.334081649780273
2013-02-22,120.3239517211914,59.978939056396484,39.08320999145508,32.253055572509766,79.49097442626953,73.81385803222656,152.97000122070312,40.28788757324219,23.334081649780273
2013-02-25,118.03462982177734,59.237464904785156,38.14773178100586,31.820837020874023,81.05322265625,74.25139617919922,154.33999633789062,39.522830963134766,23.224170684814453
2013-02-26,118.8426742553711,59.46080017089844,38.455101013183594,31.999675750732422,80.5845718383789,74.15898895263672,156.22000122070312,39.79523849487305,23.181900024414062
2013-02-27,120.33983612060547,60.06825637817383,38.94288635253906,32.349937438964844,80.3468017578125,74.13433837890625,154.57000732421875,40.08504104614258,23.038175582885742
2013-02-28,120.1021499633789,59.94320297241211,38.90279006958008,32.20088577270508,80.49626922607422,74.15898895263672,153.0,40.04446792602539,22.936721801757812
2013-03-01,120.498291015625,60.193328857421875,38.82260513305664,32.27541732788086,80.93461608886719,74.3283920288086,152.44000244140625,40.17776870727539,22.776090621948242
2013-03-04,121.13996887207031,60.46134567260742,38.989662170410156,31.969873428344727,80.5057373046875,74.27271270751953,152.3000030517578,40.47917175292969,22.691547393798828
2013-03-05,122.22517395019531,61.35465621948242,39.37722396850586,32.357391357421875,80.27436828613281,74.14909362792969,152.3800048828125,40.79793930053711,22.902904510498047
2013-03-06,122.39160919189453,61.20280075073242,39.477455139160156,32.51388931274414,79.54598999023438,73.93273162841797,153.22999572753906,40.67623519897461,22.776090621948242
2013-03-07,122.61341094970703,61.3636360168457,39.59104919433594,32.603302001953125,78.93335723876953,73.69160461425781,152.69000244140625,40.484954833984375,22.928268432617188
2013-03-08,123.13621520996094,61.43509292602539,39.67790603637695,32.886497497558594,78.10969543457031,73.43199157714844,152.7100067138672,40.55451202392578,22.99590301513672
2013-03-11,123.60358428955078,61.613765716552734,39.798187255859375,32.7076416015625,78.18460083007812,73.48140716552734,152.99000549316406,40.58929443359375,23.0128116607666
2013-03-12,123.32633209228516,61.39042663574219,39.59772872924805,32.33503341674805,78.74958038330078,73.6297836303711,154.19000244140625,40.43858337402344,23.063539505004883
2013-03-13,123.50056457519531,61.31001281738281,39.53759002685547,32.02949523925781,78.66788482666016,73.56181335449219,153.66000366210938,40.47917175292969,22.945175170898438
2013-03-14,124.15814208984375,61.5155029296875,39.92514419555664,32.16362762451172,78.42965698242188,73.59271240234375,153.67999267578125,40.73418426513672,23.1142635345459
2013-03-15,123.99424743652344,61.34444808959961,40.00532913208008,31.873010635375977,78.79727172851562,73.69160461425781,154.0,40.82693099975586,23.164989471435547
2013-03-18,123.30986785888672,61.21014404296875,39.56432342529297,31.515295028686523,79.3962631225586,73.87088775634766,155.3800048828125,40.60087966918945,23.02971839904785
2013-03-19,123.02348327636719,61.0937614440918,39.44404220581055,31.291728973388672,79.93399047851562,73.9945297241211,156.0800018310547,40.40382766723633,22.86063575744629
2013-03-20,123.8828353881836,61.52352523803711,39.684593200683594,31.4705753326416,79.04228210449219,73.77820587158203,155.3699951171875,40.53133010864258,23.02126693725586
2013-03-21,122.82450103759766,60.825138092041016,39.323768615722656,31.15012550354004,79.80464172363281,73.85237884521484,156.25,40.40960693359375,22.919816970825195
2013-03-22,123.81120300292969,61.416072845458984,39.664546966552734,31.269371032714844,79.86595153808594,73.85855865478516,155.5500030517578,40.622215270996094,22.962085723876953
2013-03-25,123.29402160644531,61.19223403930664,39.170074462890625,31.239566802978516,79.79100036621094,73.85855865478516,155.24000549316406,40.62805938720703,22.978994369506836
2013-03-26,124.28067016601562,61.52352523803711,39.41731643676758,31.686695098876953,79.8863525390625,73.90799713134766,154.72000122070312,40.9785041809082,23.19035530090332
2013-03-27,124.28067016601562,61.604148864746094,39.22353744506836,31.805917739868164,80.5670394897461,74.16763305664062,155.36000061035156,41.05442810058594,23.308713912963867
2013-03-28,124.66262817382812,61.7563591003418,39.4106330871582,31.873010635375977,80.15858459472656,74.12440490722656,154.4499969482422,41.194618225097656,23.08890151977539
2013-04-01,124.16921997070312,61.335514068603516,38.88274383544922,31.530202865600586,80.76229858398438,74.0177230834961,154.6699981689453,41.317256927490234,23.08890151977539
2013-04-02,124.7819595336914,61.81901550292969,39.297035217285156,31.54509925842285,80.43489074707031,74.01150512695312,152.42999267578125,41.44575500488281,22.978994369506836
2013-04-03,123.51676177978516,61.25493621826172,39.10325241088867,31.172487258911133,81.15802001953125,74.30915832519531,150.72999572753906,41.29973220825195,22.5900936126709
2013-04-04,124.0180435180664,61.27281951904297,39.450714111328125,31.083057403564453,82.126708984375,74.70601654052734,150.2899932861328,41.97141647338867,22.564729690551758
2013-04-05,123.46107482910156,60.76243591308594,39.270301818847656,31.00855255126953,83.78434753417969,74.93551635742188,152.80999755859375,42.19921112060547,22.547821044921875
2013-04-08,124.29659271240234,61.084800720214844,39.42399597167969,31.060710906982422,83.14310455322266,75.00371551513672,152.16000366210938,42.5379638671875,22.615455627441406
2013-04-09,124.72623443603516,61.49665832519531,39.56432342529297,31.366247177124023,82.9384765625,75.0781478881836,153.33999633789062,42.543800354003906,22.759180068969727
2013-04-10,126.25402069091797,62.696537017822266,40.152339935302734,31.664329528808594,81.79924011230469,74.87968444824219,150.75,42.80665969848633,22.708454132080078
2013-04-11,126.66773986816406,62.66967010498047,40.46639633178711,31.694137573242188,81.95610809326172,74.92929077148438,151.0500030517578,43.05781173706055,22.615455627441406
2013-04-12,126.3573989868164,62.62488555908203,40.36616516113281,31.209747314453125,83.17726135253906,75.30134582519531,143.9499969482422,43.162933349609375,22.33646011352539
2013-04-15,123.42930603027344,61.38922119140625,39.571006774902344,30.449628829956055,83.90032958984375,75.32616424560547,131.30999755859375,42.26930618286133,21.66856575012207
2013-04-16,125.25141906738281,62.20405578613281,40.13228988647461,31.075611114501953,83.21134185791016,75.18971252441406,132.8000030517578,42.970184326171875,21.896835327148438
2013-04-17,123.4212875366211,60.986324310302734,39.297035217285156,30.58377456665039,83.7639389038086,75.295166015625,132.8699951171875,42.514610290527344,21.5755672454834
2013-04-18,122.64945983886719,60.144622802734375,39.17676544189453,30.58377456665039,83.96853637695312,75.36337280273438,134.3000030517578,42.45036697387695,21.803836822509766
2013-04-19,123.7156753540039,60.96836853027344,39.490806579589844,31.030900955200195,83.79119873046875,75.4749984741211,135.47000122070312,43.10451889038086,21.753110885620117
2013-04-22,124.2647476196289,61.595191955566406,39.657859802246094,31.179943084716797,83.85254669189453,75.49979400634766,137.89999389648438,43.0461311340332,21.820743560791016
2013-04-23,125.5457992553711,62.1861457824707,40.21915817260742,31.32898712158203,83.55924987792969,75.59906768798828,136.8800048828125,43.28558349609375,21.68547248840332
2013-04-24,125.62538146972656,62.15926742553711,40.566619873046875,31.515295028686523,83.770751953125,75.63002014160156,138.3699951171875,43.379032135009766,21.922195434570312
2013-04-25,126.1346206665039,62.490577697753906,40.78044891357422,31.798480987548828,83.4091567993164,75.58660888671875,141.6300048828125,43.233009338378906,22.20964813232422
2013-04-26,125.91184997558594,62.29358673095703,40.8138542175293,31.478029251098633,84.17322540283203,75.85946655273438,140.91000366210938,43.092838287353516,22.08283233642578
2013-04-29,126.75531005859375,62.866676330566406,41.33505630493164,31.805917739868164,83.8662338256836,75.86567687988281,142.3000030517578,43.46080780029297,22.378732681274414
2013-04-30,127.05770111083984,63.32331466674805,41.38851547241211,32.2605094909668,83.91399383544922,75.73548126220703,142.77000427246094,43.96895217895508,22.20964813232422
2013-05-01,125.94371795654297,63.02781677246094,41.14127731323242,31.91025733947754,84.77604675292969,76.07256317138672,141.11000061035156,43.618507385253906,21.812288284301758
2013-05-02,127.11334228515625,63.82474899291992,41.26823425292969,32.16362762451172,84.66663360595703,76.07256317138672,141.9199981689453,43.904701232910156,22.09128189086914
2013-05-03,128.40237426757812,64.5768814086914,41.79611587524414,32.43191146850586,82.67047119140625,75.35726928710938,142.08999633789062,44.07992172241211,22.33646011352539
2013-05-06,128.72865295410156,64.82759857177734,41.74265670776367,32.47663497924805,82.46533203125,75.34484100341797,142.14999389648438,44.30771255493164,22.361825942993164
2013-05-07,129.38107299804688,64.79178619384766,41.80948257446289,32.7076416015625,82.14408874511719,75.28885650634766,140.3800048828125,44.55303192138672,22.285734176635742
2013-05-08,129.96994018554688,65.10517883300781,42.25049591064453,32.96100997924805,82.27393341064453,75.35726928710938,142.4600067138672,44.57638168334961,22.38718605041504
2013-05-09,129.6039276123047,65.01563262939453,41.84288787841797,32.7225456237793,82.06205749511719,75.19561004638672,140.80999755859375,44.284339904785156,22.378732681274414
2013-05-10,130.02565002441406,65.40960693359375,41.889652252197266,32.46917724609375,81.18016815185547,74.8036880493164,139.60000610351562,44.44788360595703,22.277280807495117
2013-05-13,130.1290283203125,65.49020385742188,41.86962127685547,32.17108154296875,80.5580825805664,74.61092376708984,138.42999267578125,44.658138275146484,22.17582893371582
2013-05-14,131.47381591796875,65.83045196533203,41.94980239868164,32.32012176513672,79.68304443359375,74.41192626953125,137.80999755859375,44.82170867919922,22.0997371673584
2013-05-15,132.18199157714844,65.96473693847656,42.130218505859375,32.32758331298828,80.21625518798828,74.67311096191406,134.6300048828125,45.26558303833008,22.04901123046875
2013-05-16,131.5613555908203,65.89312744140625,41.84288787841797,32.21578598022461,81.0503158569336,75.01522064208984,134.08999633789062,45.031959533691406,22.023649215698242
2013-05-17,132.83448791503906,66.52887725830078,42.130218505859375,32.357391357421875,80.02485656738281,74.69181823730469,131.07000732421875,45.283111572265625,22.133556365966797
2013-05-20,132.8264923095703,66.43038940429688,42.36409378051758,32.439353942871094,79.92914581298828,74.60472869873047,135.1199951171875,45.38822555541992,22.277280807495117
2013-05-21,133.01742553710938,66.50200653076172,42.450958251953125,32.37229919433594,80.5580825805664,74.8846206665039,132.8800048828125,45.64524459838867,22.15046501159668
2013-05-22,132.03077697753906,65.91998291015625,42.023311614990234,32.014591217041016,79.36174774169922,74.29374694824219,131.94000244140625,44.53550338745117,22.04901123046875
2013-05-23,131.64878845214844,65.76776885986328,41.42192459106445,31.776119232177734,79.73773956298828,74.36834716796875,134.61000061035156,43.70026397705078,22.15046501159668
2013-05-24,131.53749084472656,65.73198699951172,41.06108856201172,31.500398635864258,79.84716033935547,74.31858825683594,133.75999450683594,43.589298248291016,22.0659236907959
2013-05-28,132.32516479492188,66.1617660522461,41.16801071166992,31.671783447265625,77.82356262207031,73.60334777832031,133.49000549316406,43.215492248535156,22.268827438354492
2013-05-29,131.4657745361328,65.84835815429688,40.773765563964844,31.269371032714844,78.69857788085938,73.572265625,134.8300018310547,42.29850387573242,22.125102996826172
2013-05-30,131.9512176513672,66.19757080078125,40.934139251708984,31.269371032714844,78.5072021484375,73.6655502319336,136.6999969482422,41.90134048461914,22.125102996826172
2013-05-31,130.05746459960938,65.5887222290039,40.13897705078125,30.7030029296875,78.24060821533203,73.29859161376953,133.9199981689453,41.34062957763672,21.86301612854004
2013-06-03,130.7736053466797,65.70510864257812,40.29266357421875,31.157590866088867,78.65518188476562,73.10584259033203,136.50999450683594,41.57426071166992,22.133556365966797
2013-06-04,130.14500427246094,65.36483764648438,40.43966293334961,30.777523040771484,77.9288101196289,72.81886291503906,135.22999572753906,40.99602508544922,22.218101501464844
2013-06-05,128.3227996826172,64.51421356201172,39.53759002685547,30.226064682006836,79.00467681884766,72.71278381347656,135.52000427246094,40.6572380065918,22.116649627685547
2013-06-06,129.48451232910156,64.82759857177734,39.758094787597656,30.47943878173828,78.95674133300781,73.02474212646484,136.52999877929688,41.31142044067383,22.201190948486328
2013-06-07,131.13165283203125,65.71405792236328,40.29266357421875,30.322935104370117,77.54503631591797,72.73774719238281,133.27999877929688,41.317256927490234,22.251916885375977
2013-06-10,131.13165283203125,65.74092864990234,40.332759857177734,29.913068771362305,77.17500305175781,72.51314544677734,133.94000244140625,40.96097946166992,22.167373657226562
2013-06-11,129.7790069580078,65.08728790283203,39.83827209472656,29.34670639038086,78.09325408935547,72.37589263916016,133.25,40.353538513183594,21.972923278808594
2013-06-12,128.70468139648438,64.3351058959961,39.79152297973633,29.145498275756836,76.97627258300781,72.1263198852539,134.25,39.80451965332031,21.998287200927734
2013-06-13,130.66213989257812,65.14994812011719,40.39957809448242,29.76403045654297,78.18235778808594,72.89989471435547,133.74000549316406,40.83831787109375,22.142009735107422
2013-06-14,129.84255981445312,64.72014617919922,39.95855712890625,29.294540405273438,77.9972915649414,72.84999084472656,134.42999267578125,40.99018096923828,22.235008239746094
2013-06-17,130.84523010253906,65.3469467163086,40.53321838378906,29.562820434570312,77.5862045288086,72.74393463134766,133.77000427246094,41.10698699951172,22.285734176635742
2013-06-18,131.87962341308594,65.88414764404297,40.82054138183594,29.68950653076172,77.62728118896484,72.60049438476562,132.1300048828125,41.317256927490234,22.328006744384766
2013-06-19,130.05746459960938,65.14994812011719,40.05878829956055,28.77288055419922,76.82550811767578,71.57108306884766,130.58999633789062,40.049827575683594,22.361825942993164
2013-06-20,126.83484649658203,63.60090255737305,38.588748931884766,27.48365020751953,75.56462097167969,70.58535766601562,123.5999984741211,38.38522720336914,21.634748458862305
2013-06-21,127.24208068847656,63.26315689086914,38.715702056884766,27.878629684448242,74.28317260742188,70.00517272949219,125.05000305175781,38.90504455566406,21.49947738647461
2013-06-24,125.63418579101562,62.63438415527344,38.10763168334961,27.3122615814209,74.59152221679688,69.54969787597656,123.93000030517578,38.72874069213867,21.406478881835938
2013-06-25,126.84201049804688,63.092472076416016,38.595420837402344,27.89353370666504,73.92681121826172,69.78060913085938,123.47000122070312,39.377349853515625,21.423389434814453
2013-06-26,128.09788513183594,63.658363342285156,38.749107360839844,28.333209991455078,74.40653228759766,70.31082153320312,118.27999877929688,39.97290802001953,21.364208221435547
2013-06-27,128.84982299804688,63.92786407470703,39.13906478881836,28.901729583740234,75.16712188720703,70.94718933105469,115.94000244140625,40.77485656738281,21.35575294494629
2013-06-28,128.32188415527344,64.01765441894531,39.064064025878906,29.067838668823242,75.68110656738281,70.90348815917969,119.11000061035156,40.52128982543945,21.245845794677734
2013-07-01,129.07383728027344,64.41290283203125,39.432220458984375,29.158430099487305,75.8336181640625,71.0868911743164,121.12999725341797,40.43284606933594,21.381118774414062
2013-07-02,128.9537811279297,64.4398422241211,39.23451232910156,28.637479782104492,75.78550720214844,71.31221771240234,120.05000305175781,41.051998138427734,21.465660095214844
2013-07-03,129.00979614257812,64.70033264160156,39.24814987182617,28.373226165771484,75.55884552001953,71.10566711425781,120.73999786376953,40.78074645996094,21.660112380981445
2013-07-05,130.4016571044922,65.19437408447266,39.432220458984375,28.19202423095703,72.98320770263672,70.20441436767578,118.08999633789062,40.586151123046875,21.609386444091797
2013-07-08,131.14559936523438,65.25723266601562,39.67764663696289,28.229772567749023,73.690673828125,70.78025817871094,119.51000213623047,40.627445220947266,21.71929168701172
2013-07-09,132.08950805664062,65.6524658203125,39.89580154418945,28.5997314453125,73.76620483398438,70.84283447265625,120.62000274658203,41.205299377441406,21.854562759399414
2013-07-10,132.137451171875,66.02974700927734,40.01169967651367,28.327924728393555,73.18926239013672,70.63623809814453,120.94999694824219,41.22298812866211,21.922195434570312
2013-07-11,133.93728637695312,67.34114837646484,41.04795455932617,29.717138290405273,74.04786682128906,71.46869659423828,124.23999786376953,42.21949768066406,22.0321044921875
2013-07-12,133.99327087402344,67.63758087158203,40.77525329589844,29.400035858154297,73.98603820800781,71.26844024658203,124.12999725341797,41.96006393432617,22.116649627685547
2013-07-15,134.5052032470703,67.79027557373047,41.02750778198242,29.702037811279297,74.3774642944336,71.72529602050781,124.18000030517578,42.136962890625,22.057466506958008
2013-07-16,134.0012664794922,67.70049285888672,41.000244140625,29.822834014892578,74.63162994384766,71.6188735961914,124.88999938964844,42.16645812988281,22.08283233642578
2013-07-17,134.34523010253906,67.8711166381836,41.122947692871094,30.09464454650879,74.76898956298828,71.88802337646484,123.31999969482422,42.31976318359375,22.0659236907959
2013-07-18,135.08114624023438,67.70049285888672,41.395660400390625,29.739797592163086,73.83497619628906,71.7002944946289,124.01000213623047,42.679443359375,22.158918380737305
2013-07-19,135.3210906982422,66.99982452392578,41.36156463623047,29.656728744506836,75.00251007080078,72.09455871582031,125.11000061035156,42.64996337890625,22.17582893371582
2013-07-22,135.5851287841797,67.1974105834961,41.593353271484375,29.951190948486328,75.11238861083984,72.25730895996094,128.83999633789062,42.7796745300293,22.158918380737305
2013-07-23,135.29713439941406,66.70343017578125,41.68198013305664,30.27585220336914,74.79643249511719,72.14459228515625,129.7100067138672,42.732513427734375,22.19273567199707
2013-07-24,134.80117797851562,66.91902160644531,41.6274528503418,29.966293334960938,73.84870147705078,71.79412841796875,127.4800033569336,41.901100158691406,22.015193939208984
2013-07-25,135.12913513183594,67.34114837646484,41.70925521850586,30.139949798583984,73.82112884521484,71.70655059814453,128.6699981689453,41.96595764160156,21.989831924438477
2013-07-26,135.2731170654297,67.70049285888672,41.4501953125,30.071990966796875,74.27447509765625,71.78166961669922,128.77999877929688,42.001338958740234,21.854562759399414
2013-07-29,134.8571319580078,67.57471466064453,41.05478286743164,29.694490432739258,73.73189544677734,71.66267395019531,128.47000122070312,41.68882369995117,21.84610939025879
2013-07-30,134.8571319580078,67.93400573730469,41.04795455932617,29.626543045043945,73.70435333251953,71.68145751953125,128.1199951171875,41.56498336791992,21.770017623901367
2013-07-31,134.9532012939453,68.05973815917969,41.14340591430664,29.452882766723633,73.97230529785156,71.68772888183594,127.95999908447266,40.886878967285156,21.922195434570312
2013-08-01,136.51300048828125,68.75142669677734,41.70242691040039,29.988950729370117,72.54695129394531,71.11641693115234,126.61000061035156,40.72766876220703,21.972923278808594
2013-08-02,136.7449493408203,69.13766479492188,42.043312072753906,29.981393814086914,73.34565734863281,71.468017578125,126.36000061035156,40.527191162109375,21.88838005065918
2013-08-05,136.5449676513672,69.18254852294922,41.954681396484375,29.792638778686523,72.78101348876953,71.19803619384766,125.69999694824219,40.49770736694336,21.778470993041992
2013-08-06,135.76910400390625,68.76936340332031,41.89332580566406,29.415138244628906,72.9945068359375,71.24202728271484,123.97000122070312,40.356178283691406,21.60093116760254
2013-08-07,135.32913208007812,68.64363861083984,41.70925521850586,29.098031997680664,73.53848266601562,71.39893341064453,124.1500015258789,40.250057220458984,21.45720672607422
2013-08-08,135.82508850097656,68.98493957519531,42.08421325683594,29.656728744506836,73.73811340332031,71.54962158203125,126.86000061035156,40.26774978637695,21.567113876342773
2013-08-09,135.4330596923828,68.70648956298828,42.159210205078125,29.717138290405273,73.85519409179688,71.54962158203125,126.86000061035156,40.621524810791016,21.71929168701172
2013-08-12,135.2731170654297,68.8681869506836,42.043312072753906,29.99649429321289,73.35258483886719,71.51193237304688,129.1300048828125,40.332603454589844,21.98137855529785
2013-08-13,135.6730499267578,69.25440216064453,42.31601333618164,30.17769432067871,72.29218292236328,71.00343322753906,127.73999786376953,39.778316497802734,21.972923278808594
2013-08-14,134.97715759277344,68.99392700195312,42.33646774291992,30.27585220336914,72.40231323242188,70.88419342041016,129.0,39.62501525878906,22.15046501159668
2013-08-15,133.08946228027344,67.82622528076172,41.981956481933594,29.928537368774414,71.42462921142578,70.38196563720703,131.69000244140625,38.89973068237305,22.361825942993164
2013-08-16,132.64942932128906,67.79927062988281,42.05694580078125,29.67184066772461,71.17671966552734,70.03036499023438,132.5800018310547,37.94448471069336,22.370277404785156
2013-08-19,131.801513671875,67.6824722290039,41.75697326660156,29.113140106201172,70.55703735351562,69.6474609375,132.00999450683594,37.44328308105469,22.34491729736328
2013-08-20,132.4494171142578,67.97892761230469,41.70242691040039,29.060283660888672,71.10102081298828,70.07434844970703,132.4499969482422,38.292396545410156,22.302644729614258
2013-08-21,131.6334991455078,67.74537658691406,41.21158218383789,28.380767822265625,70.32292938232422,69.65367126464844,132.07000732421875,38.203941345214844,22.277280807495117
2013-08-22,132.83340454101562,68.41007995605469,41.61380386352539,28.84132957458496,71.03898620605469,69.97386932373047,132.80999755859375,38.43390655517578,22.285734176635742
2013-08-23,133.2813720703125,68.8681869506836,41.975135803222656,29.181076049804688,71.8102035522461,70.4447250366211,134.89999389648438,38.834877014160156,22.463275909423828
2013-08-26,132.78543090820312,68.90409088134766,41.6683464050293,28.863983154296875,72.1682357788086,70.58907318115234,135.4499969482422,38.72283935546875,22.5900936126709
2013-08-27,130.649658203125,67.49385070800781,40.95933151245117,28.199565887451172,73.07711791992188,70.89038848876953,136.75,38.53414535522461,22.809907913208008
2013-08-28,131.1135711669922,67.75436401367188,40.91161346435547,28.259973526000977,72.48497772216797,70.90300750732422,136.7100067138672,38.29829788208008,22.84372329711914
2013-08-29,131.321533203125,68.23040771484375,40.84343719482422,28.486474990844727,73.06333923339844,70.9720458984375,135.8699951171875,38.357261657714844,22.60700035095215
2013-08-30,130.90560913085938,67.79027557373047,40.33893966674805,28.705429077148438,72.98072052001953,70.9720458984375,134.6199951171875,38.032936096191406,22.539365768432617
2013-09-03,131.49754333496094,68.17648315429688,41.11613082885742,28.88663101196289,71.95140838623047,70.69246673583984,136.4199981689453,37.70273971557617,22.657726287841797
2013-09-04,132.58538818359375,68.90409088134766,41.484275817871094,29.400035858154297,71.79254150390625,70.43417358398438,134.66000366210938,38.02703857421875,22.463275909423828
2013-09-05,132.7533721923828,69.0208511352539,41.4501953125,29.747343063354492,70.79157257080078,69.85475158691406,132.1999969482422,37.62607192993164,22.412553787231445
2013-09-06,132.81736755371094,69.10172271728516,41.675174713134766,30.18524932861328,71.14360046386719,69.95547485351562,134.14999389648438,38.209835052490234,22.539365768432617
2013-09-09,134.08929443359375,69.91014099121094,42.24782943725586,30.978002548217773,71.17815399169922,70.13813781738281,133.91000366210938,39.00588607788086,22.39564323425293
2013-09-10,135.08114624023438,70.25145721435547,42.72505187988281,31.212053298950195,70.68107604980469,69.82954406738281,131.74000549316406,38.97639083862305,22.19273567199707
2013-09-11,135.505126953125,70.11672973632812,42.87503433227539,31.23470687866211,71.30934143066406,70.15705108642578,131.6999969482422,39.28890609741211,22.2265567779541
2013-09-12,135.1451416015625,70.07181549072266,42.62961196899414,30.872303009033203,71.21268463134766,70.106689453125,127.66999816894531,39.03535842895508,22.33646011352539
2013-09-13,135.44908142089844,70.11672973632812,42.83414077758789,31.076154708862305,71.48886108398438,70.15079498291016,127.81999969482422,39.147403717041016,22.268827438354492
2013-09-16,136.2330322265625,69.92810821533203,43.168190002441406,31.4234561920166,71.01246643066406,70.2326431274414,126.44999694824219,39.53656005859375,21.989831924438477
2013-09-17,136.84097290039062,70.39519500732422,43.19546890258789,31.35550880432129,71.5992660522461,70.42158508300781,126.5,39.512977600097656,21.761564254760742
2013-09-18,138.42481994628906,71.23953247070312,44.34761047363281,32.669219970703125,72.48298645019531,71.45451354980469,132.00999450683594,40.85148620605469,22.235008239746094
2013-09-19,138.1927947998047,71.4101791381836,44.136260986328125,32.495567321777344,72.054931640625,71.00103759765625,131.75,40.81614303588867,22.15046501159668
2013-09-20,137.2266387939453,71.16515350341797,43.81584548950195,31.770774841308594,72.43466186523438,71.06401062011719,127.95999908447266,40.14979553222656,21.947561264038086
2013-09-23,136.5915985107422,71.02101135253906,43.80221176147461,31.88401222229004,72.96619415283203,71.48597717285156,127.55000305175781,39.87489700317383,21.786928176879883
2013-09-24,136.27012634277344,71.02101135253906,43.73404312133789,31.612215042114258,73.75331115722656,71.66867065429688,127.66000366210938,39.571414947509766,21.778470993041992
2013-09-25,135.876220703125,70.77777862548828,43.78176498413086,31.370601654052734,73.90516662597656,71.88909149169922,128.7899932861328,39.70232009887695,21.812288284301758
2013-09-26,136.39874267578125,71.3272933959961,43.96583557128906,31.498960494995117,73.38736724853516,71.7127685546875,127.79000091552734,39.946292877197266,21.98137855529785
2013-09-27,135.77178955078125,71.23723602294922,43.80903244018555,31.129005432128906,73.56684112548828,71.65608215332031,128.97000122070312,39.77968215942383,21.871469497680664
2013-09-30,135.04832458496094,71.06604766845703,43.495418548583984,30.774154663085938,73.45642852783203,71.49858093261719,128.17999267578125,39.357200622558594,21.778470993041992
2013-10-01,136.1173858642578,71.78678131103516,43.72721862792969,31.385709762573242,73.23355102539062,71.42657470703125,124.58999633789062,39.92844009399414,21.634748458862305
2013-10-02,135.98876953125,71.75980377197266,43.713592529296875,31.50651741027832,73.34428405761719,71.641357421875,127.05999755859375,39.98794937133789,21.84610939025879
2013-10-03,134.73483276367188,70.92192077636719,43.4272575378418,31.385709762573242,73.22662353515625,71.67931365966797,127.18000030517578,39.29174041748047,21.812288284301758
2013-10-04,135.75567626953125,71.53453063964844,43.52950668334961,31.793413162231445,73.17122650146484,71.60983276367188,126.52999877929688,39.21437072753906,21.879926681518555
2013-10-07,134.58209228515625,70.93988800048828,43.079566955566406,31.521608352661133,73.4688720703125,71.73617553710938,127.63999938964844,39.39289093017578,22.0321044921875
2013-10-08,133.01461791992188,69.57048797607422,42.74551010131836,31.219594955444336,73.4896011352539,71.72354125976562,127.4000015258789,38.96445846557617,22.108190536499023
2013-10-09,133.1111297607422,69.35425567626953,42.9295768737793,31.453659057617188,72.90127563476562,71.5719223022461,126.11000061035156,38.970401763916016,21.947561264038086
2013-10-10,135.980712890625,70.82278442382812,43.699951171875,32.193572998046875,73.01892852783203,71.67300415039062,124.2699966430664,39.96416091918945,22.2265567779541
2013-10-11,136.85684204101562,71.38138580322266,43.93175506591797,32.33702850341797,72.99816131591797,71.76774597167969,122.5999984741211,40.362850189208984,22.108190536499023
2013-10-14,137.4034881591797,71.8858871459961,44.08173370361328,32.52577209472656,72.40982055664062,71.5466537475586,122.83000183105469,40.38665008544922,22.0997371673584
2013-10-15,136.40673828125,71.60662078857422,43.870384216308594,32.20866775512695,72.36138916015625,71.55928802490234,123.7300033569336,40.23788070678711,22.023649215698242
2013-10-16,138.3118133544922,72.41744995117188,44.197635650634766,32.46537399291992,73.26814270019531,72.09002685546875,123.54000091552734,40.99359893798828,22.19273567199707
2013-10-17,139.2361602783203,72.83186340332031,44.7839241027832,32.669219970703125,73.93266296386719,72.62081909179688,127.41999816894531,41.61246109008789,22.07437515258789
2013-10-18,140.1765899658203,74.01212310791016,45.0498161315918,32.69942092895508,74.09185791015625,72.7155532836914,126.8499984741211,41.57080841064453,22.201190948486328
2013-10-21,140.1846466064453,74.17426300048828,45.11798095703125,32.646575927734375,73.85651397705078,72.5260009765625,126.9800033569336,41.32090377807617,22.15046501159668
2013-10-22,140.9965362548828,74.28238677978516,45.567928314208984,32.96367645263672,74.68017578125,72.96833038330078,129.33999633789062,41.70173645019531,22.125102996826172
2013-10-23,140.3212890625,73.83193969726562,45.12480926513672,32.193572998046875,74.97091674804688,72.94941711425781,128.69000244140625,41.779075622558594,21.786928176879883
2013-10-24,140.7875213623047,74.15626525878906,45.438411712646484,32.125614166259766,74.68017578125,72.87352752685547,129.89999389648438,41.767181396484375,21.795381546020508
2013-10-25,141.4305419921875,74.68780517578125,45.30888366699219,32.27661895751953,74.95709228515625,72.86723327636719,130.4600067138672,42.278934478759766,21.86301612854004
2013-10-28,141.6556396484375,74.7058334350586,45.233882904052734,32.46537399291992,74.70096588134766,72.936767578125,130.55999755859375,41.9754524230957,21.947561264038086
2013-10-29,142.41119384765625,74.83199310302734,45.329322814941406,32.571067810058594,74.79788208007812,73.0378189086914,129.77000427246094,41.731483459472656,21.88838005065918
2013-10-30,141.70388793945312,74.7599105834961,45.16571044921875,32.38986587524414,74.34794616699219,72.89253997802734,129.60000610351562,41.38039779663086,21.956012725830078
2013-10-31,141.30198669433594,74.5887222290039,44.91345977783203,32.05766296386719,74.50714111328125,72.79137420654297,127.73999786376953,41.13642120361328,21.770017623901367
2013-11-01,141.63958740234375,74.60674285888672,44.69530487060547,32.07277297973633,73.70069885253906,72.59489440917969,126.94999694824219,41.35063552856445,21.49947738647461
2013-11-04,142.13795471191406,74.71485900878906,44.91345977783203,32.269073486328125,73.77009582519531,72.6139144897461,126.80999755859375,41.42799377441406,21.406478881835938
2013-11-05,141.68775939941406,74.79593658447266,44.52486038208008,31.619766235351562,72.88862609863281,72.30328369140625,126.55999755859375,40.749629974365234,21.34729766845703
2013-11-06,142.41119384765625,74.77790069580078,44.91345977783203,31.717910766601562,72.9233169555664,72.3856430053711,127.19999694824219,40.690128326416016,21.364208221435547
2013-11-07,140.61070251464844,73.37242889404297,44.20444107055664,31.144100189208984,73.5410385131836,72.53150177001953,126.16000366210938,40.184329986572266,21.212026596069336
2013-11-08,142.5076904296875,74.36349487304688,44.46351623535156,31.076154708862305,71.77120208740234,71.82145690917969,124.27999877929688,39.642822265625,21.33038902282715
2013-11-11,142.53176879882812,74.2463607788086,44.558956146240234,30.9176025390625,71.50053405761719,71.70098114013672,123.87000274658203,39.684471130371094,21.423389434814453
2013-11-12,142.242431640625,74.36349487304688,44.408966064453125,30.751501083374023,71.83367156982422,71.75164794921875,122.44999694824219,39.50597381591797,21.279664993286133
2013-11-13,143.38388061523438,75.26441192626953,44.5521354675293,30.80435562133789,72.09741973876953,71.91653442382812,122.8499984741211,39.7618293762207,21.372665405273438
2013-11-14,144.09922790527344,75.49867248535156,44.75666046142578,31.302658081054688,72.5416259765625,72.30963134765625,124.2699966430664,40.04150390625,21.465660095214844
2013-11-15,144.7261962890625,75.64283752441406,45.11798095703125,31.899120330810547,72.68734741210938,72.30963134765625,124.31999969482422,40.190269470214844,21.43184471130371
2013-11-18,144.21981811523438,74.9040298461914,45.11798095703125,32.18601989746094,73.1246109008789,72.6329574584961,122.9000015258789,39.94035720825195,21.28812026977539
2013-11-19,143.9063262939453,74.68780517578125,45.0020866394043,31.98971939086914,72.56937408447266,72.37934875488281,122.94999694824219,39.660675048828125,21.254301071166992
2013-11-20,143.45614624023438,74.50759887695312,44.68849563598633,31.55181884765625,71.3340072631836,72.06871032714844,120.12000274658203,39.178680419921875,21.271209716796875
2013-11-21,144.61370849609375,75.26441192626953,44.9680061340332,31.521608352661133,71.45195770263672,72.20816040039062,119.94000244140625,39.48215866088867,21.541748046875
2013-11-22,145.3370361328125,75.66981506347656,45.0975341796875,31.748111724853516,72.11820220947266,72.46173858642578,119.91999816894531,39.327430725097656,21.609386444091797
2013-11-25,145.19239807128906,75.85001373291016,44.961185455322266,31.340412139892578,72.32646942138672,72.58854675292969,120.45999908447266,39.142974853515625,21.584022521972656
2013-11-26,145.23255920410156,76.24642944335938,44.961185455322266,31.44611358642578,72.5970687866211,72.7343521118164,119.81999969482422,39.006107330322266,21.5755672454834
2013-11-27,145.5862274169922,76.77799987792969,45.07026672363281,31.64996910095215,72.47223663330078,72.74703216552734,119.45999908447266,39.339332580566406,21.5755672454834
2013-11-29,145.48977661132812,77.23749542236328,45.15888977050781,31.974618911743164,72.49303436279297,72.68997192382812,120.69999694824219,38.97636413574219,21.567113876342773
2013-12-02,145.11196899414062,77.01223754882812,44.8248291015625,31.302658081054688,71.92918395996094,72.34524536132812,117.58000183105469,38.75022888183594,21.541748046875
2013-12-03,144.48500061035156,76.94918060302734,44.51123046875,31.19695281982422,72.19373321533203,72.52970123291016,117.95999908447266,38.672874450683594,21.66856575012207
2013-12-04,144.46897888183594,77.02125549316406,44.27262878417969,31.15921401977539,71.50456237792969,72.29436492919922,119.95999908447266,38.8156852722168,21.710838317871094
2013-12-05,143.833984375,76.92213439941406,44.0203742980957,30.978002548217773,71.3027114868164,72.13536834716797,118.30000305175781,38.95256042480469,21.68547248840332
2013-12-06,145.44161987304688,77.480712890625,44.565773010253906,31.665067672729492,71.64376831054688,72.28799438476562,118.55000305175781,39.232234954833984,21.761564254760742
2013-12-09,145.81129455566406,77.79607391357422,44.5180549621582,31.710365295410156,71.81082916259766,72.3961410522461,119.72000122070312,39.42264938354492,21.68547248840332
2013-12-10,145.28890991210938,77.74198913574219,44.443050384521484,31.725461959838867,72.32596588134766,72.68866729736328,121.81999969482422,39.321495056152344,21.753110885620117
2013-12-11,143.6571502685547,76.74195861816406,44.027198791503906,31.023303985595703,71.76910400390625,72.48518371582031,120.86000061035156,38.41699981689453,21.753110885620117
2013-12-12,143.18287658691406,76.54375457763672,43.70676040649414,30.842100143432617,71.49760437011719,72.36432647705078,118.29000091552734,38.2027702331543,21.550207138061523
2013-12-13,143.16683959960938,76.44461059570312,43.67950439453125,30.9176025390625,71.84563446044922,72.56150817871094,119.37999725341797,38.2979850769043,21.465660095214844
2013-12-16,144.05906677246094,76.86807250976562,43.99310302734375,31.1214542388916,71.58113861083984,72.6187515258789,119.69000244140625,38.42890167236328,21.533294677734375
2013-12-17,143.60081481933594,76.71492767333984,43.80221176147461,30.849660873413086,71.9013671875,72.83500671386719,118.6500015258789,38.6074104309082,21.43184471130371
2013-12-18,146.05245971679688,77.60685729980469,44.491241455078125,31.46368980407715,71.5393295288086,72.83500671386719,117.61000061035156,39.29174041748047,21.4741153717041
2013-12-19,145.8836669921875,77.39063262939453,44.491241455078125,30.884695053100586,71.46971893310547,72.72682189941406,114.81999969482422,38.75022888183594,21.52484130859375
2013-12-20,146.7322998046875,78.17872619628906,44.74567794799805,30.8389835357666,72.5696029663086,73.06393432617188,115.94000244140625,38.98824691772461,21.69392967224121
2013-12-23,147.51617431640625,79.00120544433594,45.2064094543457,31.067527770996094,72.158935546875,72.94949340820312,115.56999969482422,39.065616607666016,21.69392967224121
2013-12-24,147.8394775390625,79.03736114501953,45.295799255371094,31.250375747680664,71.58113861083984,72.93037414550781,116.0999984741211,39.10066604614258,21.761564254760742
2013-12-26,148.59109497070312,79.29947662353516,45.543357849121094,30.983736038208008,71.30522918701172,72.8780746459961,116.73999786376953,39.130882263183594,21.795381546020508
2013-12-27,148.58297729492188,79.10063171386719,45.77716064453125,31.46368980407715,71.1026840209961,72.81428527832031,117.12000274658203,39.215476989746094,21.854562759399414
2013-12-30,148.55877685546875,78.9831314086914,45.969696044921875,31.60082244873047,71.59162902832031,73.03118133544922,115.38999938964844,39.227569580078125,21.727745056152344
2013-12-31,149.2617645263672,79.498291015625,46.1416130065918,31.8446044921875,71.13761138916016,72.84618377685547,116.12000274658203,39.01605987548828,21.69392967224121
2014-01-02,147.83135986328125,78.87467956542969,45.32331085205078,30.618051528930664,71.35415649414062,72.98654174804688,118.0,39.0220947265625,21.381118774414062
2014-01-03,147.80714416503906,78.30529022216797,45.37144088745117,30.564722061157227,71.35415649414062,73.09493255615234,119.29000091552734,39.23965835571289,21.245845794677734
2014-01-06,147.37875366210938,78.01605987548828,45.316429138183594,30.27523422241211,71.65447235107422,73.25450897216797,119.5,39.439109802246094,21.271209716796875
2014-01-07,148.28399658203125,78.73909759521484,45.57085418701172,30.40473747253418,71.83602905273438,73.197021484375,118.81999969482422,39.614356994628906,21.254301071166992
2014-01-08,148.31631469726562,78.91083526611328,45.557106018066406,30.305702209472656,71.64051818847656,72.88445281982422,118.12000274658203,39.42095947265625,21.051395416259766
2014-01-09,148.41326904296875,78.64871215820312,45.52272415161133,30.145715713500977,72.05955505371094,73.05033111572266,118.45999908447266,39.42095947265625,20.882307052612305
2014-01-10,148.8173828125,78.90177917480469,45.942195892333984,30.67901039123535,72.91851043701172,73.44583129882812,120.26000213623047,39.95882034301758,21.017578125
2014-01-13,146.83729553222656,77.73588562011719,45.543357849121094,30.313322067260742,73.28167724609375,73.58623504638672,121.0199966430664,39.69292449951172,21.009124755859375
2014-01-14,148.43748474121094,79.2181396484375,45.907814025878906,30.64090919494629,72.94647216796875,73.36927795410156,119.88999938964844,39.98300552368164,21.009124755859375
2014-01-15,149.23764038085938,79.86886596679688,46.10036849975586,30.63328742980957,72.86965942382812,73.38845825195312,119.66000366210938,40.2851676940918,21.068302154541016
2014-01-16,149.0436248779297,79.87788391113281,46.07972717285156,30.46568489074707,73.35852813720703,73.5606460571289,119.79000091552734,40.35768127441406,21.03448486328125
2014-01-17,148.41326904296875,79.42601013183594,45.942195892333984,30.313322067260742,73.66582489013672,73.64360046386719,120.93000030517578,40.12200927734375,21.059850692749023
2014-01-21,148.84959411621094,80.03156280517578,46.1622428894043,30.26761817932129,73.72171020507812,73.54153442382812,119.69999694824219,40.484596252441406,21.11057472229004
2014-01-22,148.9466552734375,80.23941040039062,46.1622428894043,30.671382904052734,73.54013061523438,73.36288452148438,119.19000244140625,40.65985870361328,21.212026596069336
2014-01-23,147.726318359375,79.96826934814453,45.85279846191406,29.91716194152832,74.58067321777344,73.64360046386719,121.79000091552734,40.563175201416016,21.19512176513672
2014-01-24,144.57443237304688,78.39563751220703,44.594390869140625,29.132488250732422,75.06254577636719,73.59257507324219,122.29000091552734,40.055511474609375,21.203575134277344
2014-01-27,143.86326599121094,77.636474609375,44.388092041015625,29.018207550048828,74.53878784179688,73.45220947265625,120.95999908447266,39.747314453125,21.059850692749023
2014-01-28,144.7198486328125,77.5912857055664,44.77318572998047,29.201051712036133,74.7203369140625,73.8094711303711,120.94999694824219,40.07969284057617,21.16130256652832
2014-01-29,143.3297882080078,76.75977325439453,44.27119445800781,28.782041549682617,75.3349609375,73.95616912841797,122.47000122070312,39.86213684082031,21.14439582824707
2014-01-30,144.84922790527344,78.17872619628906,44.49811553955078,29.04868507385254,75.11847686767578,73.99443817138672,119.7699966430664,40.466468811035156,21.059850692749023
2014-01-31,144.00064086914062,77.97087097167969,43.74169921875,29.094385147094727,75.62133026123047,74.21776580810547,120.08999633789062,40.684024810791016,21.03448486328125
2014-02-03,140.75985717773438,76.18134307861328,42.84775161743164,28.2716121673584,76.54275512695312,74.69635009765625,121.31999969482422,40.037384033203125,21.03448486328125
2014-02-04,141.7458038330078,76.74169921875,43.34286117553711,28.842988967895508,75.73056030273438,74.33800506591797,120.98999786376953,40.52084732055664,21.19512176513672
2014-02-05,141.5680389404297,76.54287719726562,43.432254791259766,28.736330032348633,75.03038024902344,74.10128784179688,121.29000091552734,40.43625259399414,21.237394332885742
2014-02-06,143.4349365234375,77.51898193359375,44.20242691040039,29.338171005249023,74.70825958251953,74.03089904785156,121.23999786376953,40.732364654541016,21.321937561035156
2014-02-07,145.21287536621094,78.90177917480469,44.780059814453125,29.505779266357422,74.77128601074219,74.26119995117188,122.16999816894531,41.04059600830078,21.567113876342773
2014-02-10,145.47958374023438,79.35369110107422,44.6287841796875,29.178197860717773,74.98133850097656,74.29317474365234,122.91999816894531,41.42736053466797,21.448749542236328
2014-02-11,147.07176208496094,80.25749969482422,45.33705139160156,29.810510635375977,74.54720306396484,74.13965606689453,124.36000061035156,41.59053421020508,21.558658599853516
2014-02-12,147.1444549560547,80.41114044189453,45.41270446777344,29.818130493164062,74.16211700439453,73.91571807861328,124.43000030517578,41.614715576171875,21.60093116760254
2014-02-13,147.90408325195312,81.00765228271484,45.550235748291016,29.848604202270508,74.58222961425781,74.22284698486328,125.48999786376953,41.7718505859375,21.71929168701172
2014-02-14,148.72042846679688,81.17035675048828,45.72214126586914,30.21428680419922,74.62429809570312,74.36358642578125,127.1500015258789,41.93500900268555,21.795381546020508
2014-02-18,148.89820861816406,81.56800079345703,46.11410140991211,29.932409286499023,74.79228210449219,74.51717376708984,127.4000015258789,42.1405029296875,22.108190536499023
2014-02-19,147.9121551513672,81.00765228271484,45.80466079711914,29.726709365844727,74.47722625732422,74.43402099609375,126.2699966430664,42.1163215637207,22.167373657226562
2014-02-20,148.78506469726562,81.38725280761719,45.96281814575195,29.833362579345703,74.295166015625,74.33800506591797,127.5999984741211,42.02566909790039,22.20964813232422
2014-02-21,148.61532592773438,81.27877807617188,46.05222702026367,30.0390567779541,74.68724822998047,74.414794921875,127.58000183105469,42.12840270996094,22.15046501159668
2014-02-24,149.43963623046875,81.712646484375,46.45106887817383,30.0390567779541,74.49822235107422,74.45321655273438,128.99000549316406,42.23114776611328,22.24346351623535
2014-02-25,149.38308715820312,81.62223052978516,46.34103775024414,29.69623565673828,75.16339111328125,74.74107360839844,129.2100067138672,42.370147705078125,22.142009735107422
2014-02-26,149.39112854003906,81.54993438720703,46.18287658691406,29.71909523010254,75.56248474121094,74.98429107666016,128.11000061035156,42.466827392578125,22.08283233642578
2014-02-27,150.17507934570312,82.0790023803711,46.34103775024414,30.282846450805664,75.97559356689453,75.11223602294922,128.1999969482422,42.35201644897461,22.015193939208984
2014-02-28,150.5548858642578,81.98825073242188,46.42355728149414,30.07715606689453,76.01758575439453,75.06746673583984,127.62000274658203,42.74482727050781,22.09128189086914
2014-03-03,149.49623107910156,81.38020324707031,45.440208435058594,29.543865203857422,76.5250244140625,75.26386260986328,130.2899932861328,42.76899337768555,22.39564323425293
2014-03-04,151.59750366210938,82.41485595703125,46.34103775024414,30.04668426513672,75.37396240234375,74.85952758789062,128.67999267578125,43.385433197021484,22.311098098754883
2014-03-05,151.7348175048828,82.64171600341797,46.299774169921875,30.069538116455078,75.53540802001953,74.82105255126953,128.88999938964844,43.33103561401367,22.125102996826172
2014-03-06,152.08236694335938,82.5691146850586,46.781131744384766,30.496158599853516,74.79137420654297,74.59644317626953,130.1699981689453,42.968421936035156,22.328006744384766
2014-03-07,152.14703369140625,82.16068267822266,46.526710510253906,30.107624053955078,74.3211441040039,74.32689666748047,129.08999633789062,42.503089904785156,22.2265567779541
2014-03-10,152.0662078857422,82.23329162597656,46.23788833618164,29.901935577392578,74.4263916015625,74.21138000488281,129.1300048828125,42.27948760986328,22.040557861328125
2014-03-11,151.31463623046875,81.87936401367188,45.90095138549805,29.56672477722168,74.6229248046875,74.2370376586914,129.86000061035156,42.54539489746094,22.04901123046875
2014-03-12,151.3550262451172,82.18794250488281,45.72902297973633,29.627676010131836,75.14236450195312,74.50018310546875,131.75999450683594,42.672298431396484,21.989831924438477
2014-03-13,149.65785217285156,81.02621459960938,44.87633514404297,29.094385147094727,76.15301513671875,74.76332092285156,132.2100067138672,42.472869873046875,21.88838005065918
2014-03-14,149.23764038085938,80.47264099121094,44.780059814453125,29.254377365112305,76.16710662841797,74.67987823486328,133.10000610351562,42.58165740966797,22.00674057006836
2014-03-17,150.58731079101562,81.18054962158203,45.34393310546875,29.612438201904297,75.59860229492188,74.58354949951172,131.63999938964844,42.672298431396484,21.761564254760742
2014-03-18,151.66212463378906,82.16068267822266,45.62587356567383,30.023822784423828,75.87232971191406,74.81464385986328,130.6199951171875,42.799217224121094,21.871469497680664
2014-03-19,150.85394287109375,81.71599578857422,45.06886672973633,29.383888244628906,75.28275299072266,74.2755126953125,128.08999633789062,41.98940658569336,21.86301612854004
2014-03-20,151.7348175048828,81.94287872314453,44.89695739746094,29.513389587402344,75.14940643310547,74.37823486328125,127.86000061035156,42.06190872192383,21.761564254760742
2014-03-21,151.14639282226562,80.95685577392578,44.80756759643555,29.69623565673828,75.96357727050781,74.63490295410156,128.47000122070312,42.44868850708008,21.778470993041992
2014-03-24,150.5213165283203,80.2473373413086,44.92446517944336,29.985729217529297,76.50402069091797,74.776123046875,126.18000030517578,42.17069625854492,21.770017623901367
2014-03-25,151.2356414794922,80.51117706298828,45.41270446777344,30.328554153442383,76.21623229980469,74.80179595947266,126.41000366210938,42.555747985839844,21.913742065429688
2014-03-26,150.1479034423828,79.47415161132812,45.40582275390625,30.397117614746094,76.8128662109375,75.09056854248047,125.41000366210938,42.07520294189453,21.896835327148438
2014-03-27,149.83131408691406,79.02848052978516,45.63275146484375,30.79327392578125,77.1988525390625,75.10980987548828,124.58999633789062,42.34284973144531,22.09128189086914
2014-03-28,150.57003784179688,79.18306732177734,45.97657775878906,31.037067413330078,76.76372528076172,75.0521011352539,124.55999755859375,42.59832763671875,22.0997371673584
2014-03-31,151.80381774902344,79.7470474243164,46.21038055419922,31.24276351928711,76.57418060302734,75.04557800292969,123.61000061035156,42.95722961425781,22.08283233642578
2014-04-01,152.81045532226562,81.14787292480469,46.50606918334961,31.608444213867188,75.91979217529297,74.85902404785156,123.38999938964844,43.15188980102539,21.812288284301758
2014-04-02,153.32183837890625,81.3570785522461,46.595462799072266,31.66937828063965,75.48351287841797,74.75598907470703,124.31999969482422,43.18836975097656,21.761564254760742
2014-04-03,153.118896484375,80.71126556396484,46.46480941772461,31.547489166259766,75.81420135498047,74.89765930175781,123.91999816894531,43.097110748291016,21.93910789489746
2014-04-04,151.30870056152344,78.56453704833984,46.32040023803711,31.46368980407715,76.32080078125,75.19365692138672,125.56999969482422,43.24310302734375,22.040557861328125
2014-04-07,149.63653564453125,77.81863403320312,46.10036849975586,31.60082244873047,76.77822875976562,75.37390899658203,124.91000366210938,43.38301467895508,21.989831924438477
2014-04-08,150.25347900390625,78.53723907470703,46.072845458984375,31.96649742126465,76.96119689941406,75.5733871459961,126.08999633789062,43.650665283203125,22.24346351623535
2014-04-09,151.8687744140625,79.88350677490234,46.66422653198242,32.21028137207031,76.58122253417969,75.63777923583984,126.31999969482422,43.541175842285156,22.302644729614258
2014-04-10,148.67864990234375,77.4093017578125,45.839046478271484,31.867462158203125,77.29188537597656,75.74072265625,127.01000213623047,43.12754440307617,22.311098098754883
2014-04-11,147.3392791748047,76.50877380371094,45.563987731933594,31.867462158203125,77.918212890625,75.792236328125,126.93000030517578,42.86598205566406,22.20964813232422
2014-04-14,148.5000762939453,77.10909271240234,45.82529067993164,31.798898696899414,77.71415710449219,75.8437271118164,127.8499984741211,43.12144470214844,22.412553787231445
2014-04-15,149.52279663085938,77.36382293701172,45.63275146484375,31.318941116333008,78.19969940185547,76.00460052490234,125.48999786376953,43.63242721557617,22.429458618164062
2014-04-16,151.08953857421875,78.3917007446289,46.19662857055664,31.715087890625,78.29820251464844,76.03679656982422,125.54000091552734,43.9122314453125,22.471731185913086
2014-04-17,151.3005828857422,78.40987396240234,46.43730926513672,32.00458526611328,77.43968963623047,75.5991439819336,124.75,43.656742095947266,22.5224552154541
2014-04-21,151.82821655273438,78.99205780029297,46.49919509887695,31.8065128326416,77.37640380859375,75.70213317871094,124.23999786376953,43.906150817871094,22.446369171142578
2014-04-22,152.51817321777344,79.61968231201172,46.69173812866211,31.722719192504883,77.63672637939453,75.74072265625,123.77999877929688,44.00346374511719,22.437915802001953
2014-04-23,152.16098022460938,78.9193115234375,46.581703186035156,31.494159698486328,78.07998657226562,75.90807342529297,123.76000213623047,43.82707977294922,22.421003341674805
2014-04-24,152.46949768066406,79.67427825927734,46.57484436035156,31.52463150024414,78.2278060913086,75.92097473144531,124.55999755859375,44.00954055786133,22.556276321411133
2014-04-25,151.21942138671875,78.40081024169922,46.3479118347168,31.097997665405273,78.34040832519531,75.90807342529297,125.43000030517578,43.8392333984375,22.463275909423828
2014-04-28,151.6983184814453,78.65553283691406,46.4923210144043,31.250375747680664,77.96041107177734,75.81797790527344,124.87999725341797,44.179874420166016,22.38718605041504
2014-04-29,152.404541015625,79.28314971923828,46.79487609863281,31.547489166259766,77.8548583984375,75.83081817626953,124.86000061035156,44.21028137207031,22.446369171142578
2014-04-30,152.85911560058594,79.49234771728516,46.98054885864258,31.486539840698242,78.17854309082031,76.0432357788086,124.22000122070312,44.368446350097656,22.328006744384766
2014-05-01,152.87533569335938,79.7288589477539,47.1112174987793,31.52463150024414,79.01728057861328,76.36210632324219,123.80000305175781,44.557003021240234,22.158918380737305
2014-05-02,152.65618896484375,79.58330535888672,47.03557205200195,31.699853897094727,79.50395965576172,76.52352142333984,125.05999755859375,44.54484558105469,22.218101501464844
2014-05-05,152.94837951660156,80.00174713134766,47.00117874145508,31.52463150024414,79.02429962158203,76.32986450195312,126.22000122070312,44.63608932495117,22.167373657226562
2014-05-06,151.61712646484375,78.96477508544922,46.918663024902344,31.66937828063965,79.34172821044922,76.4589614868164,125.9800033569336,44.477943420410156,22.184282302856445
2014-05-07,152.51010131835938,78.73738098144531,46.97367858886719,31.836986541748047,79.05960083007812,76.47187805175781,124.16999816894531,45.01322555541992,22.24346351623535
2014-05-08,152.3477325439453,78.66460418701172,46.98054885864258,31.760799407958984,78.72100067138672,76.49122619628906,124.16999816894531,45.11663055419922,22.17582893371582
2014-05-09,152.5750274658203,78.95567321777344,46.91178894042969,31.707477569580078,78.46702575683594,76.4073486328125,124.0999984741211,45.14704513549805,22.0659236907959
2014-05-12,154.06053161621094,80.2564468383789,47.22123336791992,32.240760803222656,78.14961242675781,76.21369171142578,124.94000244140625,45.286956787109375,22.116649627685547
2014-05-13,154.1984405517578,80.31103515625,47.28999710083008,32.36265182495117,78.82682800292969,76.49767303466797,124.5999984741211,44.99497604370117,22.218101501464844
2014-05-14,153.4678955078125,79.89257049560547,47.200599670410156,32.5911979675293,79.6803207397461,76.87850189208984,125.80999755859375,45.01322555541992,22.31955337524414
2014-05-15,152.12042236328125,79.26493835449219,46.994300842285156,32.286460876464844,80.31513977050781,77.01407623291016,124.7699966430664,44.988887786865234,22.184282302856445
2014-05-16,152.6480712890625,79.78341674804688,47.097450256347656,32.71308898925781,80.08940124511719,76.92369842529297,124.5,45.40253448486328,22.20964813232422
2014-05-19,153.20819091796875,80.33830261230469,47.00117874145508,32.71308898925781,79.4969253540039,76.85270690917969,124.58000183105469,45.22003936767578,22.19273567199707
2014-05-20,152.24220275878906,80.04725646972656,46.70549011230469,32.44646072387695,79.67327880859375,76.85270690917969,124.69000244140625,45.080135345458984,22.235008239746094
2014-05-21,153.5247802734375,80.81133270263672,47.0699577331543,32.69785690307617,79.18653106689453,76.71063232421875,124.38999938964844,44.78206253051758,22.277280807495117
2014-05-22,153.898193359375,81.16608428955078,47.1318359375,32.9264030456543,79.07365417480469,76.68486785888672,124.66999816894531,44.703006744384766,22.294191360473633
2014-05-23,154.5150604248047,81.75733184814453,47.25563049316406,32.865447998046875,79.4969253540039,76.768798828125,124.51000213623047,45.098384857177734,22.34491729736328
2014-05-27,155.46482849121094,82.776123046875,47.592559814453125,32.583587646484375,79.96245574951172,77.03990936279297,121.8499984741211,45.4207763671875,22.158918380737305
2014-05-28,155.35116577148438,82.52142333984375,47.43440246582031,32.77404022216797,80.95002746582031,77.4078369140625,121.19999694824219,45.1348876953125,22.167373657226562
2014-05-29,156.15480041503906,83.04900360107422,47.72322082519531,32.865447998046875,80.51972198486328,77.18186950683594,120.94000244140625,45.226112365722656,22.17582893371582
2014-05-30,156.4064178466797,83.05809020996094,47.730098724365234,32.41597366333008,80.48450469970703,77.19483947753906,120.43000030517578,45.432945251464844,22.00674057006836
2014-06-02,156.5850067138672,82.97623443603516,47.82636260986328,32.5150146484375,79.88615417480469,76.76629638671875,119.69999694824219,45.572837829589844,21.98137855529785
2014-06-03,156.50384521484375,82.93984985351562,47.709468841552734,32.69785690307617,78.90311431884766,76.4167251586914,120.01000213623047,45.54852294921875,21.964468002319336
2014-06-04,156.82040405273438,83.2491226196289,47.69572067260742,32.5150146484375,78.88190460205078,76.37789154052734,119.76000213623047,45.63976287841797,21.90528678894043
2014-06-05,157.8431854248047,83.94953918457031,48.025794982910156,32.85785675048828,78.91726684570312,76.53974151611328,120.66000366210938,46.479183197021484,21.930652618408203
2014-06-06,158.59815979003906,84.43162536621094,48.28709411621094,33.18543243408203,78.91726684570312,76.7015609741211,120.61000061035156,46.2845458984375,22.023649215698242
2014-06-09,158.76043701171875,84.3679428100586,48.23896789550781,33.30733108520508,78.80414581298828,76.5461654663086,120.6500015258789,45.72492218017578,22.116649627685547
2014-06-10,158.77674865722656,84.51350402832031,48.13581848144531,33.48253631591797,78.51416778564453,76.40381622314453,121.38999938964844,45.384281158447266,22.057466506958008
2014-06-11,158.22476196289062,84.49533081054688,47.89513397216797,33.36827087402344,78.6556167602539,76.4620590209961,121.41000366210938,45.26263427734375,21.998287200927734
2014-06-12,157.1045684814453,83.73121643066406,47.90889358520508,33.208274841308594,79.35576629638672,76.7080078125,122.63999938964844,45.14704513549805,22.311098098754883
2014-06-13,157.5834197998047,83.97684478759766,47.943275451660156,33.2235221862793,79.31330108642578,76.69508361816406,122.95999908447266,45.26263427734375,22.311098098754883
2014-06-16,157.71327209472656,84.04962158203125,47.95702362060547,33.07115173339844,79.51134490966797,76.68860626220703,122.41999816894531,45.03147888183594,22.378732681274414
2014-06-17,158.1516876220703,84.09506225585938,47.922637939453125,33.07876968383789,78.88190460205078,76.42973327636719,122.27999877929688,45.14704513549805,22.404096603393555
2014-06-18,159.3124542236328,84.56808471679688,48.335243225097656,33.444454193115234,79.49012756347656,76.86983489990234,122.66999816894531,45.4633674621582,22.49709701538086
2014-06-19,159.4910430908203,84.51350402832031,48.59653091430664,33.254005432128906,78.47171020507812,76.59800720214844,126.94000244140625,45.84049606323242,22.716909408569336
2014-06-20,159.8148651123047,84.61290740966797,48.5140266418457,33.18543243408203,79.0658187866211,76.7468490600586,126.5,45.9986457824707,22.759180068969727
2014-06-23,159.7659149169922,84.63114166259766,48.38336944580078,33.11686706542969,78.8182601928711,76.74041748046875,126.8499984741211,45.810081481933594,22.674638748168945
2014-06-24,158.80348205566406,84.54903411865234,48.080806732177734,33.10163116455078,79.6174545288086,77.06404113769531,126.9800033569336,45.84385299682617,22.708454132080078
2014-06-25,159.52117919921875,85.08720397949219,48.06389617919922,33.1714973449707,79.82255554199219,77.1417236328125,126.98999786376953,45.75175094604492,22.742271423339844
2014-06-26,159.40701293945312,85.13280487060547,48.0991096496582,33.20989990234375,80.20441436767578,77.28410339355469,126.7300033569336,45.708770751953125,22.649272918701172
2014-06-27,159.7169952392578,85.50672912597656,48.127296447753906,33.28668212890625,80.08421325683594,77.27116394042969,126.66000366210938,46.05873489379883,22.60700035095215
2014-06-30,159.6354217529297,85.65266418457031,48.16957473754883,33.19453430175781,80.28218078613281,77.19995880126953,128.0399932861328,45.94822311401367,22.471731185913086
2014-07-01,160.7039031982422,86.59210205078125,48.5922966003418,33.509361267089844,79.61002349853516,76.90141296386719,127.69999694824219,46.19380187988281,22.404096603393555
2014-07-02,160.86703491210938,86.73802185058594,48.6697998046875,33.70899963378906,78.75920104980469,76.6287841796875,127.69999694824219,46.08328628540039,22.361825942993164
2014-07-03,161.65818786621094,87.2853012084961,48.7684211730957,33.90864944458008,78.47557830810547,76.55086517333984,127.16000366210938,45.819297790527344,22.31955337524414
2014-07-07,161.09544372558594,87.02079010009766,48.38798904418945,33.88561248779297,79.0499038696289,76.68718719482422,127.0199966430664,45.954368591308594,22.142009735107422
2014-07-08,160.05955505371094,85.97190856933594,47.880706787109375,33.732032775878906,79.93617248535156,76.97281646728516,127.06999969482422,46.08942794799805,22.08283233642578
2014-07-09,160.7772979736328,86.6103286743164,48.035709381103516,33.924007415771484,80.0,77.09610748291016,127.83999633789062,46.163116455078125,21.930652618408203
2014-07-10,160.14109802246094,86.33673858642578,47.507301330566406,33.73971939086914,80.02125549316406,77.03771209716797,128.5399932861328,46.37184524536133,21.964468002319336
2014-07-11,160.36131286621094,86.89311218261719,47.53548812866211,33.70132827758789,80.53180694580078,77.27787017822266,128.77999877929688,46.37800598144531,21.770017623901367
2014-07-14,161.16885375976562,87.41297149658203,47.88774871826172,33.96239471435547,80.184326171875,77.11561584472656,125.72000122070312,46.60515594482422,21.854562759399414
2014-07-15,160.86703491210938,87.11197662353516,47.76797866821289,33.939369201660156,80.02125549316406,77.03121185302734,124.52999877929688,46.6358528137207,21.65165901184082
2014-07-16,161.46243286132812,87.45858001708984,48.06389617919922,34.02383041381836,80.44670104980469,77.21298217773438,124.97000122070312,46.78318786621094,21.68547248840332
2014-07-17,159.62722778320312,86.30027770996094,47.4509391784668,33.38650131225586,81.4605712890625,77.50508880615234,127.08999633789062,46.54374694824219,21.7362003326416
2014-07-18,161.25852966308594,87.66835021972656,47.8243522644043,33.90864944458008,81.19829559326172,77.40119934082031,126.12999725341797,47.00422286987305,21.59247589111328
2014-07-21,160.9567108154297,87.5589370727539,47.64820098876953,34.02383041381836,81.60240936279297,77.40119934082031,126.33999633789062,46.83231735229492,21.69392967224121
2014-07-22,161.65818786621094,88.11526489257812,47.85957336425781,34.338653564453125,81.77259063720703,77.45963287353516,125.73999786376953,46.97965621948242,21.60093116760254
2014-07-23,162.01712036132812,88.68077087402344,47.958213806152344,34.36936950683594,81.66626739501953,77.55050659179688,125.62000274658203,47.06562805175781,21.660112380981445
2014-07-24,162.02523803710938,88.58042907714844,48.07093811035156,34.52293395996094,81.05648040771484,77.24546813964844,124.3499984741211,47.00422286987305,21.634748458862305
2014-07-25,161.26670837402344,88.23383331298828,47.8736572265625,34.38471603393555,82.0136947631836,77.54401397705078,125.79000091552734,46.678836822509766,21.71929168701172
2014-07-28,161.33189392089844,88.26117706298828,47.880706787109375,34.62274932861328,81.90023803710938,77.45314025878906,125.58000183105469,47.00422286987305,21.677017211914062
2014-07-29,160.63861083984375,88.10614776611328,47.782073974609375,34.415435791015625,82.19799041748047,77.52455139160156,125.19999694824219,46.777061462402344,21.609386444091797
2014-07-30,160.6631317138672,88.45275115966797,47.71162033081055,34.24650955200195,81.05648040771484,77.16755676269531,124.83000183105469,46.678836822509766,21.516389846801758
2014-07-31,157.49026489257812,86.6650619506836,46.91548156738281,33.64757537841797,80.81538391113281,76.9533462524414,123.38999938964844,45.98505783081055,21.406478881835938
2014-08-01,157.00909423828125,86.34585571289062,46.591400146484375,33.83186340332031,81.44100952148438,77.34982299804688,124.37999725341797,45.87456130981445,21.237394332885742
2014-08-04,158.14285278320312,86.93871307373047,46.809814453125,34.14669418334961,81.22775268554688,77.36929321289062,123.98999786376953,46.19380187988281,21.39802360534668
2014-08-05,156.60943603515625,86.27289581298828,46.210941314697266,33.62453842163086,81.49073791503906,77.44742584228516,123.87000274658203,45.721065521240234,21.296571731567383
2014-08-06,156.65838623046875,86.20901489257812,46.09821319580078,33.3941764831543,81.54051208496094,77.31071472167969,125.66999816894531,45.70266342163086,21.43184471130371
2014-08-07,155.81011962890625,85.93544006347656,45.72480392456055,33.263648986816406,82.3011474609375,77.51252746582031,126.18000030517578,45.72721481323242,21.4741153717041
2014-08-08,157.61268615722656,86.55563354492188,45.99254608154297,33.563106536865234,82.12348175048828,77.49298858642578,126.19000244140625,45.997337341308594,21.372665405273438
2014-08-11,158.0693817138672,87.0663833618164,46.168670654296875,33.99311447143555,82.11636352539062,77.52552032470703,125.95999908447266,46.285892486572266,21.406478881835938
2014-08-12,157.84918212890625,87.02992248535156,46.133453369140625,34.03150939941406,81.58313751220703,77.48646545410156,125.98999786376953,46.212215423583984,21.271209716796875
2014-08-13,158.9176025390625,87.95112609863281,46.39412307739258,34.21579360961914,82.11636352539062,77.64273071289062,126.19999694824219,46.881446838378906,21.254301071166992
2014-08-14,159.6680145263672,88.40715026855469,46.640716552734375,34.26953887939453,82.77750396728516,77.72733306884766,126.30999755859375,46.850730895996094,21.000669479370117
2014-08-15,159.6354217529297,88.83580017089844,46.591400146484375,34.17739486694336,83.68032836914062,78.0007553100586,125.4800033569336,46.80161666870117,21.085214614868164
2014-08-18,160.97305297851562,89.51986694335938,46.894351959228516,34.50758361816406,82.84857940673828,77.82501983642578,124.95999908447266,47.2620849609375,20.907672882080078
2014-08-19,161.81320190429688,90.02149963378906,47.00707244873047,34.66883087158203,82.59264373779297,77.77290344238281,124.68000030517578,47.36030197143555,20.94994354248047
2014-08-20,162.24546813964844,90.02149963378906,46.859127044677734,34.5997200012207,82.45760345458984,77.5971450805664,124.22000122070312,47.5751953125,21.009124755859375
2014-08-21,162.71853637695312,90.20392608642578,47.056392669677734,34.45382308959961,82.91963958740234,77.86407470703125,122.87999725341797,47.501529693603516,21.059850692749023
2014-08-22,162.46563720703125,90.3407211303711,46.830936431884766,34.361690521240234,83.38174438476562,77.96170043945312,123.19000244140625,47.12088394165039,21.026033401489258
2014-08-25,163.28941345214844,90.6599349975586,47.13389205932617,34.615081787109375,83.69454956054688,78.08539581298828,122.73999786376953,47.016502380371094,21.059850692749023
2014-08-26,163.3955078125,90.75115966796875,47.14094543457031,34.82240295410156,83.42436218261719,78.13744354248047,123.3499984741211,47.10858917236328,21.068302154541016
2014-08-27,163.33023071289062,90.76940155029297,47.2325325012207,34.99900817871094,84.13531494140625,78.2676773071289,123.31999969482422,47.139305114746094,21.102121353149414
2014-08-28,163.240478515625,90.6690673828125,47.02117156982422,34.653472900390625,84.57609558105469,78.43693542480469,124.0,47.133140563964844,21.119029998779297
2014-08-29,163.70541381835938,91.00653839111328,47.00003433227539,34.5997200012207,84.63296508789062,78.49551391601562,123.86000061035156,47.3848762512207,21.16130256652832
2014-09-02,163.62391662597656,91.27105712890625,47.09161376953125,34.54597091674805,83.17295837402344,78.12210845947266,121.6500015258789,47.39101791381836,20.85694694519043
2014-09-03,163.53421020507812,90.73291015625,47.42274475097656,34.99900817871094,83.6361312866211,78.2265396118164,122.1500015258789,47.51380157470703,20.94148826599121
2014-09-04,163.29763793945312,90.65082550048828,47.197303771972656,34.9068603515625,82.61721801757812,77.6716537475586,121.4800033569336,47.335758209228516,20.85694694519043
2014-09-05,164.03167724609375,91.10690307617188,47.20435333251953,35.20632553100586,82.46047973632812,77.68474578857422,122.05999755859375,47.839195251464844,20.82312774658203
2014-09-08,163.60752868652344,91.28015899658203,46.704132080078125,34.79167938232422,82.49607849121094,77.55413818359375,120.7300033569336,47.79008102416992,20.721675872802734
2014-09-09,162.57168579101562,90.52313995361328,46.570255279541016,34.361690521240234,82.43194580078125,77.34524536132812,120.87000274658203,47.495391845703125,20.55258560180664
2014-09-10,163.18336486816406,91.27105712890625,46.837982177734375,34.21579360961914,81.91179656982422,77.22123718261719,120.26000213623047,46.74636459350586,20.408863067626953
2014-09-11,163.3710174560547,91.19806671142578,46.577301025390625,33.985435485839844,81.64106750488281,77.16246032714844,119.47000122070312,46.78318786621094,20.307411193847656
2014-09-12,162.416748046875,90.73291015625,46.513893127441406,33.62453842163086,80.78602600097656,76.79035949707031,118.37999725341797,45.346561431884766,20.14677619934082
2014-09-15,162.2943115234375,89.8572998046875,46.41526412963867,33.45560836791992,80.90715789794922,76.80995178222656,118.63999938964844,45.12553405761719,20.172142028808594
2014-09-16,163.517822265625,90.64171600341797,46.61254119873047,33.89329147338867,80.57939910888672,76.79690551757812,118.83000183105469,45.56757736206055,20.358137130737305
2014-09-17,163.73806762695312,90.7785415649414,46.281410217285156,33.578468322753906,80.37273406982422,76.5880126953125,117.54000091552734,45.55531311035156,20.273591995239258
2014-09-18,164.61082458496094,91.46256256103516,46.640716552734375,33.62453842163086,80.62926483154297,76.72511291503906,117.77999877929688,45.156227111816406,20.079143524169922
2014-09-19,164.46246337890625,91.40591430664062,46.47867202758789,33.37114715576172,81.65532684326172,77.0253677368164,117.08999633789062,45.21147918701172,20.019962310791016
2014-09-22,163.1923370361328,90.55565643310547,46.27434539794922,32.8643684387207,81.7550277709961,77.09717559814453,116.8499984741211,44.85538864135742,19.850873947143555
2014-09-23,162.2581329345703,90.3088150024414,45.88685607910156,32.68008041381836,82.260986328125,77.22123718261719,117.5999984741211,44.52999496459961,19.850873947143555
2014-09-24,163.5282745361328,91.27789306640625,46.11935043334961,33.148468017578125,81.8049087524414,77.03841400146484,117.05000305175781,44.4110221862793,19.9354190826416
2014-09-25,160.88966369628906,89.35798645019531,45.4429931640625,32.426673889160156,82.77395629882812,77.26690673828125,117.38999938964844,44.212730407714844,19.893146514892578
2014-09-26,162.1680145263672,90.3088150024414,45.63322067260742,32.57257080078125,82.65284729003906,77.09717559814453,117.05999755859375,44.80759048461914,19.85932731628418
2014-09-29,161.87301635742188,90.18995666503906,45.21049880981445,31.912220001220703,83.31549072265625,77.06458282470703,117.02999877929688,44.7456169128418,19.977689743041992
2014-09-30,161.4468994140625,90.31792449951172,45.17527389526367,31.912220001220703,82.84523010253906,77.17552185058594,116.20999908447266,44.52255630493164,19.631059646606445
2014-10-01,159.25901794433594,88.87346649169922,44.63981628417969,31.259532928466797,84.45171356201172,77.64361572265625,116.7699966430664,44.55975341796875,19.563426971435547
2014-10-02,159.28353881835938,88.87346649169922,44.16071701049805,31.428464889526367,83.71595001220703,77.63706970214844,116.73999786376953,44.48537063598633,19.487335205078125
2014-10-03,161.03721618652344,89.75112915039062,44.16071701049805,31.69722557067871,84.07306671142578,77.85965728759766,114.61000061035156,44.76422119140625,19.301340103149414
2014-10-06,160.84869384765625,89.55912017822266,44.442543029785156,32.11185836791992,84.12310028076172,77.89891815185547,116.02999877929688,44.881954193115234,19.546518325805664
2014-10-07,158.36578369140625,88.28834533691406,43.68867492675781,31.8277530670166,85.25883483886719,78.1804428100586,116.36000061035156,44.528751373291016,19.47043228149414
2014-10-08,161.13551330566406,90.00711822509766,44.3791389465332,32.3038215637207,85.28028106689453,78.57978057861328,117.47000122070312,45.495426177978516,19.394338607788086
2014-10-09,157.93968200683594,88.5534439086914,43.18846130371094,31.797040939331055,84.90889739990234,78.2524642944336,117.63999938964844,45.495426177978516,19.16606903076172
2014-10-10,156.1368865966797,86.34098052978516,42.5402717590332,31.105958938598633,85.75165557861328,78.31790924072266,117.58999633789062,45.53880310058594,19.09843635559082
2014-10-13,153.57203674316406,84.98793029785156,42.483917236328125,31.420785903930664,86.27313232421875,78.52082824707031,118.5199966430664,45.58216857910156,19.09843635559082
2014-10-14,153.8096923828125,84.99705505371094,42.58959197998047,31.60506820678711,86.83744049072266,78.69760131835938,118.58999633789062,46.3195686340332,18.81098747253418
2014-10-15,152.76895141601562,84.44851684570312,42.33596420288086,31.205787658691406,87.52315521240234,78.75651550292969,118.98999786376953,46.13987350463867,18.574262619018555
2014-10-16,152.6378173828125,83.91825103759766,41.94141387939453,30.921680450439453,86.96600341796875,78.57978057861328,119.22000122070312,46.21422576904297,18.760263442993164
2014-10-17,154.44065856933594,85.02447509765625,42.72346496582031,31.267210006713867,86.48025512695312,78.54705810546875,118.98999786376953,46.269989013671875,18.827896118164062
2014-10-20,155.9402313232422,86.29528045654297,42.991188049316406,31.35936164855957,86.79456329345703,78.69107055664062,119.80000305175781,46.97639465332031,18.692625045776367
2014-10-21,159.02960205078125,88.56259155273438,43.5055046081543,31.48989486694336,86.10166931152344,78.645263671875,120.0199966430664,47.40398406982422,18.844806671142578
2014-10-22,157.898681640625,88.1054916381836,43.18846130371094,31.282575607299805,86.19454956054688,78.51435852050781,119.33999633789062,47.416358947753906,18.633445739746094
2014-10-23,159.7342529296875,89.43113708496094,43.6041374206543,31.27488899230957,85.43025970458984,78.36376953125,118.5199966430664,47.78197479248047,18.85325813293457
2014-10-24,160.96340942382812,90.16252136230469,43.84366989135742,31.497570037841797,85.5159912109375,78.39651489257812,118.3499984741211,47.744781494140625,18.734895706176758
2014-10-27,160.7421875,90.22650146484375,43.597103118896484,31.25185775756836,85.67313385009766,78.4946517944336,118.05999755859375,48.09800338745117,18.68416976928711
2014-10-28,162.58590698242188,91.5887451171875,44.259368896484375,31.88150405883789,85.13739776611328,78.23280334472656,118.0999984741211,48.30867385864258,18.836349487304688
2014-10-29,162.34010314941406,91.2504653930664,43.92118835449219,31.927574157714844,85.33023071289062,78.08875274658203,116.41000366210938,48.03602600097656,19.05616569519043
2014-10-30,163.38075256347656,91.44243621826172,44.23822784423828,32.2270393371582,85.40171813964844,78.14115905761719,115.19000244140625,48.33966827392578,18.895532608032227
2014-10-31,165.2491455078125,92.70413208007812,45.05549621582031,32.36524963378906,85.18025207519531,78.1280288696289,112.66000366210938,48.946929931640625,18.870166778564453
2014-11-03,165.33921813964844,92.97836303710938,44.66799545288086,32.096500396728516,85.18025207519531,77.97376251220703,112.1500015258789,49.37448501586914,18.701080322265625
2014-11-04,164.76564025878906,92.66754913330078,44.41435623168945,32.12721252441406,85.44520568847656,78.08541107177734,112.22000122070312,49.455047607421875,18.4305419921875
2014-11-05,165.80633544921875,92.67671203613281,44.498905181884766,31.843103408813477,85.32347869873047,77.94096374511719,109.79000091552734,49.34971237182617,18.48126792907715
2014-11-06,166.4700927734375,92.9692611694336,44.259368896484375,31.451496124267578,84.77213287353516,77.70460510253906,109.87999725341797,48.971717834472656,18.4981746673584
2014-11-07,166.62574768066406,92.88697052001953,44.28050231933594,31.651145935058594,85.74593353271484,78.19701385498047,112.97000122070312,48.90974426269531,18.582719802856445
2014-11-10,167.1502227783203,93.21607971191406,44.4777717590332,31.7356014251709,84.95829010009766,77.8030776977539,110.45999908447266,49.312538146972656,18.405176162719727
2014-11-11,167.31407165527344,93.50867462158203,44.7454948425293,31.704904556274414,85.01561737060547,77.79649353027344,112.04000091552734,49.12042999267578,18.4981746673584
2014-11-12,167.13385009765625,93.67321014404297,44.36503601074219,31.643470764160156,84.94395446777344,77.78996276855469,111.5,48.74863815307617,18.438995361328125
2014-11-13,167.32235717773438,94.0754623413086,44.576412200927734,31.558998107910156,85.14447021484375,77.70460510253906,111.66999816894531,49.01509094238281,18.100818634033203
2014-11-14,167.36326599121094,94.36807250976562,44.63981628417969,31.8200626373291,85.55978393554688,77.8030776977539,114.47000122070312,48.61231994628906,18.295270919799805
2014-11-17,167.46981811523438,94.08464813232422,44.463680267333984,31.482215881347656,85.3449478149414,77.61925506591797,114.05000305175781,48.82918930053711,18.219179153442383
2014-11-18,168.436767578125,94.78858947753906,44.94981002807617,31.651145935058594,85.58123779296875,77.6849365234375,115.05000305175781,49.03986740112305,18.12618064880371
2014-11-19,168.16635131835938,94.35887908935547,44.81595230102539,31.635780334472656,85.03705596923828,77.27130889892578,113.68000030517578,48.59992218017578,18.033184051513672
2014-11-20,168.4613494873047,94.77947998046875,44.5482177734375,31.58203887939453,85.48097229003906,77.5667495727539,114.86000061035156,48.76103973388672,18.185361862182617
2014-11-21,169.36268615722656,94.96229553222656,44.935726165771484,32.58793640136719,85.99655151367188,77.90158081054688,115.38999938964844,49.064659118652344,18.37981414794922
2014-11-24,169.8379669189453,95.70286560058594,45.196407318115234,32.31917953491211,86.06813049316406,78.0263442993164,115.11000061035156,49.23815155029297,18.219179153442383
2014-11-25,169.7151641845703,95.8490982055664,45.273902893066406,32.11185836791992,86.78417205810547,78.36111450195312,115.37999725341797,49.32489776611328,18.1346378326416
2014-11-26,170.14938354492188,96.47080993652344,45.450042724609375,32.518821716308594,87.02050018310547,78.63032531738281,115.16000366210938,49.80205154418945,18.092363357543945
2014-11-28,169.7888641357422,96.91877746582031,45.083675384521484,31.866147994995117,87.70787811279297,78.84037017822266,112.11000061035156,49.925987243652344,17.263835906982422
2014-12-01,168.60887145996094,95.82164001464844,45.041404724121094,31.320953369140625,87.19622039794922,78.56719207763672,116.58000183105469,49.80205154418945,17.618919372558594
2014-12-02,169.69871520996094,96.20564270019531,45.168209075927734,31.31328582763672,86.349365234375,78.04048156738281,115.13999938964844,50.11191177368164,17.246925354003906
2014-12-03,170.3542022705078,96.3793716430664,45.11185073852539,31.397754669189453,86.68666076660156,78.11947631835938,116.33000183105469,50.06232833862305,17.14547348022461
2014-12-04,170.16583251953125,96.33364868164062,44.96390914916992,31.451496124267578,87.41149139404297,78.2446060180664,115.87999725341797,50.19243621826172,17.094749450683594
2014-12-05,170.4443817138672,96.34280395507812,45.06254577636719,31.390071868896484,86.90191650390625,77.92196655273438,114.43000030517578,49.93838119506836,17.052474975585938
2014-12-08,169.30538940429688,95.65711975097656,44.66799545288086,30.929349899291992,87.96411895751953,78.2906265258789,115.77999877929688,50.25440979003906,16.756572723388672
2014-12-09,169.19061279296875,95.95881652832031,44.4284553527832,30.637563705444336,88.416259765625,78.35650634765625,118.19000244140625,50.48367691040039,16.87493324279785
2014-12-10,166.47824096679688,94.45032501220703,43.86481475830078,30.184534072875977,89.0621337890625,78.33018493652344,117.95999908447266,50.434120178222656,16.61284828186035
2014-12-11,167.32235717773438,94.8982925415039,43.8084602355957,29.931135177612305,89.42813873291016,78.25115966796875,117.69000244140625,50.527042388916016,16.46066665649414
2014-12-12,164.61817932128906,93.86519622802734,42.96300506591797,29.439708709716797,90.6409683227539,78.3762435913086,117.41000366210938,50.08710861206055,16.325397491455078
2014-12-15,163.48727416992188,92.89608001708984,42.25141906738281,29.01738739013672,90.45438385009766,78.56057739257812,114.38999938964844,49.43645477294922,16.06331443786621
2014-12-16,162.17626953125,91.40591430664062,42.554378509521484,28.971311569213867,91.57393646240234,78.53424835205078,114.94999694824219,49.3682975769043,15.970316886901855
2014-12-17,165.35560607910156,93.06980895996094,43.06303787231445,29.63728141784668,90.74864196777344,78.55400848388672,114.2699966430664,50.502281188964844,16.06331443786621
2014-12-18,169.44467163085938,95.30968475341797,43.83139419555664,30.042306900024414,89.13389587402344,78.63301086425781,115.1500015258789,50.85546112060547,16.012588500976562
2014-12-19,170.16561889648438,95.72909545898438,43.89542007446289,30.252613067626953,90.3323745727539,78.59352111816406,114.7699966430664,50.830692291259766,16.249311447143555
2014-12-22,170.94839477539062,95.96766662597656,44.108856201171875,30.673221588134766,90.45438385009766,78.8436508178711,112.55000305175781,51.68053436279297,15.953407287597656
2014-12-23,171.1790771484375,95.62813568115234,43.966556549072266,30.3928165435791,88.66024017333984,78.2446060180664,112.73999786376953,51.53606414794922,16.114042282104492
2014-12-24,171.19566345214844,95.71070098876953,44.16576385498047,30.46291732788086,89.14275360107422,78.49676513671875,112.7699966430664,51.32249450683594,15.902681350708008
2014-12-26,171.7477264404297,96.38975524902344,44.27959060668945,30.704368591308594,89.47361755371094,78.55615234375,114.83000183105469,51.50465393066406,15.885773658752441
2014-12-29,171.97836303710938,96.37144470214844,43.959449768066406,30.51744270324707,90.14247131347656,78.70799255371094,113.66999816894531,51.78729248046875,15.733593940734863
2014-12-30,171.05552673339844,95.72909545898438,43.553932189941406,30.579744338989258,90.3869857788086,78.77398681640625,115.19999694824219,51.74960708618164,15.716682434082031
2014-12-31,169.358154296875,94.7471694946289,43.2835807800293,30.603120803833008,90.55962371826172,78.82681274414062,113.58000183105469,50.87654495239258,15.598322868347168
2015-01-02,169.26748657226562,94.46270751953125,43.09861373901367,30.198089599609375,91.56649017333984,79.10407257080078,114.08000183105469,51.6428337097168,15.412325859069824
2015-01-05,166.2106170654297,93.07710266113281,42.08126449584961,29.66064453125,93.00481414794922,79.42754364013672,115.80000305175781,51.92547607421875,15.19251537322998
2015-01-06,164.64500427246094,91.82906341552734,41.60460662841797,29.5360164642334,94.68051147460938,79.75098419189453,117.12000274658203,52.440521240234375,15.048789978027344
2015-01-07,166.69671630859375,93.0128402709961,42.067039489746094,30.174707412719727,94.49352264404297,79.85663604736328,116.43000030517578,53.24449157714844,14.955792427062988
2015-01-08,169.65476989746094,94.79308319091797,42.63618469238281,30.688793182373047,93.24214935302734,79.59918975830078,115.94000244140625,53.44549560546875,15.014972686767578
2015-01-09,168.2952117919922,94.1690673828125,42.429866790771484,30.587539672851562,94.26336669921875,79.81043243408203,117.26000213623047,53.470619201660156,14.989608764648438
2015-01-12,166.97691345214844,93.18717193603516,42.33027267456055,30.338300704956055,94.80276489257812,79.96224975585938,118.55999755859375,53.87888717651367,14.65988826751709
2015-01-13,166.50721740722656,93.15966033935547,42.543701171875,30.603120803833008,94.80276489257812,80.03480529785156,118.16000366210938,53.79722595214844,14.6007080078125
2015-01-14,165.5019989013672,92.64579010009766,42.422767639160156,30.431764602661133,95.52191925048828,80.17346954345703,117.97000122070312,54.26203536987305,14.761341094970703
2015-01-15,163.98587036132812,91.44366455078125,42.69309997558594,30.501855850219727,97.02505493164062,80.58936309814453,120.94000244140625,54.38766098022461,14.558432579040527
2015-01-16,166.136474609375,92.5173110961914,43.24801254272461,30.75890350341797,95.78805541992188,80.1405029296875,122.5199966430664,54.85872268676758,14.83742904663086
2015-01-20,166.4907684326172,93.25143432617188,43.397422790527344,30.712169647216797,97.06104278564453,80.32530212402344,124.19999694824219,54.42533493041992,14.63452434539795
2015-01-21,167.33126831054688,93.72858428955078,43.7389030456543,31.389806747436523,95.93912506103516,80.29231262207031,124.2300033569336,54.38766098022461,14.727523803710938
2015-01-22,169.81961059570312,95.46295166015625,43.90254211425781,31.989564895629883,95.5938720703125,80.25274658203125,125.2300033569336,55.35494613647461,14.710614204406738
2015-01-23,168.88848876953125,95.67402648925781,43.65353775024414,31.748111724853516,96.92437744140625,80.72138977050781,124.2300033569336,55.19791793823242,14.617616653442383
2015-01-26,169.28399658203125,95.56388854980469,44.25114059448242,31.76367950439453,96.62947845458984,80.70158386230469,122.98999786376953,55.66273880004883,14.566890716552734
2015-01-27,167.05099487304688,93.08624267578125,44.31516647338867,31.592329025268555,96.78053283691406,80.76102447509766,124.4000015258789,55.68155288696289,14.642976760864258
2015-01-28,164.90870666503906,92.60906982421875,43.65353775024414,31.249614715576172,98.36277770996094,81.30888366699219,123.41999816894531,55.31098175048828,14.431618690490723
2015-01-29,166.4330596923828,93.49917602539062,44.25114059448242,31.249614715576172,97.71544647216797,81.11748504638672,120.76000213623047,55.505680084228516,14.363985061645508
2015-01-30,164.3402099609375,92.77424621582031,43.553932189941406,30.3928165435791,99.44869232177734,81.78422546386719,123.44999694824219,54.362545013427734,14.710614204406738
2015-02-02,166.3754119873047,93.58177947998047,44.08040237426758,30.938047409057617,99.07325744628906,81.86033630371094,122.41999816894531,54.218074798583984,14.913519859313965
2015-02-03,168.78138732910156,94.48108673095703,44.784706115722656,31.522220611572266,96.9761962890625,81.19844055175781,121.05000305175781,54.68914031982422,15.327781677246094
2015-02-04,168.1387176513672,94.39847564697266,44.414764404296875,31.36644172668457,97.14192962646484,81.31092071533203,121.58000183105469,54.463035583496094,14.989608764648438
2015-02-05,169.83609008789062,95.21519470214844,45.02660369873047,31.553386688232422,96.07534790039062,81.05277252197266,121.79000091552734,55.116249084472656,15.19251537322998
2015-02-06,169.3664093017578,94.63705444335938,44.46456527709961,31.01593017578125,94.37470245361328,80.20551300048828,118.63999938964844,53.51459884643555,15.234786987304688
2015-02-09,168.60838317871094,94.33421325683594,44.25114059448242,30.969196319580078,94.22338104248047,80.2584457397461,119.16999816894531,53.13772964477539,15.386961936950684
2015-02-10,170.40455627441406,95.8024673461914,44.65665817260742,30.891319274902344,93.47391510009766,80.04004669189453,118.47000122070312,53.307308197021484,15.19251537322998
2015-02-11,170.50344848632812,96.15118408203125,44.414764404296875,30.66543197631836,93.6468505859375,80.09300231933594,117.06999969482422,53.150299072265625,15.074155807495117
2015-02-12,172.14315795898438,97.27072143554688,45.1048583984375,31.319704055786133,93.33700561523438,80.29820251464844,117.33999633789062,53.78466033935547,15.302419662475586
2015-02-13,172.85177612304688,98.10577392578125,45.403656005859375,31.67799949645996,92.37846374511719,79.98046875,117.9800033569336,53.426658630371094,15.47150707244873
2015-02-17,173.1237030029297,98.19755554199219,45.5103759765625,31.60789680480957,90.98767852783203,79.60980224609375,116.01000213623047,53.29475402832031,15.479959487915039
2015-02-18,173.1401824951172,98.3351821899414,45.78071975708008,31.600112915039062,91.52818298339844,79.89437866210938,116.33999633789062,53.790958404541016,15.293965339660645
2015-02-19,173.01651000976562,98.82151794433594,45.8376350402832,31.46770477294922,90.92283630371094,79.88117218017578,115.94000244140625,52.6352424621582,15.243240356445312
2015-02-20,174.05474853515625,99.4822769165039,46.264495849609375,31.67799949645996,91.18946838378906,80.00032806396484,115.27999877929688,53.14400863647461,15.18405818939209
2015-02-23,174.0300750732422,99.58318328857422,46.10086441040039,31.35865592956543,92.23438262939453,80.27171325683594,115.43000030517578,53.57112121582031,15.082608222961426
2015-02-24,174.5244140625,99.6565933227539,46.385440826416016,31.8104190826416,93.44509887695312,80.79459381103516,115.26000213623047,52.51591110229492,15.091063499450684
2015-02-25,174.37612915039062,99.40884399414062,46.42100524902344,31.748111724853516,93.8486099243164,80.86747741699219,115.69999694824219,52.528465270996094,15.319329261779785
2015-02-26,174.17015075683594,99.9135513305664,46.29295349121094,31.75589942932129,92.56590270996094,80.43052673339844,116.06999969482422,51.95688247680664,15.19251537322998
2015-02-27,173.5768280029297,99.47306823730469,46.314308166503906,31.73253631591797,93.34415435791016,80.6225357055664,116.16000366210938,52.36518096923828,15.361599922180176
2015-03-02,174.67279052734375,100.37236022949219,46.385440826416016,31.68579864501953,91.60549926757812,79.92365264892578,115.68000030517578,52.666656494140625,15.141789436340332
2015-03-03,173.9558563232422,99.90438079833984,46.10086441040039,31.444337844848633,91.27336120605469,79.87718963623047,115.47000122070312,52.566158294677734,15.234786987304688
2015-03-04,173.22254943847656,99.51895141601562,45.915889739990234,31.101621627807617,91.30223083496094,79.8240966796875,115.11000061035156,52.06366729736328,15.099515914916992
2015-03-05,173.4120635986328,99.69328308105469,46.022605895996094,31.054889678955078,91.18671417236328,79.93030548095703,115.0,52.214393615722656,15.040336608886719
2015-03-06,170.9731903076172,98.56461334228516,45.39654541015625,30.579744338989258,89.17221069335938,79.080810546875,111.86000061035156,50.48084259033203,14.854338645935059
2015-03-09,171.68173217773438,98.84907531738281,45.46768569946289,30.46291732788086,89.99532318115234,79.3993148803711,111.97000122070312,50.88282775878906,14.812068939208984
2015-03-10,168.89678955078125,97.01377868652344,44.478790283203125,29.785276412963867,91.17945861816406,79.525390625,111.41999816894531,50.845149993896484,14.617616653442383
2015-03-11,168.50119018554688,96.45401763916016,44.59262466430664,30.01114845275879,91.84378814697266,79.93030548095703,110.75,50.889102935791016,14.693704605102539
2015-03-12,170.6435546875,97.08717346191406,45.14754867553711,30.198089599609375,91.77879333496094,79.85063934326172,110.72000122070312,51.77473449707031,14.626070022583008
2015-03-13,169.5970916748047,96.66506958007812,44.884315490722656,29.83200454711914,91.4972152709961,79.62500762939453,110.87999725341797,51.74333572387695,14.330168724060059
2015-03-16,171.863037109375,97.91305541992188,45.3894157409668,30.1903018951416,92.37808227539062,79.7046127319336,110.80999755859375,52.27722930908203,14.313258171081543
2015-03-17,171.3521728515625,98.0690689086914,45.275604248046875,30.540807723999023,93.14350891113281,79.83734130859375,110.20999908447266,52.258392333984375,14.21180534362793
2015-03-18,173.4120635986328,99.0325927734375,46.24314498901367,31.288551330566406,94.9413833618164,80.81962585449219,112.37000274658203,53.351280212402344,14.6007080078125
2015-03-19,172.62103271484375,99.17942810058594,45.70246124267578,30.75890350341797,94.45753479003906,80.40814971923828,112.29000091552734,53.32614517211914,14.355528831481934
2015-03-20,174.14476013183594,99.8214340209961,46.71269989013672,31.21845054626465,94.9557876586914,80.63381958007812,113.56999969482422,54.66402053833008,14.549979209899902
2015-03-23,173.80538940429688,99.6282730102539,46.947471618652344,31.311918258666992,94.84021759033203,80.81962585449219,114.29000091552734,54.594932556152344,14.719069480895996
2015-03-24,172.82875061035156,99.26956176757812,46.84787368774414,31.43654441833496,95.75726318359375,80.93912506103516,114.56999969482422,54.130126953125,14.6007080078125
2015-03-25,170.2962188720703,96.99777221679688,46.627323150634766,30.938047409057617,94.94854736328125,80.67362213134766,114.7300033569336,53.19624328613281,14.642976760864258
2015-03-26,169.8906707763672,96.6666259765625,46.221805572509766,30.649852752685547,93.4683609008789,80.17585754394531,115.4800033569336,52.91823196411133,14.82052230834961
2015-03-27,170.2797393798828,97.0529556274414,46.34274673461914,30.735523223876953,94.63092041015625,80.49442291259766,115.05999755859375,52.987728118896484,14.524617195129395
2015-03-30,172.3570556640625,98.16584777832031,46.371212005615234,31.327503204345703,94.16153717041016,80.63381958007812,113.75,53.74595260620117,14.6007080078125
2015-03-31,170.85073852539062,97.12653350830078,45.65266418457031,31.257402420043945,94.36375427246094,80.77983856201172,113.66000366210938,53.27205276489258,14.431618690490723
2015-04-01,170.24652099609375,96.62065124511719,45.97991943359375,31.6468505859375,95.60314178466797,81.0120620727539,115.5999984741211,53.19624328613281,14.693704605102539
2015-04-02,170.85902404785156,96.68504333496094,46.378318786621094,32.12198257446289,94.59017944335938,80.8790054321289,115.27999877929688,53.600643157958984,14.617616653442383
2015-04-06,172.00942993164062,97.47602844238281,46.84787368774414,32.5348014831543,94.06197357177734,80.98550415039062,116.69000244140625,54.15666580200195,14.80361270904541
2015-04-07,171.5542755126953,97.31045532226562,46.78384017944336,32.37123489379883,94.85067749023438,81.27831268310547,116.11000061035156,53.202545166015625,14.8797025680542
2015-04-08,172.13360595703125,98.08307647705078,46.98303985595703,33.04887390136719,94.87954711914062,81.25170135498047,115.47000122070312,53.284706115722656,14.59225082397461
2015-04-09,172.89505004882812,98.6993179321289,47.04706954956055,33.37601089477539,93.64950561523438,80.83908081054688,114.66999816894531,52.17896270751953,14.59225082397461
2015-04-10,173.83851623535156,99.10399627685547,47.13956069946289,33.399375915527344,93.78704071044922,80.95221710205078,115.97000122070312,52.14104080200195,14.744431495666504
2015-04-13,173.05227661132812,98.85565185546875,46.840755462646484,33.204654693603516,93.91725158691406,80.925537109375,115.13999938964844,52.00202941894531,14.676797866821289
2015-04-14,173.3833465576172,98.57052612304688,47.189361572265625,33.35264205932617,94.58295440673828,81.11190032958984,114.44000244140625,52.185272216796875,14.744431495666504
2015-04-15,174.16128540039062,99.18678283691406,47.40278244018555,33.58631896972656,94.50334167480469,81.16512298583984,115.43000030517578,51.793514251708984,15.040336608886719
2015-04-16,174.11163330078125,99.04879760742188,47.530845642089844,33.85115051269531,94.0330581665039,81.11859893798828,115.02999877929688,51.92619323730469,15.200967788696289
2015-04-17,172.1087646484375,97.50364685058594,46.93324279785156,33.25918197631836,95.11113739013672,81.33818054199219,115.5999984741211,51.68611145019531,15.167153358459473
2015-04-20,173.6813201904297,98.9660415649414,46.98303985595703,33.228023529052734,94.27179718017578,81.1451644897461,114.72000122070312,51.761898040771484,15.099515914916992
2015-04-21,173.474365234375,99.3891372680664,47.40278244018555,33.42273712158203,93.84491729736328,81.12519836425781,115.37999725341797,51.850372314453125,14.989608764648438
2015-04-22,174.3268585205078,99.93180847167969,47.495277404785156,33.78104019165039,92.41227722167969,80.59950256347656,113.83000183105469,51.957786560058594,15.040336608886719
2015-04-23,174.76551818847656,100.30890655517578,47.673133850097656,34.030296325683594,92.81025695800781,80.80575561523438,114.66000366210938,52.096805572509766,15.226333618164062
2015-04-24,175.17100524902344,101.670166015625,47.95058822631836,34.15491485595703,93.38906860351562,80.95885467529297,113.05000305175781,52.20423126220703,15.217877388000488
2015-04-27,174.44276428222656,101.41261291503906,48.185359954833984,34.28733444213867,93.38906860351562,80.89891815185547,115.33000183105469,52.13471603393555,15.217877388000488
2015-04-28,174.99720764160156,101.21027374267578,48.242271423339844,34.341854095458984,92.10113525390625,80.41980743408203,116.33000183105469,52.03361129760742,15.243240356445312
2015-04-29,174.2771759033203,100.57564544677734,47.822532653808594,33.91345977783203,90.97241973876953,79.75426483154297,115.51000213623047,50.98472595214844,15.344691276550293
2015-04-30,172.5308380126953,98.99362182617188,47.317420959472656,33.399375915527344,91.13158416748047,79.82080078125,113.47000122070312,50.15699768066406,15.463054656982422
2015-05-01,174.40135192871094,100.29969024658203,47.84387969970703,33.60189437866211,89.90480041503906,79.38037109375,113.08000183105469,50.536128997802734,15.446145057678223
2015-05-04,174.89793395996094,100.46524047851562,47.794071197509766,33.796634674072266,89.05654907226562,79.12680053710938,114.0999984741211,50.586666107177734,15.437690734863281
2015-05-05,172.89505004882812,98.82805633544922,47.0826416015625,33.430538177490234,88.9332504272461,78.99331665039062,114.41999816894531,49.48722839355469,15.564505577087402
2015-05-06,172.18325805664062,98.14745330810547,47.203590393066406,33.01770782470703,87.41069030761719,78.65296173095703,114.36000061035156,49.39246368408203,15.564505577087402
2015-05-07,172.87017822265625,98.73612213134766,47.04706954956055,32.97099304199219,88.58524322509766,78.96661376953125,113.41999816894531,50.150691986083984,15.319329261779785
2015-05-08,175.14625549316406,99.96856689453125,48.13557052612305,33.3915901184082,88.8245620727539,79.42041778564453,113.97000122070312,50.8520393371582,15.403874397277832
2015-05-11,174.31024169921875,99.58228302001953,47.715816497802734,33.072235107421875,86.66393280029297,78.61959838867188,113.52999877929688,50.087486267089844,15.336236953735352
2015-05-12,173.78884887695312,99.13159942626953,47.6873664855957,32.96319580078125,86.88866424560547,78.5062026977539,114.5,50.2391242980957,15.496871948242188
2015-05-13,173.822021484375,99.33392333984375,48.04307556152344,33.025508880615234,86.19259643554688,78.43274688720703,116.55000305175781,49.75892639160156,15.513777732849121
2015-05-14,175.63458251953125,100.78717041015625,48.61933517456055,33.35264205932617,86.42462158203125,78.69967651367188,117.18000030517578,50.71935272216797,15.606778144836426
2015-05-15,175.82485961914062,100.78717041015625,48.67625045776367,33.60969543457031,88.157470703125,79.24693298339844,117.52999877929688,51.237464904785156,15.598322868347168
2015-05-18,176.37112426757812,101.2286376953125,48.51261901855469,33.2669677734375,86.67840576171875,78.63965606689453,117.5199966430664,51.10478210449219,15.556052207946777
2015-05-19,176.3131866455078,101.11829376220703,48.32764434814453,33.32149887084961,85.90982055664062,78.21918487548828,115.88999938964844,50.927879333496094,15.226333618164062
2015-05-20,176.1890869140625,101.18265533447266,48.420127868652344,33.298118591308594,86.05486297607422,78.3126449584961,116.08000183105469,50.88364791870117,15.19251537322998
2015-05-21,176.70217895507812,101.70690155029297,48.67625045776367,33.181278228759766,87.25839233398438,78.68634033203125,115.69000244140625,50.643524169921875,15.378510475158691
2015-05-22,176.2800750732422,101.60575103759766,48.36322784423828,33.29033660888672,87.29468536376953,78.63298034667969,115.5999984741211,50.58034896850586,15.20942211151123
2015-05-26,174.38478088378906,100.4376449584961,47.495277404785156,32.76069641113281,88.78826141357422,78.97999572753906,113.91000366210938,50.194908142089844,14.913519859313965
2015-05-27,176.0401153564453,102.05642700195312,47.95771408081055,32.768470764160156,88.99127960205078,79.0600814819336,113.88999938964844,50.68775939941406,14.710614204406738
2015-05-28,175.84146118164062,101.82646942138672,47.87233352661133,32.34006881713867,88.77376556396484,78.89324951171875,114.0199966430664,50.586666107177734,14.786703109741211
2015-05-29,174.74899291992188,101.21944427490234,47.40989685058594,32.02851867675781,88.96952819824219,78.92662048339844,114.0999984741211,50.00535202026367,14.972698211669922
2015-06-01,175.1048583984375,101.55976104736328,47.2818489074707,31.90388298034668,88.01334381103516,78.4842529296875,114.0,50.61825942993164,14.938883781433105
2015-06-02,174.9310302734375,101.23786163330078,47.50239181518555,32.02851867675781,86.785400390625,78.0827407836914,114.45999908447266,50.150691986083984,15.116423606872559
2015-06-03,175.39450073242188,101.54139709472656,47.765621185302734,31.864948272705078,85.39029693603516,77.58086395263672,113.63999938964844,49.43035888671875,14.921972274780273
2015-06-04,173.9130401611328,100.76875305175781,47.25338363647461,31.382017135620117,86.50196838378906,77.98233795166016,112.83999633789062,49.3355827331543,14.786703109741211
2015-06-05,173.6151123046875,100.52964782714844,46.691349029541016,31.241823196411133,85.44841766357422,77.58756256103516,112.23999786376953,48.7858772277832,14.854338645935059
2015-06-08,172.54742431640625,99.50870513916016,46.627323150634766,31.234025955200195,85.35398864746094,77.5339584350586,112.56999969482422,48.69742965698242,14.862793922424316
2015-06-09,172.52261352539062,99.34315490722656,46.371212005615234,31.047086715698242,84.67821502685547,77.18600463867188,112.81999969482422,48.343570709228516,15.099515914916992
2015-06-10,174.59164428710938,100.70435333251953,47.34587860107422,31.49884605407715,83.93708038330078,76.9785385131836,113.77999877929688,48.68476867675781,15.158696174621582
2015-06-11,175.15451049804688,100.85154724121094,47.47392654418945,31.343074798583984,85.7027359008789,77.66114807128906,113.26000213623047,48.98173141479492,15.023426055908203
2015-06-12,173.8136749267578,100.02376556396484,47.09686279296875,31.343074798583984,85.7027359008789,77.52729797363281,113.2300033569336,48.937503814697266,14.871247291564941
2015-06-15,173.06884765625,99.52709197998047,46.81230163574219,30.99257469177246,85.84078979492188,77.51387786865234,113.7300033569336,48.67213821411133,14.80361270904541
2015-06-16,174.01231384277344,100.06977844238281,46.79806900024414,31.000354766845703,86.5165023803711,77.7080078125,113.31999969482422,49.06388854980469,14.845885276794434
2015-06-17,174.2937469482422,100.34571838378906,46.691349029541016,31.18730354309082,85.84800720214844,77.70127868652344,113.8499984741211,49.480918884277344,14.888157844543457
2015-06-18,176.1062469482422,101.80809020996094,47.1110954284668,31.475492477416992,85.42659759521484,77.56073760986328,115.31999969482422,50.16331100463867,14.888157844543457
2015-06-19,175.3245086669922,101.30474853515625,46.99727249145508,31.202869415283203,86.5238037109375,77.97563934326172,115.12000274658203,49.777896881103516,14.752886772155762
2015-06-22,176.2227325439453,102.05144500732422,47.88655471801758,31.654640197753906,84.75816345214844,77.36001586914062,113.63999938964844,49.26606369018555,14.80361270904541
2015-06-23,176.34742736816406,102.13446044921875,48.01461410522461,31.966201782226562,84.24952697753906,77.18600463867188,112.88999938964844,48.855377197265625,14.981154441833496
2015-06-24,175.066650390625,101.60897827148438,47.601993560791016,31.740320205688477,84.97612762451172,77.40013122558594,112.58999633789062,48.5899772644043,14.8797025680542
2015-06-25,174.53439331054688,101.40615844726562,47.58100509643555,31.63124656677246,84.67821502685547,77.27300262451172,112.44000244140625,48.097145080566406,14.896613121032715
2015-06-26,174.50119018554688,100.7331771850586,47.559288024902344,31.333057403564453,83.72634887695312,76.91830444335938,112.55999755859375,48.44306182861328,14.96424674987793
2015-06-29,170.84182739257812,98.3547592163086,46.09794616699219,30.634685516357422,85.94247436523438,77.58756256103516,113.06999969482422,47.689937591552734,14.896613121032715
2015-06-30,171.1994171142578,98.70504760742188,45.93154525756836,31.089805603027344,85.3466796875,77.4402847290039,112.37000274658203,47.6707878112793,15.217877388000488
2015-07-01,172.57174682617188,99.48865509033203,46.22816848754883,31.066253662109375,84.1947021484375,77.19195556640625,111.9800033569336,48.45583724975586,15.031882286071777
2015-07-02,172.4136505126953,99.51631927490234,46.28604507446289,31.215351104736328,84.47136688232422,77.4872817993164,111.76000213623047,48.57710266113281,15.00651741027832
2015-07-06,171.9229736328125,99.28584289550781,45.3527946472168,30.344331741333008,86.0370101928711,77.7960205078125,112.05999755859375,48.88346481323242,14.516165733337402
2015-07-07,173.00418090820312,99.53475189208984,45.36725997924805,29.889211654663086,86.84529876708984,78.11814880371094,110.76000213623047,49.64936065673828,14.431618690490723
2015-07-08,170.10159301757812,97.8016357421875,44.311038970947266,28.861251831054688,87.59535217285156,78.2254867553711,111.08999633789062,49.457881927490234,14.363985061645508
2015-07-09,170.40931701660156,97.7463150024414,45.04170608520508,29.418386459350586,85.8695297241211,77.70877075195312,111.36000061035156,49.22173309326172,14.533072471618652
2015-07-10,172.55506896972656,99.2397689819336,46.51754379272461,30.163850784301758,84.50779724121094,77.21212768554688,111.48999786376953,49.630210876464844,14.6007080078125
2015-07-13,174.45956420898438,100.98210906982422,46.691165924072266,30.367876052856445,84.24563598632812,77.04432678222656,110.98999786376953,49.70042037963867,14.609162330627441
2015-07-14,175.21636962890625,101.6458511352539,47.08182907104492,30.422813415527344,84.52236938476562,77.11148071289062,110.73999786376953,49.80253982543945,14.558432579040527
2015-07-15,175.158203125,101.75647735595703,46.908199310302734,30.077547073364258,85.41805267333984,77.31278228759766,110.16000366210938,49.885501861572266,14.389348983764648
2015-07-16,176.56369018554688,103.194580078125,47.313331604003906,30.454191207885742,86.00791931152344,77.43357849121094,109.76000213623047,50.287601470947266,14.321712493896484
2015-07-17,176.71343994140625,104.71568298339844,47.2337532043457,30.414958953857422,86.45211791992188,77.4872817993164,108.6500015258789,50.1088981628418,14.245622634887695
2015-07-20,176.80487060546875,105.07524871826172,47.35673904418945,30.218780517578125,86.08800506591797,77.30607604980469,105.69999694824219,50.16633605957031,14.017355918884277
2015-07-21,176.10626220703125,105.01068115234375,47.219276428222656,30.226633071899414,86.55402374267578,77.46714782714844,105.37000274658203,50.02592849731445,14.076536178588867
2015-07-22,175.79022216796875,103.82147216796875,46.85755920410156,29.7950382232666,87.09294128417969,77.56780242919922,104.80000305175781,50.2429313659668,13.873631477355957
2015-07-23,174.80056762695312,103.43426513671875,46.73457717895508,29.504703521728516,88.17794036865234,77.7960205078125,104.33000183105469,49.617462158203125,13.755269050598145
2015-07-24,172.98751831054688,102.42024230957031,46.22093200683594,29.080970764160156,88.39634704589844,77.76239013671875,105.3499984741211,49.82806396484375,13.645362854003906
2015-07-27,171.981201171875,101.57208251953125,45.88090515136719,28.53167724609375,88.86973571777344,77.7691421508789,104.86000061035156,49.91742706298828,13.383275985717773
2015-07-28,174.09364318847656,102.44789123535156,46.45967102050781,28.822025299072266,88.22163391113281,77.70877075195312,105.0199966430664,49.949337005615234,13.493185043334961
2015-07-29,175.2913055419922,102.83505249023438,46.62605285644531,29.104515075683594,87.89395141601562,77.64168548583984,105.16999816894531,50.27482604980469,13.535457611083984
2015-07-30,175.3328399658203,103.32363891601562,46.58988952636719,28.814172744750977,88.57115936279297,77.681884765625,104.2699966430664,50.02592849731445,13.484729766845703
2015-07-31,175.066650390625,103.20384216308594,46.86479187011719,29.1280517578125,89.22657012939453,78.0845718383789,104.93000030517578,50.42164611816406,13.298733711242676
2015-08-03,174.47613525390625,102.88116455078125,46.741817474365234,28.64154052734375,90.16577911376953,78.26627349853516,104.0999984741211,50.73438262939453,13.078919410705566
2015-08-04,174.13525390625,102.68756103515625,46.777984619140625,28.743545532226562,89.45062255859375,77.86922454833984,104.30999755859375,50.364200592041016,13.155010223388672
2015-08-05,174.7091064453125,103.4803695678711,47.02394485473633,28.75139617919922,88.77915954589844,77.56636047363281,103.93000030517578,50.03230285644531,13.104283332824707
2015-08-06,173.27865600585938,101.82099151611328,46.82863235473633,28.500301361083984,89.56736755371094,77.71441650390625,104.38999938964844,50.10251998901367,13.095829010009766
2015-08-07,172.94590759277344,101.69194030761719,46.741817474365234,28.484601974487305,90.7423095703125,77.98355865478516,104.6500015258789,50.287601470947266,13.045103073120117
2015-08-10,175.12493896484375,102.85350036621094,47.313331604003906,28.963260650634766,89.61843872070312,77.67403411865234,105.72000122070312,50.12803649902344,13.3240966796875
2015-08-11,173.5447540283203,101.53520965576172,46.58988952636719,28.327655792236328,91.04154968261719,77.9970703125,106.26000213623047,50.45992660522461,13.146553993225098
2015-08-12,173.75267028808594,101.88554382324219,46.257110595703125,27.888227462768555,90.54531860351562,77.87590789794922,107.75,50.61949157714844,13.104283332824707
2015-08-13,173.5364227294922,101.71959686279297,46.22816848754883,27.841142654418945,90.25338745117188,77.6067123413086,106.86000061035156,50.67693328857422,13.045103073120117
2015-08-14,174.1685028076172,101.8763198852539,46.30051040649414,27.88038444519043,90.46497344970703,77.68075561523438,106.8499984741211,50.95138168334961,12.96055793762207
2015-08-17,175.1415557861328,102.72444915771484,46.21369171142578,27.57434844970703,90.87367248535156,77.92980194091797,107.12999725341797,51.38540267944336,12.909832000732422
2015-08-18,174.63421630859375,102.19898223876953,45.86643981933594,27.276165008544922,90.15850067138672,77.6336669921875,107.11000061035156,51.52582550048828,12.842196464538574
2015-08-19,173.2537078857422,101.5260238647461,45.4613037109375,26.93874168395996,91.04882049560547,78.01050567626953,108.55000305175781,51.219459533691406,12.69847297668457
2015-08-20,169.63583374023438,98.71431732177734,44.36168670654297,26.515003204345703,91.9683609008789,78.05765533447266,110.44000244140625,50.84287643432617,12.732291221618652
2015-08-21,164.52940368652344,94.3999252319336,43.34886169433594,25.698915481567383,92.24569702148438,78.07786560058594,111.12999725341797,49.89826583862305,12.520930290222168
2015-08-24,157.60157775878906,90.7677230834961,41.851318359375,24.576791763305664,92.21646881103516,77.86248779296875,110.52999877929688,47.56228256225586,12.208118438720703
2015-08-25,155.7470245361328,90.4266357421875,42.24921798706055,24.890674591064453,90.73500061035156,77.4653549194336,109.16000366210938,46.25387191772461,12.258844375610352
2015-08-26,161.7267608642578,94.98072052001953,43.2475700378418,25.71461296081543,88.98350524902344,77.41827392578125,107.66999816894531,47.50483322143555,12.182755470275879
2015-08-27,165.72703552246094,97.3868179321289,43.77568054199219,26.852426528930664,89.03461456298828,77.49230194091797,107.7300033569336,48.42392349243164,12.622383117675781
2015-08-28,165.7353515625,97.36837005615234,43.7105712890625,26.507152557373047,89.29736328125,77.6336669921875,108.69999694824219,48.35371398925781,12.952103614807129
2015-08-31,164.3963623046875,96.16070556640625,43.3850212097168,26.55423927307129,88.61133575439453,77.43842315673828,108.81999969482422,47.249549865722656,13.264914512634277
2015-09-01,159.489501953125,93.15538787841797,41.93088912963867,25.526281356811523,89.24980163574219,77.90763092041016,109.19999694824219,46.349609375,12.825288772583008
2015-09-02,162.51681518554688,95.78273010253906,42.55305862426758,25.89508819580078,88.48190307617188,77.7928466796875,108.62000274658203,46.82828903198242,12.935194969177246
2015-09-03,162.63320922851562,95.31258392333984,42.65434646606445,25.997102737426758,88.91338348388672,78.16409301757812,107.83999633789062,46.95595932006836,13.019739151000977
2015-09-04,160.17147827148438,94.17867279052734,41.67768859863281,25.220245361328125,89.72522735595703,78.33956909179688,107.48999786376953,46.0815315246582,12.859106063842773
2015-09-08,164.19677734375,96.83368682861328,42.900306701660156,26.02064323425293,88.40142822265625,77.97505950927734,107.5199966430664,46.77723693847656,12.952103614807129
2015-09-09,162.00119018554688,95.7458724975586,42.726680755615234,25.887245178222656,88.82560729980469,78.14384460449219,106.12999725341797,46.241111755371094,12.7830171585083
2015-09-10,162.88272094726562,96.78755187988281,43.00883483886719,26.154043197631836,88.22587585449219,77.9885482788086,106.37999725341797,46.34324264526367,12.892922401428223
2015-09-11,163.62290954589844,97.3222427368164,43.00159454345703,26.256052017211914,88.7817611694336,78.04261016845703,106.16000366210938,47.23038864135742,12.876014709472656
2015-09-14,163.0157928466797,97.02725982666016,42.67605209350586,26.216821670532227,88.92072296142578,78.03585815429688,106.22000122070312,47.25594711303711,12.715381622314453
2015-09-15,165.05335998535156,98.17037963867188,42.965423583984375,26.467918395996094,87.21663665771484,77.44859313964844,105.9000015258789,47.721839904785156,12.757654190063477
2015-09-16,166.48379516601562,98.72350311279297,43.623756408691406,27.111373901367188,86.8874282836914,77.59033203125,107.30999755859375,48.232452392578125,12.969012260437012
2015-09-17,166.10963439941406,98.76039123535156,43.645469665527344,27.048601150512695,87.94796752929688,78.2315902709961,108.41000366210938,48.781349182128906,12.884469032287598
2015-09-18,163.39515686035156,97.35570526123047,42.55305862426758,26.546396255493164,89.30099487304688,78.46782684326172,109.20999908447266,48.698360443115234,12.690018653869629
2015-09-21,164.2394561767578,97.66068267822266,42.5313606262207,26.499309539794922,87.8455810546875,78.06961822509766,108.52999877929688,49.11322021484375,12.83374309539795
2015-09-22,162.10768127441406,96.20059204101562,41.51852798461914,26.004947662353516,89.06695556640625,78.40705871582031,107.79000091552734,48.49412536621094,12.757654190063477
2015-09-23,161.84852600097656,96.27452850341797,41.32320022583008,25.589054107666016,89.05964660644531,78.35982513427734,108.22000122070312,48.79838943481445,12.65619945526123
2015-09-24,161.26329040527344,95.92337036132812,41.20744705200195,25.47920036315918,89.66666412353516,78.37332916259766,110.48999786376953,48.3407096862793,12.732291221618652
2015-09-25,161.22154235839844,95.11012268066406,41.56916046142578,25.424274444580078,88.89144897460938,78.1370849609375,109.80999755859375,48.534095764160156,12.808380126953125
2015-09-28,157.17530822753906,92.4024429321289,40.75168991088867,24.88282585144043,90.4127197265625,78.2720947265625,108.41999816894531,47.779884338378906,12.630837440490723
2015-09-29,157.2672576904297,91.92190551757812,40.69380569458008,25.000534057617188,90.6686782836914,78.37332916259766,107.9800033569336,48.289146423339844,12.715381622314453
2015-09-30,160.20162963867188,94.03816223144531,41.4678955078125,25.722454071044922,90.35420227050781,78.35982513427734,106.86000061035156,48.695247650146484,12.808380126953125
2015-10-01,160.61959838867188,94.46326446533203,41.59811019897461,25.86370086669922,90.73973083496094,78.34223175048828,106.7300033569336,48.93376159667969,12.723835945129395
2015-10-02,163.0189666748047,96.11741638183594,42.30708694458008,26.55423927307129,91.28939819335938,78.68748474121094,108.98999786376953,49.2883186340332,12.808380126953125
2015-10-05,165.91983032226562,97.49433898925781,43.14628601074219,27.127059936523438,90.05078887939453,78.4776382446289,108.7699966430664,50.11988067626953,12.97746753692627
2015-10-06,165.351318359375,97.03229522705078,43.19692611694336,27.079984664916992,90.43923950195312,78.6333236694336,109.86000061035156,50.00385284423828,13.231098175048828
2015-10-07,166.7056884765625,97.61444854736328,43.739498138427734,27.801912307739258,90.13874816894531,78.91083526611328,109.69999694824219,50.57756805419922,13.205735206604004
2015-10-08,168.21046447753906,98.00260925292969,44.086761474609375,28.100093841552734,89.38384246826172,78.59945678710938,109.13999938964844,51.00303268432617,13.264914512634277
2015-10-09,168.310791015625,98.44622039794922,44.166343688964844,28.20210838317871,89.6183853149414,78.6333236694336,110.87000274658203,50.91922378540039,13.3240966796875
2015-10-12,168.4695587158203,98.68647003173828,44.07952880859375,27.990234375,90.29998779296875,78.95146179199219,111.30999755859375,51.280208587646484,13.112737655639648
2015-10-13,167.40792846679688,98.04883575439453,43.52247619628906,27.535106658935547,90.453857421875,78.89051055908203,111.86000061035156,50.88054275512695,13.028192520141602
2015-10-14,166.60531616210938,97.8917007446289,43.60928726196289,27.74698257446289,91.24542999267578,79.20191192626953,113.80999755859375,50.500213623046875,13.062010765075684
2015-10-15,169.16348266601562,99.49967193603516,44.35443878173828,28.42182159423828,90.79830169677734,79.1680908203125,113.29000091552734,51.18996810913086,13.028192520141602
2015-10-16,169.93258666992188,99.9155502319336,44.31826400756836,28.445362091064453,90.82769012451172,79.19519805908203,112.48999786376953,51.57673263549805,13.03664779663086
2015-10-19,170.01611328125,100.48848724365234,44.166343688964844,28.155019760131836,90.57848358154297,79.18838500976562,112.0199966430664,52.29872131347656,12.799924850463867
2015-10-20,169.79885864257812,99.97095489501953,43.98548126220703,28.147180557250977,90.02147674560547,79.03949737548828,112.7300033569336,52.27938461303711,12.825288772583008
2015-10-21,168.74546813964844,99.36107635498047,43.96377944946289,27.739131927490234,90.91558837890625,79.43209838867188,111.7300033569336,52.086002349853516,12.715381622314453
2015-10-22,171.5962371826172,101.38485717773438,44.455726623535156,28.311965942382812,91.06950378417969,79.60131072998047,111.69000244140625,52.54368591308594,12.757654190063477
2015-10-23,173.4772186279297,104.22196197509766,44.89702606201172,28.47675323486328,90.29264068603516,79.31024932861328,111.5,52.03444290161133,12.681562423706055
2015-10-26,173.05091857910156,104.28662109375,44.73063278198242,28.217796325683594,90.89358520507812,79.452392578125,111.43000030517578,52.02153015136719,12.647747039794922
2015-10-27,172.71646118164062,104.49915313720703,44.33997344970703,27.896074295043945,91.12078094482422,79.4726791381836,111.68000030517578,52.00221633911133,12.588565826416016
2015-10-28,174.68104553222656,105.36782836914062,44.62934494018555,27.57434844970703,90.75439453125,79.16132354736328,110.77999877929688,52.04732131958008,12.799924850463867
2015-10-29,174.58071899414062,105.20149230957031,44.30379867553711,27.31539535522461,89.3105697631836,78.60626220703125,109.72000122070312,51.97642135620117,12.723835945129395
2015-10-30,173.828369140625,104.7302017211914,44.209747314453125,27.362478256225586,89.98486328125,78.80931854248047,109.30000305175781,51.49938201904297,12.850650787353516
2015-11-02,175.8848876953125,105.91307067871094,44.62934494018555,27.9039249420166,89.5713119506836,78.4705581665039,108.58999633789062,52.59526824951172,12.7830171585083
2015-11-03,176.3948516845703,106.28271484375,44.61488342285156,28.272729873657227,88.83684539794922,78.47735595703125,106.9800033569336,52.0666618347168,13.011283874511719
2015-11-04,175.85975646972656,106.29193878173828,44.3689079284668,28.045166015625,88.9395980834961,78.38911437988281,105.97000122070312,51.834590911865234,12.791471481323242
2015-11-05,175.6842498779297,106.0054931640625,44.289329528808594,28.09225082397461,88.70459747314453,78.40946197509766,105.63999938964844,52.040870666503906,12.690018653869629
2015-11-06,175.59226989746094,106.07940673828125,44.086761474609375,27.69990348815918,87.40455627441406,77.90030670166016,104.0999984741211,50.422855377197266,12.61392879486084
2015-11-09,173.95375061035156,104.95195770263672,43.630985260009766,27.00935935974121,86.91244506835938,77.77131652832031,104.4000015258789,49.55904769897461,12.504022598266602
2015-11-10,174.35501098632812,104.68396759033203,43.60205841064453,26.89165496826172,87.16950225830078,77.96821594238281,104.18000030517578,50.1263313293457,12.478658676147461
2015-11-11,173.6694793701172,104.55461883544922,43.82632827758789,26.94658851623535,86.98587799072266,77.96138000488281,103.83000183105469,50.1843376159668,12.351842880249023
2015-11-12,171.24513244628906,103.5380859375,43.25480651855469,26.687637329101562,87.40455627441406,77.93424987792969,103.8499984741211,49.84270095825195,12.174301147460938
2015-11-13,169.3223114013672,101.50502014160156,42.89308547973633,26.318830490112305,87.90396118164062,78.16505432128906,103.55999755859375,49.27540588378906,12.081303596496582
2015-11-16,171.89720153808594,102.96511840820312,43.4356575012207,26.828882217407227,87.82320404052734,78.17867279052734,103.70999908447266,49.84270095825195,12.140483856201172
2015-11-17,171.77178955078125,103.0298080444336,43.55141830444336,26.750408172607422,87.97006225585938,78.26010131835938,102.33999633789062,49.84270095825195,11.954487800598145
2015-11-18,174.4971160888672,105.00740814208984,43.949302673339844,27.040752410888672,88.1537094116211,78.28044891357422,102.43000030517578,50.281036376953125,12.005213737487793
2015-11-19,174.34666442871094,105.08133697509766,44.17357635498047,27.28400993347168,88.74131774902344,78.51129913330078,103.55999755859375,50.43575668334961,12.005213737487793
2015-11-20,174.9820098876953,105.79292297363281,44.07229232788086,27.558650970458984,88.46957397460938,78.4977035522461,103.08999633789062,51.06748580932617,11.98830509185791
2015-11-23,174.7813720703125,105.48794555664062,43.797393798828125,27.299705505371094,88.74131774902344,78.52483367919922,102.26000213623047,51.17707061767578,12.081303596496582
2015-11-24,175.01544189453125,105.39556121826172,43.80461883544922,27.440946578979492,88.7339859008789,78.55200958251953,102.94000244140625,50.906314849853516,12.27575397491455
2015-11-25,174.99041748046875,105.48794555664062,43.90591049194336,27.229080200195312,88.9395980834961,78.6266860961914,102.45999908447266,51.112613677978516,12.258844375610352
2015-11-27,175.1909637451172,105.63580322265625,43.91313552856445,26.632707595825195,88.85150146484375,78.65381622314453,101.25,51.557411193847656,12.072848320007324
2015-11-30,174.46365356445312,105.36782836914062,43.87696838378906,26.67194366455078,89.20402526855469,78.68783569335938,101.91999816894531,51.17707061767578,11.996760368347168
2015-12-01,176.12730407714844,106.42133331298828,44.33997344970703,26.875961303710938,90.40896606445312,79.2793960571289,102.27999877929688,51.88615798950195,12.13202953338623
2015-12-02,174.32994079589844,105.76519775390625,43.869728088378906,26.55423927307129,90.43842315673828,79.08879089355469,100.69000244140625,50.828956604003906,11.878398895263672
2015-12-03,171.8888397216797,103.97238159179688,43.65993881225586,26.4051456451416,87.97997283935547,78.04035186767578,101.76000213623047,50.02962875366211,12.01366901397705
2015-12-04,175.24114990234375,106.40283203125,44.01442337036133,26.58562660217285,88.75286102294922,78.46244049072266,104.0199966430664,50.98367691040039,11.996760368347168
2015-12-07,174.17947387695312,105.92227172851562,43.732276916503906,26.146190643310547,89.6140365600586,78.5986099243164,102.66999816894531,50.84187316894531,11.650131225585938
2015-12-08,173.0091094970703,105.93152618408203,43.088401794433594,25.85585594177246,89.6581802368164,78.49649810791016,102.83999633789062,50.7967529296875,11.590950012207031
2015-12-09,171.66307067871094,104.3235855102539,42.89308547973633,25.64398956298828,89.5625,78.47605895996094,102.63999938964844,50.51312255859375,11.599404335021973
2015-12-10,172.10617065429688,104.79486846923828,42.900306701660156,25.471355438232422,89.68032836914062,78.29225158691406,102.55000305175781,50.15210723876953,11.55713176727295
2015-12-11,168.77061462402344,102.3829345703125,42.08281326293945,24.75727653503418,91.09351348876953,78.42842102050781,103.11000061035156,50.06188201904297,11.43877124786377
2015-12-14,169.62330627441406,103.15914916992188,42.14793014526367,25.157474517822266,89.91580963134766,77.8497085571289,101.79000091552734,50.293941497802734,11.36268138885498
2015-12-15,171.4039306640625,103.78758239746094,42.35773468017578,25.541975021362305,89.38584899902344,77.85651397705078,101.5199966430664,50.84187316894531,11.337319374084473
2015-12-16,173.91195678710938,105.33086395263672,43.211387634277344,26.04418182373047,89.19446563720703,77.84292602539062,102.75,51.834590911865234,11.286592483520508
2015-12-17,171.2618408203125,103.79684448242188,42.661582946777344,25.706758499145508,90.20286560058594,77.93142700195312,100.5,51.57673263549805,11.168230056762695
2015-12-18,168.21078491210938,101.80577087402344,42.213043212890625,25.620447158813477,90.70338439941406,77.93142700195312,102.04000091552734,50.97726058959961,11.218957901000977
2015-12-21,169.59840393066406,102.93663024902344,42.40863037109375,25.820478439331055,90.68133544921875,77.98590850830078,103.1500015258789,51.17707061767578,11.168230056762695
2015-12-22,171.13735961914062,103.61327362060547,42.7297477722168,26.027677536010742,90.02619934082031,77.88375854492188,102.61000061035156,51.38334274291992,11.117504119873047
2015-12-23,173.25665283203125,104.38264465332031,43.44493865966797,26.394258499145508,89.34904479980469,77.95185089111328,102.30999755859375,51.91149139404297,11.32041072845459
2015-12-24,172.9706268310547,104.36410522460938,43.37195587158203,26.298627853393555,89.8609390258789,78.20581817626953,103.05000305175781,51.91149139404297,11.32041072845459
2015-12-28,172.575439453125,104.30850219726562,43.26979064941406,26.115341186523438,90.12646484375,78.11026000976562,102.2699966430664,52.19908905029297,11.15977668762207
2015-12-29,174.4171600341797,105.94918823242188,43.70036315917969,26.139244079589844,88.62914276123047,77.70742797851562,102.19999694824219,52.75469207763672,11.345773696899414
2015-12-30,173.1809539794922,104.99443817138672,43.437644958496094,25.732810974121094,88.54061889648438,77.70742797851562,101.41999816894531,52.57167053222656,11.235865592956543
2015-12-31,171.448486328125,103.68745422363281,42.85380554199219,25.653118133544922,88.93895721435547,77.83715057373047,101.45999908447266,52.1141242980957,11.29504680633545
2016-01-04,169.05177307128906,101.49984741210938,42.196983337402344,24.95182228088379,89.58064270019531,77.79617309570312,102.88999938964844,51.486637115478516,11.210501670837402
2016-01-05,169.3377227783203,101.32374572753906,42.131309509277344,25.007604598999023,89.2192611694336,77.83715057373047,103.18000030517578,52.48015594482422,11.100595474243164
2016-01-06,167.20159912109375,100.35047912597656,41.43798828125,24.529447555541992,90.4215087890625,78.14435577392578,104.66999816894531,52.33634948730469,10.923054695129395
2016-01-07,163.19020080566406,97.20814514160156,40.57682418823242,23.772367477416992,90.58377075195312,78.20581817626953,106.1500015258789,51.31668472290039,10.872326850891113
2016-01-08,161.39892578125,96.41097259521484,40.087867736816406,23.517351150512695,90.9894790649414,78.26725769042969,105.68000030517578,50.63036346435547,10.821601867675781
2016-01-11,161.55873107910156,96.70758819580078,40.25572204589844,23.509382247924805,89.99374389648438,78.01465606689453,104.73999786376953,50.917964935302734,10.525697708129883
2016-01-12,162.8622283935547,97.82917785644531,40.445472717285156,23.557199478149414,91.29187774658203,78.1921615600586,104.20999908447266,50.57807922363281,10.458063125610352
2016-01-13,158.8003387451172,94.45513153076172,39.817848205566406,23.310152053833008,92.19171905517578,78.43111419677734,104.72000122070312,49.852535247802734,10.398881912231445
2016-01-14,161.4073486328125,96.46659088134766,40.32869338989258,23.61298179626465,91.32875061035156,78.0419921875,103.0199966430664,49.734901428222656,10.42424488067627
2016-01-15,157.9425506591797,93.47254943847656,38.869102478027344,22.680580139160156,92.75230407714844,77.9259033203125,104.08000183105469,49.39501190185547,10.204431533813477
2016-01-19,158.15280151367188,93.67650604248047,39.22669982910156,23.01528549194336,92.4646224975586,77.57769775390625,103.9800033569336,49.65645217895508,10.119887351989746
2016-01-20,156.12600708007812,93.38912963867188,38.33634567260742,22.513219833374023,93.43826293945312,77.69377899169922,105.37000274658203,48.323055267333984,10.043797492980957
2016-01-21,157.0006866455078,93.48182678222656,38.6209716796875,22.600887298583984,92.80396270751953,77.46849060058594,105.48999786376953,48.59103775024414,10.179068565368652
2016-01-22,160.2216033935547,96.18849182128906,39.759464263916016,23.373903274536133,92.449951171875,77.51628875732422,105.0,49.94405746459961,10.483426094055176
2016-01-25,157.7996063232422,94.76100158691406,39.22669982910156,22.97544288635254,92.9514389038086,77.434326171875,106.08000183105469,49.63030242919922,10.255158424377441
2016-01-26,159.95248413085938,95.61380767822266,39.927310943603516,23.310152053833008,92.99571228027344,77.65286254882812,107.29000091552734,50.66958236694336,10.458063125610352
2016-01-27,158.21168518066406,93.23157501220703,39.67188262939453,23.23045539855957,92.97361755371094,77.4411849975586,107.69000244140625,49.68914794921875,10.584878921508789
2016-01-28,159.0358123779297,94.54784393310547,39.78865432739258,23.5970458984375,93.10635375976562,77.52989959716797,106.54000091552734,49.3100471496582,10.703239440917969
2016-01-29,162.91268920898438,96.5221939086914,40.48926544189453,24.362096786499023,93.89558410644531,77.93272399902344,106.94999694824219,50.32315444946289,10.804693222045898
2016-02-01,162.8538360595703,96.78174591064453,40.445472717285156,24.130985260009766,93.60807037353516,77.68417358398438,108.05000305175781,50.40813446044922,10.601787567138672
2016-02-02,159.9188995361328,94.68684387207031,39.5040168762207,23.349994659423828,95.34471893310547,77.82797241210938,108.08999633789062,49.95059585571289,10.415789604187012
2016-02-03,160.87754821777344,94.23265075683594,39.83244323730469,24.011442184448242,94.5540542602539,77.6362533569336,109.25,50.28395080566406,10.677876472473145
2016-02-04,161.1298065185547,94.22340393066406,39.883522033691406,24.194740295410156,95.01219940185547,77.67048645019531,110.56999969482422,50.31007766723633,10.660968780517578
2016-02-05,158.0602569580078,90.9512939453125,39.27049255371094,23.915813446044922,95.12303161621094,77.65674591064453,112.31999969482422,49.35578536987305,10.59333324432373
2016-02-08,155.93264770507812,89.56089782714844,38.54069519042969,23.58907127380371,97.17005920410156,78.060791015625,113.83000183105469,47.943931579589844,10.542607307434082
2016-02-09,155.9410400390625,89.28279876708984,38.095516204833984,23.26233673095703,97.27349853515625,77.79370880126953,113.58000183105469,47.0615348815918,10.272067070007324
2016-02-10,155.8064727783203,89.62577056884766,38.05173110961914,23.357967376708984,98.13069915771484,77.88961791992188,114.45999908447266,47.38835144042969,10.288975715637207
2016-02-11,153.77972412109375,89.49600982666016,37.4970817565918,22.96746826171875,98.81803894042969,78.14981842041016,119.05999755859375,46.71511459350586,10.415789604187012
2016-02-12,156.9501953125,90.85859680175781,38.153907775878906,23.365938186645508,97.17740631103516,77.7115707397461,118.36000061035156,47.2510871887207,10.567971229553223
2016-02-16,159.5992889404297,92.90714263916016,38.92747497558594,23.88393783569336,96.1502914428711,77.34178924560547,114.7699966430664,48.120418548583984,10.44960880279541
2016-02-17,162.2062225341797,95.01129150390625,39.59890365600586,24.3541259765625,95.55902862548828,77.3212661743164,115.4800033569336,48.53221130371094,10.66942310333252
2016-02-18,161.54188537597656,93.92677307128906,39.394554138183594,24.210676193237305,96.73403930664062,77.95120239257812,118.29000091552734,49.022430419921875,10.610241889953613
2016-02-19,161.46621704101562,94.204833984375,39.35076141357422,24.09910774230957,96.81531524658203,77.89643859863281,117.58000183105469,49.30350112915039,10.517242431640625
2016-02-22,163.80409240722656,95.73428344726562,39.79594421386719,24.696807861328125,96.76363372802734,78.05392456054688,115.48999786376953,49.77410888671875,10.677876472473145
2016-02-23,161.7353515625,94.15850830078125,39.146427154541016,24.17082977294922,97.15528869628906,78.2114028930664,117.22000122070312,49.64337158203125,10.534151077270508
2016-02-24,162.47540283203125,95.05765533447266,39.00777053833008,24.115047454833984,96.963134765625,78.28673553466797,117.61000061035156,49.584571838378906,10.66942310333252
2016-02-25,164.44320678710938,95.99385833740234,39.474830627441406,24.194740295410156,97.31049346923828,78.7249755859375,117.91999816894531,50.597694396972656,10.660968780517578
2016-02-26,164.06478881835938,95.87332916259766,39.37266540527344,23.955663681030273,96.3719482421875,78.69761657714844,117.11000061035156,50.33622741699219,10.644060134887695
2016-02-29,162.77816772460938,95.01129150390625,39.13912582397461,24.16286277770996,96.79320526123047,78.75238037109375,118.63999938964844,50.1401481628418,10.779329299926758
2016-03-01,166.60459899902344,98.06090545654297,40.16084289550781,25.02354621887207,95.08877563476562,78.32319641113281,117.7699966430664,51.551998138427734,10.7877836227417
2016-03-02,167.35296630859375,98.09798431396484,40.43817138671875,25.358253479003906,95.48118591308594,78.48110961914062,118.68000030517578,51.9245491027832,10.846964836120605
2016-03-03,168.0089569091797,97.91260528564453,40.8322639465332,25.645151138305664,95.82916259765625,78.85196685791016,120.7300033569336,52.19908905029297,10.906144142150879
2016-03-04,168.5556182861328,97.94967651367188,41.131473541259766,26.155181884765625,95.21465301513672,78.83818817138672,120.54000091552734,52.205623626708984,11.117504119873047
2016-03-07,168.6901397705078,97.34713745117188,41.08039855957031,26.115341186523438,95.1850357055664,78.92749786376953,121.13999938964844,52.34288024902344,11.32041072845459
2016-03-08,166.84840393066406,96.54074096679688,40.67900466918945,25.66905403137207,96.2364273071289,79.3464126586914,120.58000183105469,51.80691146850586,11.168230056762695
2016-03-09,167.67257690429688,97.16178894042969,40.8322639465332,25.82844352722168,95.65142822265625,79.25713348388672,119.58000183105469,52.09449768066406,11.337319374084473
2016-03-10,167.80706787109375,97.01347351074219,40.76658630371094,25.8682918548584,95.25906372070312,79.58676147460938,121.5,51.90494918823242,11.32041072845459
2016-03-11,170.51507568359375,98.70977783203125,41.832088470458984,26.410200119018555,94.29656219482422,79.8133773803711,119.41000366210938,53.06840515136719,11.36268138885498
2016-03-14,170.29638671875,98.87663269042969,41.744510650634766,26.25081443786621,94.59273529052734,80.046875,117.87000274658203,53.07497024536133,11.26122760772705
2016-03-15,170.01881408691406,98.83955383300781,41.35042190551758,25.87626075744629,94.68158721923828,80.01941680908203,117.95999908447266,53.101104736328125,11.168230056762695
2016-03-16,171.00283813476562,99.72016143798828,41.71531677246094,26.394258499145508,94.96289825439453,80.40400695800781,120.58999633789062,53.7416877746582,11.36268138885498
2016-03-17,172.087646484375,99.66454315185547,42.03643035888672,26.976022720336914,95.35533142089844,80.65121459960938,120.12999725341797,54.499855041503906,11.489497184753418
2016-03-18,172.76390075683594,99.82071685791016,41.96345138549805,27.119462966918945,95.55518341064453,80.83661651611328,119.80000305175781,54.26457214355469,11.481042861938477
2016-03-21,173.009033203125,100.21117401123047,41.897769927978516,27.175251007080078,94.82223510742188,80.74051666259766,118.95999908447266,53.774810791015625,11.514859199523926
2016-03-22,172.91610717773438,100.5179672241211,41.82478332519531,27.111495971679688,94.79999542236328,80.58939361572266,119.30999755859375,53.774810791015625,11.599404335021973
2016-03-23,171.77493286132812,99.69060516357422,41.40150833129883,26.649282455444336,95.87358093261719,80.99456787109375,116.61000061035156,53.48396301269531,11.354227066040039
2016-03-24,171.6988067626953,99.71842193603516,41.12417984008789,26.585519790649414,95.91062927246094,80.96028900146484,116.33000183105469,53.50379943847656,11.286592483520508
2016-03-28,171.80026245117188,99.57897186279297,41.372314453125,26.673194885253906,96.03650665283203,81.0083236694336,116.5999984741211,53.9863166809082,11.32041072845459
2016-03-29,173.38946533203125,101.17805480957031,41.81748962402344,27.03977394104004,97.04338073730469,81.3722915649414,118.76000213623047,55.15616226196289,11.29504680633545
2016-03-30,174.1502685546875,101.67082214355469,42.131309509277344,27.318695068359375,96.02169036865234,81.27610778808594,117.0999984741211,55.05043029785156,11.252775192260742
2016-03-31,173.7275390625,101.52205657958984,41.71531677246094,27.294788360595703,96.70280456542969,81.59893798828125,117.63999938964844,55.38751220703125,11.235865592956543
2016-04-01,174.91099548339844,102.60050201416016,41.27014923095703,27.215097427368164,96.9550552368164,81.86203002929688,116.93000030517578,55.314815521240234,11.04141616821289
2016-04-04,174.34461975097656,102.21002960205078,41.18257141113281,26.888357162475586,97.01444244384766,81.86891174316406,116.1500015258789,55.2354736328125,10.889235496520996
2016-04-05,172.60328674316406,101.22454071044922,40.37248611450195,26.36238670349121,98.07542419433594,82.130615234375,117.66000366210938,54.87196350097656,10.863872528076172
2016-04-06,174.4883575439453,102.88866424560547,41.0293083190918,26.681154251098633,97.36315155029297,82.06173706054688,116.94000244140625,55.00416564941406,10.982234001159668
2016-04-07,172.40037536621094,101.41046905517578,40.43087387084961,26.147214889526367,98.5650863647461,82.28205871582031,118.61000061035156,54.66047668457031,10.948417663574219
2016-04-08,172.86532592773438,101.33610534667969,41.2044563293457,26.601463317871094,97.9418716430664,82.0961685180664,118.43000030517578,54.96450424194336,11.210501670837402
2016-04-11,172.45957946777344,100.9642333984375,41.22635269165039,26.94414710998535,97.81571197509766,82.0892562866211,120.02999877929688,54.85214614868164,11.29504680633545
2016-04-12,174.0656280517578,101.81024932861328,41.839385986328125,27.358545303344727,97.14054870605469,81.76560974121094,120.05000305175781,55.248714447021484,11.54022216796875
2016-04-13,175.82386779785156,103.11181640625,42.50350570678711,27.844667434692383,97.48184204101562,82.04794311523438,118.7699966430664,55.00416564941406,11.599404335021973
2016-04-14,175.83236694335938,103.12110900878906,42.64216232299805,27.70919418334961,97.01444244384766,81.99283599853516,117.11000061035156,54.70013427734375,11.5064058303833
2016-04-15,175.637939453125,102.86078643798828,42.54728317260742,27.5497989654541,97.84539794921875,82.33718872070312,117.91999816894531,55.10991668701172,11.464134216308594
2016-04-18,176.8721160888672,103.40929412841797,42.91218948364258,27.67731475830078,97.42253875732422,82.42669677734375,117.73999786376953,55.37427520751953,11.514859199523926
2016-04-19,177.4300079345703,102.77714538574219,43.656585693359375,28.099687576293945,97.11832427978516,82.57819366455078,119.58000183105469,55.40073013305664,11.760037422180176
2016-04-20,177.59909057617188,102.86078643798828,43.693084716796875,27.97218132019043,96.04994201660156,82.3509521484375,118.97000122070312,54.46217727661133,11.98830509185791
2016-04-21,176.64389038085938,102.8700942993164,43.43034362792969,27.69325828552246,95.47867584228516,82.31654357910156,119.41999816894531,53.490596771240234,11.937578201293945
2016-04-22,176.64389038085938,101.3175048828125,43.452239990234375,27.52589988708496,95.23381805419922,82.40606689453125,117.88999938964844,54.072242736816406,11.886853218078613
2016-04-25,176.3395538330078,101.3175048828125,43.23330307006836,27.350576400756836,94.840576171875,82.21318817138672,118.2300033569336,54.52168273925781,11.878398895263672
2016-04-26,176.60159301757812,100.82476806640625,43.38656234741211,27.64544105529785,94.41023254394531,82.17878723144531,118.69999694824219,54.73318099975586,12.030576705932617
2016-04-27,176.96510314941406,100.01596069335938,43.4157600402832,27.81279945373535,95.35253143310547,82.7021713256836,119.04000091552734,54.70013427734375,12.140483856201172
2016-04-28,175.35897827148438,98.80735778808594,42.824615478515625,27.52589988708496,95.74574279785156,82.77792358398438,121.29000091552734,54.5877685546875,12.208118438720703
2016-04-29,174.4122314453125,98.28673553466797,42.64216232299805,27.406360626220703,95.9905776977539,82.867431640625,123.6500015258789,54.0854606628418,12.3264799118042
2016-05-02,175.798583984375,99.2164077758789,43.043556213378906,27.334632873535156,95.02413940429688,82.76042938232422,123.23999786376953,54.92485046386719,12.157393455505371
2016-05-03,174.26852416992188,98.29605865478516,42.33564758300781,26.561620712280273,96.22106170654297,82.90541076660156,122.95999908447266,55.010772705078125,11.971396446228027
2016-05-04,173.2964324951172,97.663818359375,41.846683502197266,26.131275177001953,96.74889373779297,82.76731872558594,122.20999908447266,55.79729461669922,11.979850769042969
2016-05-05,173.26263427734375,97.63590240478516,41.75910186767578,26.12330436706543,97.39566040039062,82.93305206298828,122.06999969482422,55.955928802490234,11.861489295959473
2016-05-06,173.89662170410156,98.1565933227539,41.875877380371094,26.16316032409668,96.97935485839844,82.75348663330078,123.18000030517578,56.570613861083984,11.937578201293945
2016-05-09,174.04029846191406,98.43545532226562,41.78830337524414,25.82844352722168,97.28412628173828,82.6706771850586,120.6500015258789,57.19189453125,11.675493240356445
2016-05-10,176.20433044433594,99.78353881835938,42.386741638183594,26.322534561157227,97.29157257080078,82.80876922607422,120.9800033569336,57.1852912902832,11.962942123413086
2016-05-11,174.55599975585938,98.8817367553711,42.02183151245117,26.2587833404541,97.8416748046875,82.89854431152344,122.12000274658203,55.96253204345703,12.241934776306152
2016-05-12,174.606689453125,98.44477844238281,42.00724411010742,26.18705940246582,97.39566040039062,82.72588348388672,121.16000366210938,56.286407470703125,12.258844375610352
2016-05-13,173.0850830078125,98.08220672607422,41.576656341552734,25.716873168945312,98.33982849121094,82.87779998779297,121.70999908447266,55.78408432006836,12.241934776306152
2016-05-16,174.79270935058594,99.30937957763672,42.07292556762695,26.027677536010742,97.49231719970703,82.60160827636719,121.80000305175781,56.31284713745117,12.377206802368164
2016-05-17,173.16119384765625,98.06358337402344,41.76640701293945,25.90813446044922,97.6558837890625,82.57398986816406,122.22000122070312,55.26854705810547,12.47020435333252
2016-05-18,173.21192932128906,98.41690063476562,41.78099822998047,25.653118133544922,96.26569366455078,81.86961364746094,120.0999984741211,54.40270233154297,12.377206802368164
2016-05-19,172.6116943359375,97.90556335449219,41.481788635253906,25.414039611816406,96.68199157714844,82.06298828125,119.87000274658203,53.79463577270508,12.343388557434082
2016-05-20,173.7022705078125,98.9839859008789,41.82478332519531,25.66905403137207,96.75634002685547,82.1181869506836,119.70999908447266,54.22423553466797,12.394115447998047
2016-05-23,173.46551513671875,98.85384368896484,41.686126708984375,25.621244430541992,96.97186279296875,82.1181869506836,119.37000274658203,54.230857849121094,12.3264799118042
2016-05-24,175.7140655517578,100.8340835571289,42.29186248779297,25.884225845336914,96.54073333740234,81.98009490966797,117.30000305175781,54.90501022338867,12.3264799118042
2016-05-25,176.90589904785156,101.55919647216797,42.73704147338867,26.19502830505371,96.17643737792969,82.12512969970703,116.9800033569336,54.90501022338867,12.47020435333252
2016-05-26,176.95664978027344,101.85675048828125,42.85380554199219,26.370359420776367,96.67453002929688,82.35990142822266,116.58000183105469,55.010772705078125,12.461750030517578
2016-05-27,177.71739196777344,102.38665771484375,42.81001663208008,26.36238670349121,96.53331756591797,82.2977523803711,115.62000274658203,55.30821228027344,12.512476921081543
2016-05-31,177.37928771972656,102.58190155029297,42.605674743652344,26.394258499145508,96.76374053955078,82.4427490234375,116.05999755859375,55.30160140991211,12.43638801574707
2016-06-01,177.74270629882812,102.59117126464844,42.569183349609375,26.37832260131836,97.15635681152344,82.50093078613281,115.94000244140625,55.34785842895508,12.563200950622559
2016-06-02,178.28372192382812,102.80499267578125,42.569183349609375,26.59349250793457,97.85660552978516,82.66707611083984,115.66999816894531,55.63206100463867,12.588565826416016
2016-06-03,177.75123596191406,102.32158660888672,42.84650802612305,26.999929428100586,99.24968719482422,83.33194732666016,118.87999725341797,55.856788635253906,12.673110008239746
2016-06-06,178.65573120117188,102.69345092773438,43.087337493896484,27.286821365356445,98.51214599609375,83.131103515625,118.91999816894531,55.42718505859375,12.825288772583008
2016-06-07,178.93463134765625,102.43312072753906,43.40114974975586,27.53386878967285,98.75057983398438,83.25575256347656,118.81999969482422,55.76425552368164,12.952103614807129
2016-06-08,179.51791381835938,102.60977935791016,43.48871994018555,27.73309326171875,99.27943420410156,83.53271484375,120.58000183105469,56.12117004394531,13.171916961669922
2016-06-09,179.27279663085938,102.44245910644531,42.95598602294922,27.414329528808594,99.9200439453125,83.65045166015625,121.25,56.24674606323242,13.146553993225098
2016-06-10,177.57373046875,101.28031158447266,41.70802688598633,26.720998764038086,100.4042739868164,83.74739074707031,121.73999786376953,55.982364654541016,12.985920906066895
2016-06-13,176.20433044433594,100.43428802490234,41.10227966308594,26.34644317626953,100.85128021240234,83.62269592285156,122.63999938964844,55.99559020996094,12.985920906066895
2016-06-14,175.85772705078125,100.43428802490234,40.445472717285156,26.2587833404541,100.77677917480469,83.4357681274414,122.7699966430664,55.85018539428711,12.901378631591797
2016-06-15,175.61264038085938,100.1461410522461,40.71550369262695,26.537710189819336,101.16419219970703,83.74739074707031,123.68000030517578,56.3789176940918,12.83374309539795
2016-06-16,176.1366424560547,100.443603515625,40.803062438964844,26.44207763671875,101.65580749511719,83.8720474243164,122.37999725341797,56.696189880371094,12.61392879486084
2016-06-17,175.480712890625,99.26627349853516,41.2044563293457,26.513803482055664,101.0226058959961,83.62269592285156,123.94999694824219,56.60365676879883,12.909832000732422
2016-06-20,176.6107940673828,99.89083099365234,42.22618103027344,26.98398780822754,99.94248962402344,83.51887512207031,123.20999908447266,56.682987213134766,13.028192520141602
2016-06-21,177.1121826171875,100.20775604248047,42.569183349609375,27.19118881225586,99.48058319091797,83.44265747070312,120.83999633789062,56.89905548095703,12.926741600036621
2016-06-22,176.8232879638672,99.96540069580078,42.543113708496094,27.26026725769043,99.64447021484375,83.59506225585938,120.9000015258789,56.81234359741211,12.850650787353516
2016-06-23,179.12591552734375,101.3916244506836,43.71989440917969,27.91888427734375,98.5046615600586,83.51192474365234,120.11000061035156,57.09911346435547,12.952103614807129
2016-06-24,172.69366455078125,97.21548461914062,39.966094970703125,26.224149703979492,101.1492919921875,83.90664672851562,126.0,56.592281341552734,12.690018653869629
2016-06-27,169.6007537841797,95.28597259521484,39.19894790649414,25.886810302734375,103.67463684082031,84.25982666015625,126.68000030517578,56.63229751586914,12.664654731750488
2016-06-28,172.6597137451172,97.37397003173828,40.22677993774414,26.649845123291016,103.89070129394531,84.72373962402344,125.31999969482422,57.826019287109375,12.867560386657715
2016-06-29,175.59970092773438,99.09849548339844,40.96413040161133,27.324520111083984,103.09359741210938,84.69607543945312,125.83999633789062,58.526268005371094,13.05355453491211
2016-06-30,177.99581909179688,100.24505615234375,41.574867248535156,27.59760284423828,103.47348022460938,84.99382019042969,126.47000122070312,59.13313293457031,12.97746753692627
2016-07-01,178.36972045898438,100.74842834472656,41.574867248535156,27.86265754699707,104.91015625,85.43896484375,128.41000366210938,59.15314483642578,13.138100624084473
2016-07-05,177.08663940429688,100.13317108154297,40.77048110961914,27.268299102783203,106.22367858886719,85.73054504394531,129.47000122070312,59.80671310424805,12.766108512878418
2016-07-06,178.14877319335938,100.95349884033203,40.69599914550781,27.196006774902344,106.39532470703125,85.88328552246094,130.22999572753906,59.546607971191406,12.816834449768066
2016-07-07,178.0384063720703,101.25177764892578,40.53215026855469,27.12371826171875,106.38787841796875,85.89720153808594,129.74000549316406,58.933048248291016,12.453295707702637
2016-07-08,180.689453125,102.81781768798828,41.15033721923828,27.710050582885742,107.17153930664062,86.37628173828125,130.52000427246094,59.88672637939453,12.580111503601074
2016-07-11,181.32669067382812,103.40509796142578,41.75362014770508,27.975101470947266,106.23116302490234,86.15406799316406,129.2899932861328,60.28683090209961,12.529385566711426
2016-07-12,182.64370727539062,103.92710876464844,42.319671630859375,28.36866569519043,104.48477172851562,85.66802978515625,127.1500015258789,60.280174255371094,12.766108512878418
2016-07-13,182.6182098388672,103.6754150390625,42.27498245239258,28.320478439331055,105.71619415283203,86.0013198852539,128.32000732421875,60.613616943359375,12.605474472045898
2016-07-14,183.6378936767578,104.38389587402344,42.63993835449219,28.7301025390625,104.17882537841797,85.79299926757812,127.33000183105469,60.07344055175781,12.65619945526123
2016-07-15,183.3914794921875,104.21607971191406,42.423946380615234,28.665843963623047,103.28321075439453,85.46662902832031,126.83999633789062,60.09344482421875,12.622383117675781
2016-07-18,183.88427734375,104.9058609008789,42.528221130371094,28.922868728637695,103.18618774414062,85.46662902832031,127.04000091552734,60.25349044799805,12.563200950622559
2016-07-19,183.69741821289062,104.52366638183594,42.19306564331055,28.625686645507812,103.76829528808594,85.61945343017578,127.20999908447266,60.54693603515625,12.487113952636719
2016-07-20,184.46206665039062,105.74484252929688,42.572914123535156,28.7702579498291,103.20111846923828,85.59166717529297,125.38999938964844,60.55363082885742,12.402568817138672
2016-07-21,183.7653350830078,105.50247955322266,42.40160369873047,28.681907653808594,103.41002655029297,85.68890380859375,127.30000305175781,60.67365264892578,12.334933280944824
2016-07-22,184.5895538330078,105.9405517578125,42.4835319519043,28.89073944091797,103.58921813964844,85.6402816772461,126.3499984741211,61.207157135009766,12.3095703125
2016-07-25,184.0882110595703,105.94991302490234,42.431400299072266,28.601593017578125,103.51454162597656,85.59166717529297,125.47000122070312,61.09377670288086,12.174301147460938
2016-07-26,184.17320251464844,106.07107543945312,42.610145568847656,28.826480865478516,103.6787338256836,85.50836944580078,126.0,60.7936897277832,12.123574256896973
2016-07-27,183.977783203125,106.80750274658203,42.76655197143555,28.922868728637695,104.96987915039062,85.86243438720703,128.02999877929688,60.32017135620117,12.005213737487793
2016-07-28,184.190185546875,107.18037414550781,42.721866607666016,28.930896759033203,104.77587127685547,85.77914428710938,127.66000366210938,60.88037872314453,11.971396446228027
2016-07-29,184.4875946044922,107.41341400146484,43.22833251953125,29.08350372314453,105.64903259277344,86.09159088134766,128.97999572753906,61.65397644042969,12.072848320007324
2016-08-01,184.33465576171875,107.98201751708984,42.945308685302734,29.02727508544922,104.50357055664062,85.60636138916016,129.22000122070312,61.787349700927734,11.861489295959473
2016-08-02,183.15350341796875,107.16170501708984,42.72930908203125,28.818452835083008,103.42692565917969,85.12602996826172,130.27000427246094,60.800350189208984,11.84458065032959
2016-08-03,183.68885803222656,107.51594543457031,42.58034896850586,28.914836883544922,103.48670196533203,85.23741149902344,129.64999389648438,60.446895599365234,12.039031982421875
2016-08-04,183.88427734375,107.82353973388672,42.82614517211914,29.07547950744629,104.2643051147461,85.599365234375,129.8699951171875,60.200164794921875,12.089757919311523
2016-08-05,185.38819885253906,108.85824584960938,43.01979064941406,29.412811279296875,103.18016052246094,85.2513198852539,127.55000305175781,60.24016189575195,12.140483856201172
2016-08-08,185.2777862548828,108.73709106445312,43.10916519165039,29.621641159057617,103.37460327148438,85.3070068359375,127.44000244140625,60.34686279296875,12.208118438720703
2016-08-09,185.38819885253906,108.98878479003906,43.4517822265625,29.822433471679688,104.39144134521484,85.80830383300781,127.95999908447266,60.67365264892578,12.174301147460938
2016-08-10,184.92942810058594,108.70912170410156,43.600730895996094,29.83046531677246,104.79512023925781,86.05189514160156,128.55999755859375,60.60694885253906,12.030576705932617
2016-08-11,185.78761291503906,109.17517852783203,43.91355514526367,30.216001510620117,103.86056518554688,85.76652526855469,127.66999816894531,59.92007827758789,12.216572761535645
2016-08-12,185.6261749267578,109.2497787475586,43.80183029174805,30.103561401367188,104.73533630371094,86.15634155273438,127.4000015258789,60.173484802246094,12.3095703125
2016-08-15,186.1614532470703,109.71585845947266,43.973140716552734,30.416797637939453,103.74839782714844,85.89176940917969,127.83999633789062,60.11345291137695,12.512476921081543
2016-08-16,185.20132446289062,109.10993194580078,43.90610885620117,30.280250549316406,103.47183227539062,85.73863983154297,128.47000122070312,59.39323425292969,12.61392879486084
2016-08-17,185.5496826171875,109.30571746826172,43.89120101928711,30.087488174438477,104.09233856201172,85.9753189086914,128.5,59.633277893066406,12.664654731750488
2016-08-18,185.96603393554688,109.33367919921875,44.114646911621094,30.368602752685547,104.25686645507812,86.18421173095703,129.11000061035156,59.41322708129883,12.825288772583008
2016-08-19,185.69410705566406,109.30571746826172,43.78693389892578,30.199934005737305,103.71102142333984,85.92662811279297,127.97000122070312,59.0330810546875,12.7830171585083
2016-08-22,185.68568420410156,109.38958740234375,43.83162307739258,29.798341751098633,104.58577728271484,86.21900939941406,127.77999877929688,59.35321044921875,12.664654731750488
2016-08-23,186.0594940185547,109.5853500366211,44.01781463623047,29.677867889404297,104.69795227050781,86.31647491455078,127.76000213623047,59.38655471801758,12.715381622314453
2016-08-24,185.1078338623047,108.8769302368164,43.91355514526367,29.7581844329834,104.45125579833984,86.26075744628906,126.33999633789062,59.12646484375,12.563200950622559
2016-08-25,184.9803924560547,108.69977569580078,43.73479080200195,29.782270431518555,104.0549545288086,86.1772232055664,126.2300033569336,59.39323425292969,12.61392879486084
2016-08-26,184.63197326660156,108.85824584960938,43.474124908447266,29.525264739990234,103.4493637084961,85.90569305419922,126.05000305175781,58.806365966796875,12.571657180786133
2016-08-29,185.5411834716797,109.00740051269531,43.60818099975586,29.750150680541992,104.83255767822266,86.39302062988281,126.30000305175781,59.38655471801758,12.520930290222168
2016-08-30,185.23533630371094,108.6531982421875,43.548606872558594,29.669837951660156,104.42882537841797,86.28162384033203,125.02999877929688,59.273189544677734,12.402568817138672
2016-08-31,184.70843505859375,108.54132843017578,43.4592170715332,29.340526580810547,104.57832336425781,86.24683380126953,124.77999877929688,59.33319091796875,12.16584587097168
2016-09-01,184.7169647216797,108.82098388671875,43.75713348388672,29.56542205810547,104.69367980957031,86.24684143066406,125.29000091552734,59.18647766113281,12.030576705932617
2016-09-02,185.5496826171875,109.17517852783203,44.26359939575195,30.04732894897461,103.8397445678711,86.0932846069336,126.56999969482422,59.699989318847656,12.16584587097168
2016-09-06,186.11045837402344,109.85565185546875,44.5615348815918,30.689882278442383,104.59626770019531,86.39340209960938,128.7100067138672,60.16014099121094,12.25039005279541
2016-09-07,186.093505859375,109.92092895507812,44.58386993408203,30.5935001373291,104.52135467529297,86.27474975585938,128.27000427246094,60.52027893066406,12.360297203063965
2016-09-08,185.66868591308594,109.2777328491211,44.45724868774414,30.513187408447266,103.21061706542969,85.6675033569336,127.58999633789062,59.7800407409668,12.580111503601074
2016-09-09,181.22471618652344,106.52783203125,43.59327697753906,29.485103607177734,101.51026153564453,85.02539825439453,126.75,57.41255569458008,12.385661125183105
2016-09-12,183.8248291015625,108.43878936767578,43.95078659057617,29.685895919799805,101.56272888183594,85.0323715209961,126.58999633789062,58.09276580810547,12.385661125183105
2016-09-13,181.1822509765625,107.4693374633789,43.064476013183594,28.938936233520508,100.40916442871094,84.75318145751953,125.75,56.634300231933594,12.225027084350586
2016-09-14,181.11424255371094,107.98201751708984,43.00489044189453,29.02727508544922,100.55899810791016,84.80900573730469,126.18000030517578,56.81559371948242,12.13202953338623
2016-09-15,182.92417907714844,109.65990447998047,43.377296447753906,29.525264739990234,100.12458038330078,84.8648681640625,125.37000274658203,57.03046798706055,12.191208839416504
2016-09-16,182.21694946289062,109.60759735107422,42.81869125366211,29.3244571685791,100.93354034423828,84.96257781982422,125.05999755859375,57.057334899902344,12.208118438720703
2016-09-19,182.25120544433594,109.1309814453125,43.04213333129883,29.557388305664062,100.60391235351562,84.93464660644531,125.31999969482422,57.57437515258789,12.199665069580078
2016-09-20,182.25973510742188,109.33657836914062,43.30281448364258,29.57345199584961,100.95594787597656,85.04631042480469,125.44000244140625,57.487091064453125,12.241934776306152
2016-09-21,184.30931091308594,110.41126251220703,44.06250762939453,30.40073585510254,101.77244567871094,85.47907257080078,127.2699966430664,58.225730895996094,12.394115447998047
2016-09-22,185.47076416015625,111.28970336914062,44.5093994140625,30.617603302001953,102.58135986328125,85.82806396484375,127.56999969482422,59.266578674316406,12.461750030517578
2016-09-23,184.45448303222656,110.57948303222656,44.137001037597656,30.22403907775879,102.48397827148438,85.76522064208984,127.6500015258789,59.44784927368164,12.318025588989258
2016-09-26,182.96002197265625,109.65434265136719,43.727352142333984,29.782270431518555,103.13568115234375,85.89788055419922,127.55000305175781,59.58889389038086,12.402568817138672
2016-09-27,184.0958251953125,110.73833465576172,43.93589782714844,30.20797348022461,103.89221954345703,86.10723876953125,126.62000274658203,58.95765686035156,12.28420639038086
2016-09-28,185.00953674316406,110.92522430419922,44.248714447021484,30.48105812072754,103.66754913330078,86.16307830810547,126.22000122070312,59.44114303588867,12.571657180786133
2016-09-29,183.3357391357422,110.12156677246094,43.69755554199219,29.95094871520996,103.92967987060547,86.12816619873047,126.06999969482422,58.648746490478516,12.647747039794922
2016-09-30,184.7191925048828,110.94392395019531,44.04016876220703,30.0794620513916,103.0008544921875,85.97464752197266,125.63999938964844,58.245887756347656,12.690018653869629
2016-10-03,184.2751922607422,110.78504180908203,43.92100524902344,30.288284301757812,102.66094207763672,85.7311019897461,125.31999969482422,57.15805435180664,12.799924850463867
2016-10-04,183.3357391357422,110.6168441772461,43.91355514526367,29.95094871520996,101.46028900146484,85.3322525024414,120.97000122070312,56.37910842895508,12.766108512878418
2016-10-05,184.1470184326172,111.00935363769531,44.09230422973633,30.384675979614258,100.9875717163086,85.24127960205078,120.77999877929688,55.23756790161133,12.842196464538574
2016-10-06,184.2751922607422,110.95328521728516,43.85395812988281,30.40876579284668,100.42477416992188,85.24826049804688,119.66000366210938,55.25769805908203,12.867560386657715
2016-10-07,183.6431427001953,110.7103271484375,43.63052749633789,30.272226333618164,100.49230194091797,85.451171875,119.73999786376953,55.163700103759766,12.83374309539795
2016-10-10,184.59962463378906,111.41117095947266,43.75713348388672,30.601537704467773,99.89952087402344,85.451171875,120.16000366210938,55.50615692138672,12.97746753692627
2016-10-11,182.2682342529297,109.82254791259766,43.138954162597656,29.89472770690918,99.67433166503906,85.18524932861328,119.55000305175781,54.96896743774414,12.901378631591797
2016-10-12,182.5074005126953,109.72907257080078,43.04213333129883,29.8385009765625,99.77193450927734,85.2972183227539,119.73999786376953,55.600162506103516,12.808380126953125
2016-10-13,181.9095916748047,109.33657836914062,42.878273010253906,29.57345199584961,100.14714813232422,85.50718688964844,120.02999877929688,56.036643981933594,12.892922401428223
2016-10-14,182.0034942626953,109.4674072265625,42.95275115966797,29.621641159057617,98.74388885498047,85.10832977294922,119.36000061035156,55.788185119628906,12.901378631591797
2016-10-17,181.37156677246094,109.16837310791016,42.82614517211914,29.589515686035156,99.37419128417969,85.38819885253906,119.68000030517578,55.909061431884766,12.918286323547363
2016-10-18,182.5074005126953,110.14026641845703,43.25068283081055,30.11159324645996,99.69686889648438,85.59814453125,120.41999816894531,56.26495361328125,12.943650245666504
2016-10-19,182.99412536621094,110.1308822631836,43.369850158691406,30.296323776245117,99.77945709228516,85.71012115478516,121.11000061035156,56.385833740234375,13.028192520141602
2016-10-20,182.65252685546875,110.00007629394531,43.43687438964844,30.20797348022461,99.88450622558594,85.6821060180664,120.73999786376953,56.25823211669922,12.909832000732422
2016-10-21,182.7379150390625,110.41126251220703,43.34004592895508,30.199934005737305,100.03459167480469,85.7311019897461,120.83000183105469,56.05007553100586,12.96055793762207
2016-10-24,183.51507568359375,111.7382583618164,43.332603454589844,30.328447341918945,99.59935760498047,85.48617553710938,120.55999755859375,56.17765808105469,12.969012260437012
2016-10-25,182.90016174316406,111.38314819335938,43.30281448364258,30.360576629638672,99.86199951171875,85.42315673828125,121.47000122070312,56.07695770263672,12.909832000732422
2016-10-26,182.53297424316406,110.62618255615234,43.10916519165039,30.039302825927734,99.18665313720703,85.06629180908203,120.79000091552734,55.34501266479492,12.825288772583008
2016-10-27,182.04617309570312,110.12156677246094,43.05702590942383,29.782270431518555,98.10602569580078,84.68145751953125,121.01000213623047,53.89459228515625,12.901378631591797
2016-10-28,181.5081787109375,109.43006896972656,43.04213333129883,29.66179656982422,97.88846588134766,84.58345794677734,121.58000183105469,54.022151947021484,12.816834449768066
2016-10-31,181.51669311523438,109.32726287841797,43.064476013183594,29.83046531677246,98.4887924194336,84.6604232788086,121.94000244140625,54.90182876586914,12.647747039794922
2016-11-01,180.2015838623047,108.50489044189453,42.878273010253906,29.589515686035156,98.4962387084961,84.55379486083984,122.7300033569336,53.70655059814453,12.706926345825195
2016-11-02,179.11705017089844,107.63581085205078,42.58780288696289,29.236112594604492,98.9248275756836,84.68006896972656,123.63999938964844,52.920875549316406,12.554749488830566
2016-11-03,178.29713439941406,106.5798110961914,42.543113708496094,29.155794143676758,98.16552734375,84.51166534423828,124.30000305175781,52.51126480102539,12.512476921081543
2016-11-04,178.10064697265625,106.20602416992188,42.13347625732422,28.858613967895508,99.04513549804688,84.7642593383789,124.38999938964844,52.9276008605957,12.427931785583496
2016-11-07,182.02911376953125,108.72917175292969,42.714412689208984,29.902761459350586,98.20304107666016,84.70813751220703,122.1500015258789,53.85426712036133,12.478658676147461
2016-11-08,182.84898376464844,109.43938446044922,42.833587646484375,30.09552574157715,97.80458068847656,84.51873016357422,121.63999938964844,54.13631057739258,12.461750030517578
2016-11-09,184.78753662109375,109.94401550292969,42.87082290649414,29.115629196166992,93.65455627441406,83.27678680419922,121.55999755859375,53.31707763671875,12.520930290222168
2016-11-10,185.24868774414062,108.16844177246094,42.75165939331055,28.288349151611328,92.27123260498047,83.20668029785156,119.75,52.42396926879883,12.419477462768555
2016-11-11,184.82168579101562,108.2151870727539,42.4909782409668,27.750205993652344,91.75243377685547,82.84883117675781,117.0999984741211,52.73958206176758,12.182755470275879
2016-11-14,184.96685791015625,107.12179565429688,42.260093688964844,27.549409866333008,91.20359802246094,82.42083740234375,116.11000061035156,53.988582611083984,12.157393455505371
2016-11-15,186.4101104736328,108.60768127441406,42.4462890625,28.103618621826172,91.6546859741211,82.67343139648438,117.12000274658203,53.53867721557617,12.427931785583496
2016-11-16,186.05995178222656,109.2524642944336,41.99940490722656,27.870691299438477,92.48171997070312,82.79265594482422,116.7699966430664,53.38420867919922,12.27575397491455
2016-11-17,187.01644897460938,110.04679107666016,42.319671630859375,27.910850524902344,91.12092590332031,82.26644897460938,116.16999816894531,52.840301513671875,12.301116943359375
2016-11-18,186.59805297851562,109.63563537597656,41.8578987121582,27.782339096069336,90.85777282714844,81.80339813232422,115.1500015258789,52.994773864746094,12.402568817138672
2016-11-21,188.007080078125,110.77572631835938,42.21540832519531,28.055423736572266,91.08331298828125,81.88758087158203,115.58000183105469,52.833595275878906,12.749198913574219
2016-11-22,188.37428283691406,111.11212921142578,42.319671630859375,28.48111343383789,91.05323791503906,82.09805297851562,115.54000091552734,53.76026153564453,12.732291221618652
2016-11-23,188.47677612304688,110.66356658935547,42.17070770263672,28.17589569091797,90.69989776611328,81.79637908935547,113.25,53.531959533691406,12.7830171585083
2016-11-25,189.17706298828125,111.01869201660156,42.29732894897461,28.31243896484375,90.835205078125,81.80339813232422,112.61000061035156,53.84084701538086,12.690018653869629
2016-11-28,188.28887939453125,110.76637268066406,42.07389450073242,28.424890518188477,91.50428009033203,82.17525482177734,113.80000305175781,54.08930206298828,12.732291221618652
2016-11-29,188.6560516357422,111.14952087402344,42.342010498046875,28.465042114257812,91.8877182006836,82.28751373291016,113.2699966430664,54.606353759765625,12.478658676147461
2016-11-30,188.20350646972656,109.80380249023438,42.29732894897461,28.51324462890625,90.39915466308594,81.9787826538086,111.75,53.981868743896484,12.859106063842773
2016-12-01,187.51171875,107.90679168701172,42.13347625732422,28.17589569091797,89.4446792602539,81.51935577392578,111.54000091552734,53.189491271972656,13.095829010009766
2016-12-02,187.60568237304688,108.1217269897461,42.23774719238281,28.208026885986328,90.10008239746094,81.89225769042969,112.13999938964844,53.71996307373047,13.188827514648438
2016-12-05,188.73297119140625,108.96278381347656,42.654842376708984,28.440948486328125,90.00211334228516,82.06812286376953,111.54000091552734,54.11614990234375,13.256462097167969
2016-12-06,189.33074951171875,109.22444152832031,42.945308685302734,28.593557357788086,89.93437957763672,82.06111145019531,111.43000030517578,54.46534729003906,13.197279930114746
2016-12-07,191.80734252929688,110.6075210571289,43.58584213256836,29.07547950744629,90.7027816772461,82.40583038330078,111.83000183105469,55.55316925048828,13.095829010009766
2016-12-08,192.27708435058594,110.80376434326172,43.548606872558594,29.20398712158203,89.63299560546875,82.06812286376953,111.56999969482422,55.9359245300293,13.12119197845459
2016-12-09,193.4385223388672,111.6728515625,43.73479080200195,29.051376342773438,88.51802825927734,81.7514877319336,110.4000015258789,55.875484466552734,13.188827514648438
2016-12-12,193.2164764404297,111.16819763183594,43.5411491394043,28.858613967895508,88.68378448486328,81.6741714477539,110.81999969482422,56.24481201171875,13.273370742797852
2016-12-13,194.50599670410156,112.56995391845703,44.0103759765625,29.179885864257812,89.00016784667969,81.85707092285156,110.44999694824219,56.21796417236328,13.307188034057617
2016-12-14,192.90048217773438,112.33635711669922,43.362388610839844,28.31243896484375,88.00576782226562,81.33645629882812,108.83000183105469,54.98910903930664,13.180373191833496
2016-12-15,193.69464111328125,112.51390838623047,43.26557540893555,28.360628128051758,88.45025634765625,81.39274597167969,107.33999633789062,54.66680145263672,13.163464546203613
2016-12-16,193.31582641601562,112.0968017578125,43.29536819458008,28.232120513916016,88.24686431884766,81.32941436767578,108.05000305175781,55.486019134521484,13.222644805908203
2016-12-19,193.73680114746094,112.55607604980469,43.22833251953125,28.03936195373535,89.196044921875,81.72339630126953,108.58999633789062,56.08363723754883,13.146553993225098
2016-12-20,194.48416137695312,112.98719787597656,43.377296447753906,28.135744094848633,88.7515640258789,81.6741714477539,107.79000091552734,56.211238861083984,13.205735206604004
2016-12-21,193.94297790527344,112.90286254882812,43.38932800292969,28.018766403198242,89.14330291748047,81.93448638916016,107.8499984741211,55.35844039916992,13.129646301269531
2016-12-22,193.6079559326172,112.58422088623047,43.29150390625,27.68568992614746,88.98394775390625,81.9400634765625,107.58999633789062,55.265872955322266,13.112737655639648
2016-12-23,193.89146423339844,112.6591567993164,43.404388427734375,27.84815788269043,89.16522979736328,82.06710052490234,107.93000030517578,55.40983581542969,13.138100624084473
2016-12-27,194.37249755859375,113.24028778076172,43.35170364379883,27.970020294189453,88.87821197509766,81.91893005371094,108.55999755859375,55.52641677856445,13.341004371643066
2016-12-28,192.76609802246094,112.35923767089844,43.1861572265625,28.18123435974121,89.52774047851562,82.22229766845703,108.86000061035156,55.19047164916992,13.349459648132324
2016-12-29,192.72315979003906,112.19989776611328,43.29150390625,28.644287109375,89.84500885009766,82.53974151611328,110.29000091552734,55.87604522705078,13.366369247436523
2016-12-30,192.01873779296875,111.04706573486328,43.442012786865234,28.441190719604492,89.98097229003906,82.66673278808594,109.61000061035156,56.58222961425781,13.391732215881348
2017-01-03,193.4876708984375,112.04055786132812,43.71290969848633,28.782392501831055,90.36620330810547,82.73728942871094,110.47000122070312,56.767333984375,13.231098175048828
2017-01-04,194.63877868652344,112.6498031616211,44.209556579589844,29.001731872558594,90.7136459350586,83.01947021484375,110.86000061035156,57.596893310546875,13.332551002502441
2017-01-05,194.48416137695312,113.2871322631836,44.5858154296875,29.318552017211914,92.13360595703125,83.46392059326172,112.58000183105469,57.782012939453125,13.400185585021973
2017-01-06,195.17996215820312,114.28063201904297,44.43531799316406,29.196699142456055,91.28765106201172,83.0265121459961,111.75,57.78888702392578,13.383275985717773
2017-01-09,194.53573608398438,114.6555404663086,44.367584228515625,29.172334671020508,92.02025604248047,83.18877410888672,112.66999816894531,57.26781463623047,13.180373191833496
2017-01-10,194.53573608398438,114.90859985351562,44.37511444091797,29.342924118041992,91.95992279052734,83.13939666748047,113.1500015258789,56.78104782104492,13.12119197845459
2017-01-11,195.08547973632812,115.2178955078125,44.60839080810547,29.692249298095703,92.26956176757812,83.26640319824219,113.5,56.431392669677734,13.264914512634277
2017-01-12,194.5958251953125,115.03984069824219,44.676116943359375,29.822229385375977,92.06564331054688,83.25931549072266,113.91000366210938,56.71935272216797,13.459366798400879
2017-01-13,195.04254150390625,115.43345642089844,44.84166717529297,29.79785919189453,91.6275634765625,83.0899887084961,114.20999908447266,56.63705825805664,13.434004783630371
2017-01-17,194.35528564453125,115.08671569824219,44.676116943359375,29.781606674194336,92.58683013916016,83.44983673095703,115.8499984741211,57.07584762573242,13.425548553466797
2017-01-18,194.78480529785156,115.32099151611328,44.54818344116211,29.619131088256836,91.40094757080078,82.89955139160156,114.87000274658203,57.17184066772461,13.307188034057617
2017-01-19,194.06320190429688,115.26476287841797,44.43531799316406,29.529775619506836,90.77409362792969,82.61737823486328,114.7699966430664,56.589080810546875,13.264914512634277
2017-01-20,194.77622985839844,115.51780700683594,44.691165924072266,29.586641311645508,90.59278869628906,82.76551055908203,115.05000305175781,57.00045394897461,13.417095184326172
2017-01-23,194.26934814453125,115.61156463623047,44.80403518676758,30.025325775146484,91.4991226196289,83.14649963378906,115.79000091552734,57.480342864990234,13.417095184326172
2017-01-24,195.51495361328125,116.38947296142578,44.91691207885742,30.212169647216797,90.87223052978516,82.89955139160156,115.2699966430664,57.494049072265625,13.450912475585938
2017-01-25,197.20729064941406,117.5610580444336,45.38346481323242,30.545244216918945,89.73171997070312,82.58207702636719,114.31999969482422,57.11697769165039,13.366369247436523
2017-01-26,197.0011444091797,117.68289947509766,45.2028694152832,30.415258407592773,90.0338363647461,82.68083953857422,113.26000213623047,57.00729751586914,13.425548553466797
2017-01-27,196.6918487548828,117.90784454345703,45.127620697021484,30.439632415771484,90.358642578125,82.77960968017578,113.48999786376953,56.45195007324219,13.315642356872559
2017-01-30,195.47203063964844,116.98932647705078,44.80403518676758,30.27715492248535,90.08665466308594,82.63851165771484,113.97000122070312,56.06802749633789,13.23955249786377
2017-01-31,195.454833984375,116.75502014160156,44.87177276611328,30.334028244018555,90.7136459350586,82.78667449951172,115.55000305175781,56.4725227355957,13.315642356872559
2017-02-01,195.53213500976562,117.5610580444336,45.052364349365234,30.35027503967285,90.15274047851562,82.68478393554688,115.19999694824219,55.793792724609375,13.459366798400879
2017-02-02,195.6610565185547,117.45793914794922,45.07493591308594,30.480255126953125,90.11486053466797,82.70600891113281,115.83999633789062,56.458831787109375,13.459366798400879
2017-02-03,197.00973510742188,117.7953872680664,45.25554275512695,30.667097091674805,90.07707214355469,82.7979736328125,116.12999725341797,56.767333984375,13.450912475585938
2017-02-06,196.657470703125,117.93594360351562,44.93196487426758,30.59398651123047,90.62206268310547,83.05974578857422,117.69999694824219,56.671356201171875,13.366369247436523
2017-02-07,196.66607666015625,118.3670883178711,44.88681411743164,30.439632415771484,91.28813171386719,83.20120239257812,117.45999908447266,56.4725227355957,13.307188034057617
2017-02-08,196.92379760742188,118.56395721435547,44.96206283569336,30.626474380493164,92.52957916259766,83.49121856689453,118.19000244140625,56.91815948486328,13.357913970947266
2017-02-09,198.09210205078125,118.99507904052734,45.150184631347656,30.764577865600586,91.46226501464844,83.15872192382812,117.29000091552734,57.05529022216797,13.425548553466797
2017-02-10,198.873779296875,119.38873291015625,45.25554275512695,31.048919677734375,91.4092788696289,83.13751983642578,117.5999984741211,57.459781646728516,13.569272994995117
2017-02-13,199.9561767578125,120.06358337402344,45.436153411865234,31.146394729614258,91.12163543701172,83.10214233398438,116.80000305175781,57.480342864990234,13.417095184326172
2017-02-14,200.75506591796875,120.4665756225586,45.36841583251953,31.17889404296875,90.46306610107422,82.90409851074219,116.93000030517578,57.17870330810547,13.434004783630371
2017-02-15,201.8031005859375,121.17889404296875,45.54148864746094,31.430728912353516,90.0467529296875,82.84040832519531,117.44999694824219,56.98672866821289,13.450912475585938
2017-02-16,201.63128662109375,121.14138793945312,45.646846771240234,31.316997528076172,90.53873443603516,83.07386016845703,118.08000183105469,57.322662353515625,13.366369247436523
2017-02-17,201.9490966796875,121.66625213623047,45.52644348144531,31.187021255493164,91.07618713378906,83.28606414794922,117.68000030517578,57.432350158691406,13.341004371643066
2017-02-21,203.1517333984375,122.26610565185547,45.67694091796875,31.528215408325195,90.91728973388672,83.32141876220703,117.75,58.16593933105469,13.3240966796875
2017-02-22,202.97137451171875,122.31300354003906,45.67694091796875,31.62569808959961,91.06864166259766,83.3851089477539,117.91000366210938,57.973976135253906,13.256462097167969
2017-02-23,203.10877990722656,121.85372161865234,45.774757385253906,31.63382339477539,91.34114074707031,83.59732055664062,118.94000244140625,58.27565002441406,13.298733711242676
2017-02-24,203.366455078125,122.08805084228516,45.44367218017578,31.260129928588867,92.3554458618164,84.02173614501953,119.69999694824219,58.54987716674805,13.273370742797852
2017-02-27,203.68435668945312,122.238037109375,45.4737663269043,31.16265106201172,91.81047821044922,83.82366180419922,119.12000274658203,58.85841369628906,13.23955249786377
2017-02-28,203.1345672607422,121.86310577392578,45.40604019165039,30.8620662689209,92.15106201171875,83.88027954101562,119.2300033569336,58.45390319824219,13.290278434753418
2017-03-01,205.9779815673828,123.19402313232422,45.880126953125,31.341365814208984,90.60693359375,83.38447570800781,119.05999755859375,58.27565002441406,13.349459648132324
2017-03-02,204.68084716796875,122.57542419433594,45.57911682128906,30.78895378112793,90.2808609008789,83.25679016113281,117.58000183105469,57.96028518676758,13.138100624084473
2017-03-03,204.80972290039062,122.80035400390625,45.85001754760742,31.024539947509766,90.51598358154297,83.34191131591797,117.51000213623047,57.734031677246094,13.205735206604004
2017-03-06,204.19979858398438,122.52857208251953,45.70705032348633,31.04078483581543,90.08364868164062,83.19298553466797,116.72000122070312,57.473480224609375,13.188827514648438
2017-03-07,203.58985900878906,122.32234191894531,45.54901885986328,31.073286056518555,89.81065368652344,82.78157806396484,115.77999877929688,57.199256896972656,13.129646301269531
2017-03-08,203.21185302734375,122.53791046142578,45.38346481323242,30.78082847595215,89.32524871826172,82.52620697021484,115.05999755859375,56.1434440612793,12.83374309539795
2017-03-09,203.46958923339844,122.63164520263672,45.55654525756836,30.53712272644043,88.61237335205078,82.0793685913086,114.47000122070312,55.3001823425293,12.723835945129395
2017-03-10,204.18260192871094,123.14717864990234,45.9403190612793,30.87830924987793,88.92328643798828,82.28504943847656,114.72000122070312,55.12877655029297,12.605474472045898
2017-03-13,204.28567504882812,123.35338592529297,46.18111038208008,31.308879852294922,88.36207580566406,82.00845336914062,114.73999786376953,55.265872955322266,12.588565826416016
2017-03-14,203.50392150878906,123.05342102050781,45.827449798583984,31.130144119262695,88.7867431640625,82.0793685913086,114.12000274658203,55.25215148925781,12.53783893585205
2017-03-15,205.2649383544922,123.81260681152344,46.48212814331055,31.94252586364746,89.87130737304688,82.78868103027344,116.25,56.369693756103516,12.647747039794922
2017-03-16,204.8612060546875,123.72822570800781,46.7078742980957,32.137489318847656,89.416259765625,82.6680679321289,116.7300033569336,56.2599983215332,12.630837440490723
2017-03-17,204.50144958496094,123.68505859375,46.828269958496094,32.08062744140625,89.97744750976562,82.85958099365234,116.98999786376953,56.5205192565918,12.673110008239746
2017-03-20,204.277099609375,123.79774475097656,46.73044967651367,32.45431900024414,90.3642807006836,83.05106353759766,117.51000213623047,56.4725227355957,12.664654731750488
2017-03-21,201.6543426513672,121.91931915283203,46.51974868774414,32.09687805175781,91.1151123046875,83.25679016113281,118.54000091552734,56.2257194519043,12.59701919555664
2017-03-22,202.12881469726562,122.745849609375,46.52727127075195,32.25123596191406,91.4791259765625,83.4695816040039,118.83000183105469,56.19462203979492,12.588565826416016
2017-03-23,201.9131317138672,122.43592071533203,46.63262176513672,32.25934600830078,91.35020446777344,83.41284942626953,118.66999816894531,56.60896682739258,12.563200950622559
2017-03-24,201.7664794921875,122.68949890136719,46.76054763793945,32.34058380126953,91.67632293701172,83.49793243408203,118.86000061035156,56.54685592651367,12.605474472045898
2017-03-27,201.5593719482422,122.8867416381836,46.880950927734375,32.25123596191406,92.09343719482422,83.67530059814453,119.52999877929688,56.035789489746094,12.588565826416016
2017-03-28,203.02615356445312,123.63807678222656,47.1067008972168,32.34058380126953,91.4791259765625,83.49793243408203,119.04000091552734,56.27749252319336,12.664654731750488
2017-03-29,203.2158966064453,124.21098327636719,47.1067008972168,32.39745330810547,92.02518463134766,83.76744842529297,119.33000183105469,56.59518051147461,12.7830171585083
2017-03-30,203.86297607421875,124.41765594482422,46.94115447998047,32.22685241699219,91.28195190429688,83.5476303100586,118.47000122070312,56.69877624511719,12.83374309539795
2017-03-31,203.3885040283203,124.3331069946289,46.87342834472656,31.99938201904297,91.54740142822266,83.63272857666016,118.72000122070312,57.037166595458984,12.859106063842773
2017-04-03,203.03475952148438,124.25797271728516,46.80569839477539,32.17810821533203,92.47079467773438,84.00822448730469,119.3499984741211,57.202911376953125,12.808380126953125
2017-04-04,203.1641387939453,124.45523834228516,46.790653228759766,32.19435119628906,91.96916961669922,83.78779602050781,119.62000274658203,57.202911376953125,12.935194969177246
2017-04-05,202.56024169921875,123.94805908203125,46.542320251464844,32.09687805175781,92.25041198730469,83.89441680908203,119.62000274658203,57.28577423095703,12.96055793762207
2017-04-06,203.1296844482422,124.0137939453125,46.549842834472656,32.040008544921875,92.11361694335938,83.97268676757812,119.18000030517578,57.58967208862305,12.994375228881836
2017-04-07,202.9225616455078,123.94805908203125,46.51974868774414,31.98314666748047,91.7411880493164,83.76641082763672,119.45999908447266,57.67255401611328,13.028192520141602
2017-04-10,203.04335021972656,123.99501037597656,46.467079162597656,31.853164672851562,92.16680145263672,83.92291259765625,119.45999908447266,58.031639099121094,13.129646301269531
2017-04-11,202.80177307128906,123.45962524414062,46.68529510498047,31.780052185058594,93.04083251953125,84.31407928466797,121.19000244140625,58.43220901489258,13.155010223388672
2017-04-12,201.9131317138672,122.96187591552734,46.647666931152344,31.93440818786621,93.54999542236328,84.59142303466797,122.0199966430664,58.3286018371582,13.155010223388672
2017-04-13,200.60169982910156,122.47344207763672,46.346675872802734,31.796295166015625,93.83885192871094,84.7336654663086,122.5999984741211,58.19740295410156,13.197279930114746
2017-04-17,202.37901306152344,123.48776245117188,46.63262176513672,32.129371643066406,93.54999542236328,84.57013702392578,122.23999786376953,58.90180206298828,13.12119197845459
2017-04-18,201.7750701904297,123.29998016357422,46.421913146972656,31.723180770874023,94.77364349365234,85.06797790527344,122.81999969482422,59.06064224243164,13.070466041564941
2017-04-19,201.40408325195312,123.49722290039062,46.23379898071289,31.528215408325195,94.2568359375,84.81194305419922,121.7300033569336,58.977760314941406,12.842196464538574
2017-04-20,203.04335021972656,124.53034210205078,46.60252380371094,31.91815757751465,93.89208984375,84.69097900390625,121.95999908447266,58.98469161987305,12.791471481323242
2017-04-21,202.39627075195312,124.5021743774414,46.63262176513672,31.91815757751465,93.89208984375,84.69097900390625,122.30999755859375,58.770599365234375,12.664654731750488
2017-04-24,204.6222381591797,126.00494384765625,47.814048767089844,32.373077392578125,93.42843627929688,84.57717895507812,121.4800033569336,58.121429443359375,12.622383117675781
2017-04-25,205.81285095214844,126.91598510742188,48.15267562866211,32.657413482666016,92.30358123779297,84.24291229248047,120.25,58.363136291503906,12.681562423706055
2017-04-26,205.6834259033203,126.73745727539062,48.01722717285156,32.53555679321289,92.81285095214844,84.44921112060547,120.83999633789062,57.92805862426758,12.61392879486084
2017-04-27,205.85598754882812,127.49825286865234,48.06238555908203,32.49494171142578,92.78241729736328,84.52742767333984,120.38999938964844,57.776123046875,12.546294212341309
2017-04-28,205.40733337402344,127.72368621826172,48.009700775146484,32.54367446899414,92.98757934570312,84.62699127197266,120.7699966430664,57.17529296875,12.512476921081543
2017-05-01,205.92503356933594,128.86013793945312,48.205345153808594,32.730525970458984,92.21455383300781,84.3646011352539,119.66999816894531,57.513702392578125,12.53783893585205
2017-05-02,206.00265502929688,129.07615661621094,48.45368576049805,32.96611022949219,92.68677520751953,84.61414337158203,119.6500015258789,57.417022705078125,12.402568817138672
2017-05-03,205.75244140625,128.6629180908203,48.35586166381836,32.74678039550781,92.74773406982422,84.57138061523438,117.9800033569336,56.650455474853516,12.351842880249023
2017-05-04,205.9940185546875,128.70977783203125,48.814884185791016,32.381195068359375,92.2907485961914,84.40734100341797,116.79000091552734,56.37418746948242,12.055939674377441
2017-05-05,206.8049774169922,129.17945861816406,49.356685638427734,32.64928436279297,92.37456512451172,84.43586730957031,117.01000213623047,56.905967712402344,12.225027084350586
2017-05-08,206.77052307128906,129.4612274169922,48.98796081542969,32.64116668701172,91.871826171875,84.2861099243164,116.75,56.505409240722656,12.174301147460938
2017-05-09,206.58070373535156,129.9120330810547,48.86756134033203,33.055477142333984,91.86422729492188,84.30036163330078,116.05000305175781,56.201541900634766,12.115120887756348
2017-05-10,206.95172119140625,129.98716735839844,48.942813873291016,33.27481460571289,91.75761413574219,84.41446685791016,116.04000091552734,56.643524169921875,12.3095703125
2017-05-11,206.5289764404297,129.88381958007812,48.8223991394043,33.34792709350586,91.75761413574219,84.45726013183594,116.5,56.360389709472656,12.360297203063965
2017-05-12,206.18385314941406,130.175048828125,49.09331130981445,33.48603439331055,92.45069122314453,84.88516998291016,116.83000183105469,56.13248062133789,12.360297203063965
2017-05-15,207.32269287109375,130.58828735351562,49.341636657714844,33.82722854614258,92.1993637084961,84.87805938720703,117.13999938964844,56.298221588134766,12.427931785583496
2017-05-16,207.1329345703125,131.133056640625,49.65768051147461,33.8597297668457,92.54209899902344,84.99925994873047,117.6500015258789,55.918392181396484,12.444841384887695
2017-05-17,203.4574432373047,127.79881286621094,49.09331130981445,33.28294372558594,93.89009857177734,85.51988220214844,119.79000091552734,56.14627456665039,12.529385566711426
2017-05-18,204.277099609375,128.91647338867188,49.17607879638672,32.730525970458984,93.9967269897461,85.50555419921875,118.80999755859375,56.45705795288086,12.495567321777344
2017-05-19,205.6058349609375,129.4612274169922,49.747982025146484,33.42917251586914,94.21762084960938,85.5555191040039,119.4000015258789,56.76095199584961,12.740744590759277
2017-05-22,206.64979553222656,130.55072021484375,49.80819320678711,33.4616584777832,93.95866394042969,85.48419952392578,119.9000015258789,56.9819221496582,12.825288772583008
2017-05-23,207.1069793701172,130.6821746826172,49.81571578979492,33.49415588378906,93.3265151977539,85.2203598022461,119.13999938964844,57.030269622802734,12.7830171585083
2017-05-24,207.5901336669922,131.2833251953125,49.845802307128906,33.62413787841797,93.85204315185547,85.3558120727539,119.61000061035156,57.49296951293945,12.757654190063477
2017-05-25,208.58233642578125,132.4009552001953,49.845802307128906,33.786617279052734,93.88246154785156,85.39148712158203,119.4800033569336,57.4998779296875,12.478658676147461
2017-05-26,208.53919982910156,132.63577270507812,49.702842712402344,33.908470153808594,94.04243469238281,85.45564270019531,120.54000091552734,57.08551025390625,12.571657180786133
2017-05-30,208.3579864501953,132.74842834472656,49.6501579284668,33.729740142822266,94.50701904296875,85.65534973144531,120.13999938964844,56.72639846801758,12.47020435333252
2017-05-31,208.30630493164062,132.70150756835938,49.710357666015625,33.469783782958984,94.74311065673828,85.75515747070312,120.62000274658203,56.76095199584961,12.334933280944824
2017-06-01,209.96270751953125,133.2180633544922,50.033931732177734,33.754119873046875,94.75303649902344,85.77376556396484,120.72000122070312,57.05788803100586,12.25039005279541
2017-06-02,210.66159057617188,134.73959350585938,50.583255767822266,33.92470932006836,95.87496185302734,86.17420196533203,121.61000061035156,57.64491653442383,12.191208839416504
2017-06-05,210.5063018798828,134.71144104003906,50.304840087890625,33.88409423828125,95.27964782714844,85.9310531616211,121.7300033569336,57.39628601074219,12.123574256896973
2017-06-06,209.83331298828125,134.17611694335938,50.161865234375,33.90034866333008,95.79863739013672,86.18134307861328,123.0999984741211,57.12003707885742,12.208118438720703
2017-06-07,210.2215576171875,134.70201110839844,50.17690658569336,33.8597297668457,95.34069061279297,86.07406616210938,122.44999694824219,57.52058410644531,12.039031982421875
2017-06-08,210.32513427734375,134.8428955078125,50.08660888671875,34.06282043457031,95.08882141113281,85.9239273071289,121.6500015258789,57.38247299194336,12.039031982421875
2017-06-09,210.0059051513672,131.4711151123047,49.89847946166992,33.8028564453125,94.94383239746094,85.83814239501953,120.54000091552734,57.783023834228516,12.10666561126709
2017-06-12,209.96270751953125,130.76670837402344,49.710357666015625,33.62413787841797,94.91326904296875,85.85957336425781,120.36000061035156,58.30097961425781,11.996760368347168
2017-06-13,210.9894256591797,131.82803344726562,50.0941276550293,33.786617279052734,94.92860412597656,85.95249938964844,120.4800033569336,58.43220901489258,12.0474853515625
2017-06-14,210.7220001220703,131.255126953125,50.0565071105957,33.778480529785156,96.3939437866211,86.53883361816406,119.81999969482422,58.51507568359375,11.836127281188965
2017-06-15,210.31654357910156,130.67279052734375,49.537288665771484,33.42917251586914,96.24132537841797,86.33151245117188,119.31999969482422,58.81203842163086,11.886853218078613
2017-06-16,210.36245727539062,130.10585021972656,49.95869064331055,33.48603439331055,96.43211364746094,86.4029769897461,119.33999633789062,58.66010665893555,11.937578201293945
2017-06-19,212.1137237548828,132.28134155273438,50.161865234375,33.81911087036133,96.2947006225586,86.29572296142578,118.43000030517578,58.666988372802734,11.861489295959473
2017-06-20,210.6832275390625,131.24539184570312,49.758113861083984,33.445316314697266,97.15718841552734,86.48882293701172,118.18000030517578,58.52887725830078,11.74312973022461
2017-06-21,210.63121032714844,132.54507446289062,49.696929931640625,33.518768310546875,97.3555679321289,86.53169250488281,118.5199966430664,58.41146469116211,11.616312026977539
2017-06-22,210.53585815429688,132.5074005126953,49.689292907714844,33.690155029296875,97.56925964355469,86.60319519042969,118.91999816894531,58.46674728393555,11.633221626281738
2017-06-23,210.7872772216797,133.0159149169922,49.81163024902344,33.86970520019531,97.52351379394531,86.64608001708984,119.43000030517578,58.66961669921875,11.683948516845703
2017-06-26,210.92599487304688,132.39437866210938,49.895751953125,34.1961669921875,97.88981628417969,86.80341339111328,118.36000061035156,59.08793258666992,11.709312438964844
2017-06-27,209.2266845703125,129.99288940429688,49.88810729980469,33.7962532043457,96.84422302246094,86.41014099121094,118.80999755859375,58.558067321777344,11.84458065032959
2017-06-28,211.09939575195312,131.8670196533203,50.323978424072266,34.05741882324219,96.5237045288086,86.50309753417969,118.9000015258789,58.69750213623047,11.920671463012695
2017-06-29,209.24403381347656,129.5784454345703,49.82693099975586,33.6248664855957,95.71469116210938,86.23854064941406,118.31999969482422,58.02821731567383,11.971396446228027
2017-06-30,209.63417053222656,129.62554931640625,49.857521057128906,33.779930114746094,95.49337768554688,86.16704559326172,118.0199966430664,58.02821731567383,12.216572761535645
2017-07-03,209.9896240234375,128.25997924804688,49.79634475708008,33.975807189941406,95.1858901977539,85.98063659667969,116.08999633789062,58.767234802246094,12.343388557434082
2017-07-05,210.47515869140625,129.52195739746094,49.79634475708008,33.91051483154297,95.20883178710938,86.1240234375,116.5199966430664,57.937557220458984,12.157393455505371
2017-07-06,208.5504913330078,128.35411071777344,49.5745849609375,33.502445220947266,94.4211196899414,85.90178680419922,116.47000122070312,56.84990692138672,12.16584587097168
2017-07-07,209.9029083251953,129.7386016845703,49.58222579956055,33.56774139404297,93.85517883300781,85.83010864257812,115.27999877929688,57.170631408691406,12.0474853515625
2017-07-10,210.12835693359375,130.58615112304688,49.7045783996582,33.88603973388672,93.99283599853516,85.97344970703125,115.47000122070312,56.64772415161133,12.098212242126465
2017-07-11,209.97232055664062,130.95346069335938,49.81928253173828,34.16351318359375,94.15341186523438,86.00932312011719,115.62000274658203,56.58497619628906,12.216572761535645
2017-07-12,211.55018615722656,132.5074005126953,50.216922760009766,34.824581146240234,94.80354309082031,86.38923645019531,116.02999877929688,57.28219223022461,12.157393455505371
2017-07-13,211.90562438964844,132.79933166503906,50.36221694946289,34.995967864990234,94.20698547363281,86.23873138427734,115.81999969482422,57.37281036376953,12.148937225341797
2017-07-14,212.8939666748047,133.84469604492188,50.71396255493164,35.43668746948242,94.3216781616211,86.4394302368164,116.7699966430664,57.923622131347656,12.28420639038086
2017-07-17,212.8679656982422,133.9105987548828,50.61455535888672,35.27346420288086,94.58171844482422,86.51834106445312,117.29000091552734,58.390724182128906,12.241934776306152
2017-07-18,212.98072814941406,134.80528259277344,50.660430908203125,35.37957000732422,95.40769958496094,86.89112854003906,118.11000061035156,58.265235900878906,12.292662620544434
2017-07-19,214.1338348388672,135.5963897705078,50.8822021484375,35.67336654663086,95.4459457397461,86.8624267578125,118.08000183105469,58.7044792175293,12.402568817138672
2017-07-20,214.2291259765625,135.77536010742188,51.088661193847656,35.632564544677734,95.72128295898438,86.94127655029297,118.23999786376953,58.43257141113281,12.385661125183105
2017-07-21,214.03842163085938,135.71884155273438,50.88984680175781,35.60808181762695,96.12653350830078,87.14208221435547,119.26000213623047,58.390724182128906,12.216572761535645
2017-07-24,213.9864044189453,136.34042358398438,50.752197265625,35.71418380737305,95.75186157226562,87.04170227050781,119.30999755859375,58.27919006347656,12.241934776306152
2017-07-25,214.506591796875,135.9918975830078,50.82102966308594,35.62440490722656,94.5052490234375,86.52546691894531,118.91999816894531,58.35586166381836,12.377206802368164
2017-07-26,214.5152130126953,136.43458557128906,51.134544372558594,35.918209075927734,94.65821075439453,86.81224822998047,119.87999725341797,58.7602424621582,12.495567321777344
2017-07-27,214.3158416748047,135.57752990722656,51.01984786987305,35.72233581542969,94.19163513183594,86.59718322753906,119.79000091552734,58.82997512817383,12.571657180786133
2017-07-28,214.06443786621094,135.4645538330078,51.07337188720703,35.706016540527344,94.74994659423828,86.82660675048828,120.69000244140625,58.66961669921875,12.639291763305664
2017-07-31,213.94305419921875,134.8900604248047,51.18042755126953,35.746822357177734,94.86465454101562,86.82660675048828,120.75,58.74630355834961,12.715381622314453
2017-08-01,214.41989135742188,135.20089721679688,51.46336364746094,35.85292434692383,95.53073120117188,87.14142608642578,120.6500015258789,59.011234283447266,12.571657180786133
2017-08-02,214.52389526367188,135.56814575195312,51.48630142211914,35.885562896728516,95.58436584472656,87.00486755371094,120.4000015258789,58.474403381347656,12.59701919555664
2017-08-03,214.1077423095703,135.040771484375,51.516883850097656,35.73866653442383,96.5731201171875,87.1270523071289,120.58999633789062,58.35586166381836,12.504022598266602
2017-08-04,214.4979248046875,135.2855682373047,51.58570098876953,35.869239807128906,95.75301361083984,86.78923797607422,119.6500015258789,58.55108642578125,12.529385566711426
2017-08-07,214.89671325683594,136.1426544189453,51.608642578125,36.11408615112305,95.86031341552734,86.81076049804688,119.51000213623047,58.488338470458984,12.554749488830566
2017-08-08,214.3678741455078,135.9071807861328,51.33335876464844,36.12224197387695,95.51541900634766,86.39386749267578,119.86000061035156,58.2094612121582,12.563200950622559
2017-08-09,214.359130859375,135.72824096679688,51.24924087524414,35.79579162597656,96.03661346435547,86.48011016845703,121.30999755859375,58.014244079589844,12.647747039794922
2017-08-10,211.33346557617188,132.8181610107422,50.52279281616211,34.94700622558594,96.85673522949219,86.45135498046875,122.20999908447266,57.59592819213867,12.453295707702637
2017-08-11,211.6455841064453,133.8258514404297,50.43102264404297,35.02861785888672,96.90271759033203,86.60954284667969,122.79000091552734,57.2403564453125,12.495567321777344
2017-08-14,213.74365234375,135.54931640625,50.79808044433594,35.38772201538086,96.40449523925781,86.55201721191406,121.91999816894531,58.19551467895508,12.385661125183105
2017-08-15,213.71766662597656,135.6434326171875,50.75983810424805,35.428531646728516,95.99823760986328,86.45135498046875,120.9800033569336,58.021217346191406,12.3264799118042
2017-08-16,214.0904541015625,135.8789520263672,51.0504264831543,35.79579162597656,96.35082244873047,86.6957778930664,121.87000274658203,58.25129699707031,12.292662620544434
2017-08-17,210.75259399414062,133.1006622314453,50.47691345214844,35.3387451171875,97.07130432128906,86.78202819824219,122.48999786376953,57.88874435424805,12.3264799118042
2017-08-18,210.4231414794922,133.00653076171875,50.61455535888672,35.64072799682617,97.04830932617188,86.72455596923828,122.30000305175781,57.30311584472656,12.546294212341309
2017-08-21,210.5878448486328,132.8369903564453,50.59926223754883,35.77130889892578,97.28590393066406,86.84671783447266,122.76000213623047,57.91663360595703,12.394115447998047
2017-08-22,212.78997802734375,134.86183166503906,50.843963623046875,36.17121887207031,96.91035461425781,86.76045989990234,122.20999908447266,57.749305725097656,12.427931785583496
2017-08-23,212.0269775390625,134.3815155029297,50.85160827636719,36.34260177612305,97.56948852539062,87.09111785888672,122.66999816894531,58.34193801879883,12.53783893585205
2017-08-24,211.5328826904297,133.9859619140625,50.736907958984375,36.45685958862305,97.20925903320312,86.92578887939453,122.29000091552734,58.160667419433594,12.529385566711426
2017-08-25,212.0269775390625,133.7034454345703,51.042781829833984,36.669063568115234,97.58485412597656,87.1270523071289,122.73999786376953,58.43953323364258,12.504022598266602
2017-08-28,212.0357208251953,134.11778259277344,51.042781829833984,36.538475036621094,97.52352905273438,87.1270523071289,124.69000244140625,57.99335479736328,12.512476921081543
2017-08-29,212.27845764160156,134.64520263671875,50.83631896972656,36.47319412231445,97.83776092529297,87.19175720214844,124.41999816894531,57.930580139160156,12.512476921081543
2017-08-30,213.2841339111328,136.22740173339844,50.76749038696289,36.53031539916992,97.80706787109375,87.26368713378906,124.36000061035156,58.25825500488281,12.419477462768555
2017-08-31,214.5672607421875,137.68716430664062,51.15747833251953,36.58744430541992,98.09831237792969,87.4145736694336,125.81999969482422,58.59292984008789,12.766108512878418
2017-09-01,214.87071228027344,137.49876403808594,51.22630310058594,36.85676956176758,97.34799194335938,87.06865692138672,126.05999755859375,58.795101165771484,12.7830171585083
2017-09-05,213.3275604248047,136.26502990722656,50.8822021484375,36.37525177001953,98.8917236328125,87.60918426513672,127.45999908447266,58.63475799560547,12.808380126953125
2017-09-06,214.05575561523438,136.679443359375,51.19572067260742,36.61193084716797,98.28497314453125,87.29926300048828,126.80999755859375,58.78813552856445,12.935194969177246
2017-09-07,214.0297393798828,136.9996337890625,51.61629104614258,36.881256103515625,99.29112243652344,87.63802337646484,128.1300048828125,59.16463851928711,12.926741600036621
2017-09-08,213.7783203125,135.81301879882812,51.62395095825195,36.63641357421875,99.0760726928711,87.3785400390625,127.97000122070312,59.21343231201172,12.7830171585083
2017-09-11,216.0584716796875,137.37632751464844,52.029232025146484,37.126094818115234,97.89328002929688,87.11190032958984,126.19000244140625,59.75725173950195,12.808380126953125
2017-09-12,216.78677368164062,137.7059783935547,52.18981170654297,37.08528137207031,97.3786849975586,87.01819610595703,126.55999755859375,59.05308151245117,12.842196464538574
2017-09-13,216.8907012939453,137.89431762695312,51.90687942504883,36.8894157409668,96.99472045898438,86.93170166015625,125.61000061035156,58.89968490600586,12.901378631591797
2017-09-14,216.8213653564453,137.08444213867188,51.998634338378906,36.98734664916992,97.39408874511719,87.14793395996094,126.16000366210938,59.38772964477539,12.909832000732422
2017-09-15,217.11325073242188,137.55528259277344,52.04451370239258,37.20771408081055,97.43250274658203,87.22001647949219,125.52999877929688,59.4992790222168,12.969012260437012
2017-09-18,217.57505798339844,137.3749542236328,52.11334228515625,37.33828353881836,96.8718490600586,87.13352966308594,124.36000061035156,59.17856979370117,12.952103614807129
2017-09-19,217.79286193847656,137.61094665527344,52.35804748535156,37.41990661621094,96.63370513916016,87.18396759033203,124.62000274658203,58.78813552856445,12.926741600036621
2017-09-20,217.87127685546875,137.1862335205078,52.24333190917969,37.24851608276367,96.70285034179688,87.07585144042969,123.62000274658203,58.62778854370117,13.03664779663086
2017-09-21,217.28753662109375,136.3462371826172,52.136287689208984,37.24851608276367,96.6490707397461,87.07585144042969,122.68000030517578,58.516231536865234,12.985920906066895
2017-09-22,217.33111572265625,136.21409606933594,52.296871185302734,37.03632354736328,96.92554473876953,87.19115447998047,123.23999786376953,58.10347366333008,13.03664779663086
2017-09-25,216.88671875,134.7794647216797,51.998634338378906,36.40789031982422,97.53231811523438,87.51548767089844,124.52999877929688,58.44156265258789,13.256462097167969
2017-09-26,217.01742553710938,135.128662109375,51.88392639160156,36.30996322631836,97.35566711425781,87.50109100341797,123.13999938964844,58.54018783569336,13.138100624084473
2017-09-27,217.8626251220703,136.3462371826172,51.92217254638672,36.17937469482422,95.88873291015625,87.16232299804688,121.9800033569336,58.01190948486328,13.087373733520508
2017-09-28,218.12396240234375,136.2989959716797,52.059810638427734,36.15488815307617,95.60455322265625,87.29203033447266,122.20999908447266,58.406349182128906,13.087373733520508
2017-09-29,218.8906707763672,137.28060913085938,52.365684509277344,36.571128845214844,95.81961822509766,87.37133026123047,121.58000183105469,58.52610397338867,13.019739151000977
2017-10-02,219.84039306640625,137.40330505371094,52.31980895996094,36.57928466796875,95.64411926269531,87.4529800415039,120.7699966430664,58.44156265258789,12.909832000732422
2017-10-03,220.310791015625,137.69589233398438,52.49568557739258,37.15874099731445,95.7364730834961,87.64810943603516,120.83000183105469,58.35703659057617,12.918286323547363
2017-10-04,220.5722198486328,137.82801818847656,52.39627456665039,37.15058517456055,95.74421691894531,87.59749603271484,121.16999816894531,58.65290451049805,12.935194969177246
2017-10-05,221.87916564941406,139.177734375,52.365684509277344,37.428070068359375,95.38251495361328,87.47468566894531,120.5199966430664,58.86417770385742,13.078919410705566
2017-10-06,221.62643432617188,139.3665313720703,52.327457427978516,37.2403564453125,95.1131362915039,87.40242767333984,121.08999633789062,58.67401885986328,12.876014709472656
2017-10-09,221.2605438232422,139.2060089111328,52.34274673461914,37.21587371826172,95.41329956054688,87.47468566894531,122.08000183105469,58.81486892700195,12.884469032287598
2017-10-10,221.84429931640625,139.30992126464844,52.83979797363281,37.5831298828125,95.56720733642578,87.53250122070312,122.4000015258789,58.9909782409668,13.03664779663086
2017-10-11,222.1927947998047,139.72515869140625,52.969791412353516,37.75452423095703,95.75189208984375,87.48916625976562,122.79000091552734,59.18820571899414,13.062010765075684
2017-10-12,221.8617401123047,139.4703369140625,52.92390823364258,37.73819351196289,96.15973663330078,87.51083374023438,122.88999938964844,59.56854248046875,13.045103073120117
2017-10-13,222.13182067871094,140.00836181640625,53.199195861816406,38.08097457885742,96.85240173339844,87.85770416259766,123.81999969482422,59.723514556884766,13.171916961669922
2017-10-16,222.4280548095703,140.48965454101562,53.16096496582031,38.05649185180664,96.7831039428711,87.73481750488281,122.97000122070312,59.427677154541016,13.205735206604004
2017-10-17,222.58489990234375,140.66896057128906,53.023311614990234,37.86063003540039,96.90624237060547,87.72036743164062,122.12999725341797,59.49811935424805,13.188827514648438
2017-10-18,222.8026885986328,140.49908447265625,53.176246643066406,37.95039367675781,96.26753234863281,87.59032440185547,121.66999816894531,59.43473434448242,13.180373191833496
2017-10-19,222.8636474609375,139.97998046875,53.092132568359375,37.615779876708984,96.43683624267578,87.72036743164062,122.38999938964844,59.25863265991211,13.12119197845459
2017-10-20,224.0137939453125,140.35755920410156,53.023311614990234,37.75452423095703,95.41329956054688,87.48190307617188,121.61000061035156,58.9205322265625,13.188827514648438
2017-10-23,223.1425018310547,139.4420623779297,52.90861511230469,37.45254898071289,95.58258819580078,87.56861114501953,121.80000305175781,58.695152282714844,13.188827514648438
2017-10-24,223.53457641601562,139.67791748046875,52.992733001708984,37.45254898071289,94.989990234375,87.35179138183594,121.33000183105469,58.342960357666016,13.3240966796875
2017-10-25,222.4280548095703,139.1494140625,52.7862663269043,37.37093734741211,94.53592681884766,87.12057495117188,121.3499984741211,58.17390060424805,13.341004371643066
2017-10-26,222.71560668945312,138.705810546875,52.77861022949219,37.11793518066406,94.22041320800781,87.11338806152344,120.33000183105469,57.694942474365234,13.400185585021973
2017-10-27,224.53652954101562,142.74537658691406,52.90096664428711,37.65658950805664,94.84375,87.37348937988281,120.9000015258789,57.9555549621582,13.467822074890137
2017-10-30,223.70013427734375,143.06629943847656,53.023311614990234,37.41990661621094,95.75189208984375,87.66259765625,121.12999725341797,57.90625,13.501639366149902
2017-10-31,224.048583984375,143.6042938232422,53.24508285522461,37.77084732055664,95.78268432617188,87.53968811035156,120.66999816894531,57.89922332763672,13.535457611083984
2017-11-01,224.3448486328125,143.55712890625,53.29860305786133,37.96672439575195,96.2091293334961,87.6781234741211,121.11000061035156,58.18095397949219,13.543910026550293
2017-11-02,224.43199157714844,143.28343200683594,53.45918273925781,38.015682220458984,96.63333892822266,87.6635971069336,121.19000244140625,58.67401885986328,13.62845516204834
2017-11-03,225.1813201904297,144.66143798828125,53.37506866455078,37.81980895996094,96.89554595947266,87.76509094238281,120.62000274658203,58.52610397338867,13.712997436523438
2017-11-06,225.52975463867188,145.1521453857422,53.451541900634766,38.24420166015625,97.25801086425781,87.7867660522461,121.6500015258789,58.9205322265625,13.97508430480957
2017-11-07,225.3730010986328,145.2371368408203,53.25272750854492,37.999366760253906,97.66676330566406,87.71436309814453,121.20999908447266,59.39952850341797,13.890539169311523
2017-11-08,225.7563018798828,145.8223114013672,53.4286003112793,38.17892074584961,97.4508056640625,87.5984115600586,121.62999725341797,59.695343017578125,13.865177154541016
2017-11-09,224.93734741210938,145.05776977539062,53.12272644042969,37.94223403930664,97.17318725585938,87.36651611328125,122.12999725341797,59.758731842041016,13.890539169311523
2017-11-10,224.8676300048828,145.04835510253906,52.97744369506836,37.77900695800781,95.70787048339844,86.86660766601562,121.12999725341797,59.82213592529297,13.865177154541016
2017-11-13,225.07672119140625,145.22767639160156,52.75568389892578,37.697383880615234,95.90834045410156,86.88113403320312,121.30999755859375,60.1250114440918,13.822905540466309
2017-11-14,224.553955078125,144.69911193847656,52.71744918823242,37.44438934326172,96.55619049072266,86.9028091430664,121.55999755859375,59.998233795166016,13.636906623840332
2017-11-15,223.4299774169922,144.01956176757812,52.46509552001953,37.24851608276367,97.60505676269531,87.27233123779297,121.41000366210938,59.392478942871094,13.620000839233398
2017-11-16,225.3293914794922,145.8600616455078,52.88567352294922,38.02384948730469,96.75668334960938,87.17090606689453,121.4000015258789,59.885520935058594,13.577727317810059
2017-11-17,224.667236328125,145.3031768798828,52.69450759887695,38.21155548095703,97.47395324707031,87.27959442138672,122.86000061035156,59.624900817871094,13.797541618347168
2017-11-20,225.05056762695312,145.18994140625,52.809200286865234,38.40742874145508,97.43537902832031,87.27959442138672,121.30999755859375,59.44880676269531,13.68763542175293
2017-11-21,226.5230255126953,146.76614379882812,53.20684814453125,38.921607971191406,97.74386596679688,87.56944274902344,121.51000213623047,59.892578125,13.780632972717285
2017-11-22,226.3226318359375,146.94549560546875,53.35213088989258,39.0195426940918,98.06004333496094,87.90996551513672,122.62999725341797,59.758731842041016,13.856721878051758
2017-11-24,226.84539794921875,147.48348999023438,53.788002014160156,38.93791580200195,97.79012298583984,87.80855560302734,122.31999969482422,59.83622360229492,13.898995399475098
2017-11-27,226.73211669921875,147.4174041748047,53.46683883666992,38.36662673950195,97.65132904052734,87.75778198242188,122.83000183105469,59.55447006225586,13.873631477355957
2017-11-28,229.03228759765625,147.79493713378906,53.772708892822266,38.65227127075195,97.78240966796875,87.8809814453125,122.80999755859375,59.32907485961914,13.814451217651367
2017-11-29,228.89291381835938,145.21829223632812,53.5586051940918,38.0401725769043,96.8183822631836,87.53321075439453,122.04000091552734,59.35020065307617,13.721451759338379
2017-11-30,230.89683532714844,146.435791015625,53.61211395263672,37.62394332885742,96.49453735351562,87.43174743652344,121.0999984741211,59.441776275634766,13.662270545959473
2017-12-01,230.41769409179688,145.81288146972656,53.39802169799805,37.411739349365234,97.79666900634766,87.7020492553711,121.58999633789062,59.58264923095703,13.780632972717285
2017-12-04,230.1388702392578,144.13290405273438,53.20684814453125,37.485191345214844,97.84304809570312,87.84004974365234,121.18000030517578,59.28681945800781,13.61154556274414
2017-12-05,229.3111572265625,144.22720336914062,53.092132568359375,37.460716247558594,98.3298568725586,88.00714111328125,120.31999969482422,58.79373550415039,13.61154556274414
2017-12-06,229.35467529296875,144.8784942626953,52.98508834838867,36.954708099365234,98.6699447631836,88.17427062988281,120.06999969482422,58.73739242553711,13.383275985717773
2017-12-07,230.077880859375,145.36929321289062,53.12272644042969,37.0608024597168,97.89704895019531,87.99983978271484,118.48999786376953,58.88531494140625,13.425548553466797
2017-12-08,231.33250427246094,146.01107788085938,53.40566635131836,37.49335479736328,97.90486145019531,87.89087677001953,118.4800033569336,59.18820571899414,13.493185043334961
2017-12-11,232.02951049804688,147.1436309814453,53.543304443359375,37.68107223510742,97.70391845703125,87.95625305175781,118.01000213623047,59.181156158447266,13.527002334594727
2017-12-12,232.43907165527344,146.94549560546875,53.61211395263672,37.428070068359375,97.665283203125,87.89087677001953,118.1500015258789,59.469947814941406,13.408639907836914
2017-12-13,232.41287231445312,147.22866821289062,53.81858825683594,37.87693786621094,98.39944458007812,88.19605255126953,119.16999816894531,59.56854248046875,13.349459648132324
2017-12-14,231.4631805419922,147.12484741210938,53.520362854003906,37.599456787109375,98.81674194335938,88.35588073730469,118.93000030517578,59.55447006225586,13.391732215881348
2017-12-15,233.3906707763672,148.7953643798828,53.505062103271484,37.68107223510742,99.18769836425781,88.4793701171875,119.18000030517578,59.92781066894531,13.391732215881348
2017-12-18,234.87066650390625,150.0429229736328,54.1397590637207,38.10546875,98.28350830078125,88.21784210205078,119.7300033569336,60.322227478027344,13.450912475585938
2017-12-19,233.9686737060547,149.1538543701172,53.94114685058594,37.90412902832031,97.0084228515625,87.76744079589844,119.81999969482422,59.0402717590332,13.552366256713867
2017-12-20,233.84603881835938,148.99305725097656,53.84841537475586,37.95383834838867,95.9342041015625,87.53492736816406,120.13999938964844,58.35703659057617,13.62845516204834
2017-12-21,234.3277587890625,149.01202392578125,54.04161071777344,38.202396392822266,96.49336242675781,87.77082061767578,120.30999755859375,58.13101577758789,13.636906623840332
2017-12-22,234.26646423339844,148.84173583984375,54.18070983886719,38.5255126953125,96.62501525878906,87.8363265991211,120.94000244140625,58.53157043457031,13.696089744567871
2017-12-26,233.98619079589844,148.03781127929688,54.16525650024414,38.49237060546875,96.91154479980469,87.95281982421875,121.7699966430664,58.82484817504883,13.898995399475098
2017-12-27,234.10000610351562,148.05673217773438,54.26572036743164,38.591793060302734,98.17385864257812,88.44063568115234,122.2300033569336,59.01796340942383,13.932811737060547
2017-12-28,234.5817108154297,148.23641967773438,54.2966423034668,38.85691833496094,98.0887451171875,88.38236236572266,122.8499984741211,59.33267593383789,14.000447273254395
2017-12-29,233.69717407226562,147.31900024414062,54.33528137207031,39.03917694091797,98.24358367919922,88.49883270263672,123.6500015258789,59.35416030883789,14.042719841003418
2018-01-02,235.3698272705078,149.9010009765625,54.73713302612305,39.77655792236328,97.1825942993164,87.90914916992188,125.1500015258789,59.132423400878906,14.11035442352295
2018-01-03,236.8587188720703,151.35757446289062,54.9998779296875,40.15766906738281,97.64724731445312,88.06930541992188,124.81999969482422,58.96074295043945,14.194897651672363
2018-01-04,237.85690307617188,151.6224365234375,55.6026611328125,40.356510162353516,97.63176727294922,88.0401611328125,125.45999908447266,57.94502639770508,14.17798900604248
2018-01-05,239.44200134277344,153.14515686035156,55.911781311035156,40.70448684692383,97.35299682617188,88.01106262207031,125.33000183105469,57.973663330078125,14.127260208129883
2018-01-08,239.8798828125,153.74098205566406,55.89632034301758,40.70448684692383,97.29102325439453,88.00375366210938,125.30999755859375,58.27406311035156,14.11880874633789
2018-01-09,240.4227752685547,153.75047302246094,55.95814514160156,40.63820266723633,95.989990234375,87.68345642089844,124.7300033569336,57.52302932739258,14.21180534362793
2018-01-10,240.05499267578125,153.3910675048828,55.84995651245117,40.38137435913086,95.87382507324219,87.7416763305664,125.02999877929688,56.87928771972656,14.262532234191895
2018-01-11,241.8064422607422,154.4409637451172,56.236351013183594,40.629920959472656,96.26875305175781,87.95281982421875,125.44000244140625,56.686134338378906,14.25407886505127
2018-01-12,243.3827362060547,155.57591247558594,56.80049514770508,41.01931381225586,96.43138885498047,87.96739196777344,126.95999908447266,56.2283821105957,14.347075462341309
2018-01-16,242.55084228515625,155.13133239746094,56.74640655517578,40.86189651489258,96.83411407470703,88.04743194580078,127.16999816894531,56.335655212402344,14.279440879821777
2018-01-17,244.8627166748047,156.80543518066406,57.04005432128906,41.40042495727539,96.70243835449219,87.80717468261719,126.13999938964844,56.729068756103516,14.296348571777344
2018-01-18,244.45120239257812,156.83383178710938,56.97050857543945,41.45013427734375,95.80414581298828,87.46504974365234,125.86000061035156,55.999473571777344,14.296348571777344
2018-01-19,245.56341552734375,157.32565307617188,57.2873420715332,41.789825439453125,95.3007583618164,87.19563293457031,126.41999816894531,56.299896240234375,14.270986557006836
2018-01-22,247.55995178222656,159.00918579101562,57.58100891113281,42.030086517333984,95.39364624023438,87.11558532714844,126.6500015258789,56.814903259277344,14.304804801940918
2018-01-23,248.08541870117188,160.32382202148438,57.766483306884766,42.22893142700195,95.80414581298828,87.4941177368164,127.27999877929688,57.601722717285156,14.406255722045898
2018-01-24,247.98910522460938,159.283447265625,57.866947174072266,42.58518600463867,95.28524780273438,87.4358901977539,128.8300018310547,57.301273345947266,14.558432579040527
2018-01-25,248.0941162109375,159.2266845703125,57.64284896850586,42.56032943725586,96.06744384765625,87.87998962402344,127.97000122070312,57.201133728027344,14.473891258239746
2018-01-26,250.9665985107422,161.6668701171875,58.15288543701172,43.1485710144043,95.71114349365234,87.76355743408203,128.07000732421875,57.00086212158203,14.5837984085083
2018-01-29,249.30271911621094,160.88189697265625,57.619659423828125,42.49406051635742,95.04520416259766,87.53055572509766,127.3499984741211,56.23552322387695,14.54152774810791
2018-01-30,246.74562072753906,159.5577392578125,57.140525817871094,41.914100646972656,94.4875717163086,87.2320556640625,126.80000305175781,55.82781219482422,14.440073013305664
2018-01-31,246.86819458007812,160.21981811523438,57.063236236572266,42.27863693237305,95.04520416259766,87.41404724121094,127.6500015258789,56.82918930053711,14.456982612609863
2018-02-01,246.58787536621094,158.85784912109375,57.22553253173828,41.70697021484375,93.66771697998047,87.02788543701172,128.07000732421875,55.6060791015625,14.6007080078125
2018-02-02,241.21969604492188,155.6894073486328,56.06632995605469,40.63820266723633,92.79857635498047,86.58262634277344,126.38999938964844,55.133995056152344,14.363985061645508
2018-02-05,231.13128662109375,149.5511016845703,53.71703338623047,39.21316909790039,93.67546081542969,86.63369750976562,126.70999908447266,53.4959716796875,14.228714942932129
2018-02-06,235.68507385253906,153.51400756835938,54.7757682800293,40.48907470703125,93.09345245361328,86.45854187011719,125.37999725341797,53.503143310546875,14.144171714782715
2018-02-07,234.40655517578125,151.52784729003906,54.1961669921875,39.21316909790039,92.20877075195312,86.21762084960938,124.79000091552734,53.274261474609375,13.983538627624512
2018-02-08,225.61419677734375,145.1341552734375,52.78196716308594,37.85441970825195,92.10789489746094,85.84535217285156,124.9800033569336,51.74354934692383,13.839815139770508
2018-02-09,229.00326538085938,147.64056396484375,53.00606155395508,38.459228515625,91.52582550048828,85.5679931640625,124.7699966430664,53.03818893432617,13.636906623840332
2018-02-12,232.36605834960938,150.2604217529297,53.817508697509766,39.06404113769531,91.92942810058594,85.5679931640625,125.37000274658203,53.05965805053711,13.721451759338379
2018-02-13,232.9440460205078,151.03598022460938,53.655208587646484,39.362300872802734,92.34070587158203,85.53874206542969,126.08000183105469,53.43162155151367,13.74681568145752
2018-02-14,236.087890625,153.86398315429688,54.605751037597656,40.34823226928711,91.31636047363281,85.22486114501953,128.22999572753906,53.04536437988281,13.958175659179688
2018-02-15,239.10047912597656,156.72032165527344,54.94578552246094,41.176727294921875,91.62671661376953,85.6263427734375,128.3800048828125,53.56035614013672,13.983538627624512
2018-02-16,239.17051696777344,156.02044677734375,55.193077087402344,41.04417037963867,92.12335968017578,85.8818359375,127.95999908447266,53.853633880615234,14.008899688720703
2018-02-20,237.67295837402344,156.33255004882812,54.6753044128418,40.48078536987305,91.7198486328125,85.51683807373047,126.23999786376953,53.2170295715332,14.05117416381836
2018-02-21,236.49073791503906,155.8879852294922,54.41256332397461,40.4476432800293,90.59458923339844,85.0497055053711,125.66000366210938,52.165550231933594,14.034263610839844
2018-02-22,236.79725646972656,155.86907958984375,54.698490142822266,40.472503662109375,90.8661880493164,85.16644287109375,126.30000305175781,52.75924301147461,14.161081314086914
2018-02-23,240.5716094970703,159.05645751953125,55.13124084472656,41.193302154541016,91.67327880859375,85.5606460571289,126.13999938964844,53.60328674316406,14.25407886505127
2018-02-26,243.36521911621094,161.16561889648438,55.64902877807617,41.57442092895508,91.70433044433594,85.6701889038086,126.44999694824219,53.75348663330078,14.330168724060059
2018-02-27,240.3264617919922,159.1699676513672,54.8221321105957,40.36479187011719,91.5724105834961,85.2978744506836,125.12999725341797,52.501731872558594,14.186443328857422
2018-02-28,237.89187622070312,158.14849853515625,54.304351806640625,39.78484344482422,92.1544189453125,85.45845031738281,125.0,52.465972900390625,14.034263610839844
2018-03-01,234.43284606933594,155.56643676757812,53.39246368408203,39.71027374267578,92.78352355957031,85.3706283569336,124.72000122070312,52.516048431396484,14.059626579284668
2018-03-02,235.6412811279297,156.99461364746094,53.64748001098633,39.87598419189453,92.029296875,85.0997314453125,125.38999938964844,52.49457550048828,14.059626579284668
2018-03-05,238.3648681640625,158.73487854003906,53.93342971801758,39.9339714050293,91.78041076660156,85.07050323486328,125.18000030517578,53.08828353881836,14.144171714782715
2018-03-06,238.96908569335938,159.40640258789062,54.250267028808594,40.30679702758789,91.86595916748047,85.14368438720703,126.52999877929688,53.33863830566406,14.194897651672363
2018-03-07,238.88148498535156,159.77528381347656,54.23480987548828,40.34823226928711,91.76483917236328,85.11437225341797,125.72000122070312,53.66765594482422,14.042719841003418
2018-03-08,240.03753662109375,160.6548614501953,54.350730895996094,40.356510162353516,92.29365539550781,85.2827377319336,125.41999816894531,53.76777648925781,13.958175659179688
2018-03-09,244.21475219726562,163.7760772705078,54.698490142822266,41.21815872192383,91.68711853027344,84.98258972167969,125.54000091552734,54.06107711791992,14.09344482421875
2018-03-12,243.90818786621094,164.64617919921875,54.760311126708984,41.31758117675781,92.21588134765625,85.09245300292969,125.54000091552734,54.29710388183594,14.06808090209961
2018-03-13,242.3318634033203,162.40463256835938,54.39710235595703,40.94474792480469,92.68240356445312,85.0997314453125,125.77999877929688,54.34716033935547,14.025811195373535
2018-03-14,241.08836364746094,162.37625122070312,54.52848434448242,41.011024475097656,93.49891662597656,85.29010772705078,125.69999694824219,54.39723587036133,14.025811195373535
2018-03-15,240.8256378173828,162.234375,54.49755859375,40.86189651489258,93.49891662597656,85.37794494628906,124.9000015258789,54.382938385009766,14.017355918884277
2018-03-16,241.08680725097656,161.7520751953125,54.458927154541016,40.7707633972168,93.16453552246094,85.47309875488281,124.5999984741211,54.76205062866211,14.06808090209961
2018-03-19,237.82476806640625,158.3008575439453,54.018428802490234,40.33165740966797,92.86906433105469,85.18756866455078,124.87000274658203,54.28996658325195,13.97508430480957
2018-03-20,238.22923278808594,158.82191467285156,54.01069641113281,40.779048919677734,92.49584197998047,84.8874740600586,124.30999755859375,54.10398483276367,14.06808090209961
2018-03-21,237.77203369140625,158.1302490234375,54.09571075439453,41.01931381225586,92.596923828125,84.83619689941406,126.4800033569336,53.70342254638672,14.321712493896484
2018-03-22,231.82835388183594,154.22727966308594,53.091068267822266,39.65228271484375,93.51447296142578,84.98258972167969,125.9800033569336,53.3886833190918,14.21180534362793
2018-03-23,226.88705444335938,150.16319274902344,52.503753662109375,38.8486328125,93.44446563720703,84.71180725097656,127.61000061035156,52.43735885620117,14.33862018585205
2018-03-26,233.09449768066406,155.7429962158203,53.44655990600586,40.107948303222656,93.08677673339844,85.01188659667969,128.27999877929688,53.033939361572266,14.347075462341309
2018-03-27,229.1291046142578,150.70315551757812,53.05243682861328,39.378868103027344,94.08212280273438,85.31938171386719,127.48999786376953,53.236148834228516,14.287894248962402
2018-03-28,228.45211791992188,148.96949768066406,53.3615608215332,39.180030822753906,94.33094787597656,85.54631805419922,125.7300033569336,54.572296142578125,14.228714942932129
2018-03-29,231.37118530273438,151.6978759765625,53.84841537475586,40.00025177001953,94.78972625732422,85.93429565429688,125.79000091552734,54.50728988647461,14.355528831481934
2018-04-02,226.37713623046875,147.32118225097656,53.106529235839844,39.27944564819336,94.97676849365234,85.88802337646484,127.26000213623047,53.7706184387207,14.161081314086914
2018-04-03,229.278564453125,148.97897338867188,53.44655990600586,39.66884231567383,94.24420928955078,85.66046142578125,126.30000305175781,54.225624084472656,14.23716926574707
2018-04-04,231.73162841796875,151.32839965820312,53.63203811645508,39.685420989990234,94.04948425292969,85.66046142578125,126.44999694824219,54.796180725097656,14.17798900604248
2018-04-05,233.56053161621094,152.19053649902344,53.987525939941406,39.78484344482422,93.34811401367188,85.68978881835938,125.80000305175781,54.77452850341797,14.245622634887695
2018-04-06,228.3553924560547,148.3821563720703,53.63203811645508,39.00605010986328,94.36893463134766,85.94676208496094,126.38999938964844,54.362850189208984,14.144171714782715
2018-04-09,229.48086547851562,149.42422485351562,54.07251739501953,39.0474739074707,94.52478790283203,85.99082946777344,126.81999969482422,54.18951416015625,14.321712493896484
2018-04-10,233.129638671875,152.72100830078125,54.65213394165039,39.809696197509766,94.35337829589844,86.01284790039062,127.12000274658203,54.131736755371094,14.566890716552734
2018-04-11,231.90748596191406,151.8400115966797,54.44345474243164,39.82627487182617,94.68843841552734,86.07152557373047,128.11000061035156,54.247283935546875,14.676797866821289
2018-04-12,233.81549072265625,153.66839599609375,54.65213394165039,39.809696197509766,93.99488067626953,85.83667755126953,126.62000274658203,53.640602111816406,14.617616653442383
2018-04-13,233.129638671875,152.87257385253906,54.70622253417969,39.412017822265625,94.21308135986328,85.8659896850586,127.44999694824219,53.92230987548828,14.626070022583008
2018-04-16,235.04637145996094,154.0377960205078,54.79121780395508,39.46173095703125,94.24420928955078,85.87333679199219,127.62999725341797,54.2545051574707,14.57534408569336
2018-04-17,237.56105041503906,157.35353088378906,55.038516998291016,39.5445671081543,94.50141143798828,85.88068389892578,127.75,54.89009475708008,14.5837984085083
2018-04-18,237.7368927001953,157.67556762695312,55.3244514465332,39.88426208496094,93.7454833984375,85.44020080566406,127.8499984741211,54.77452850341797,14.854338645935059
2018-04-19,236.41806030273438,156.22618103027344,55.115806579589844,39.65228271484375,92.98184967041016,85.11717224121094,127.5999984741211,53.98007583618164,14.795160293579102
2018-04-20,234.413330078125,153.7536163330078,54.90715789794922,39.155181884765625,92.31171417236328,84.7721176147461,126.62999725341797,53.48171615600586,14.769794464111328
2018-04-23,234.37820434570312,153.3651885986328,54.83758544921875,38.84034729003906,92.33503723144531,84.73542785644531,125.62000274658203,53.43840789794922,14.761341094970703
2018-04-24,231.22177124023438,150.11582946777344,54.61347961425781,38.65807342529297,91.91426086425781,84.48585510253906,126.2300033569336,53.640602111816406,14.685250282287598
2018-04-25,231.79324340820312,150.29576110839844,54.520748138427734,38.35980987548828,91.29861450195312,84.22148895263672,125.41000366210938,53.53950500488281,14.710614204406738
2018-04-26,234.14962768554688,153.45993041992188,54.79121780395508,38.91490936279297,91.93766784667969,84.47113037109375,124.97000122070312,54.24007034301758,14.786703109741211
2018-04-27,234.36936950683594,153.55467224121094,54.84531784057617,39.155181884765625,92.6467514038086,84.66199493408203,125.5,55.17176818847656,14.778249740600586
2018-04-30,232.5669708251953,152.4652099609375,54.66758728027344,38.87347412109375,92.8104248046875,84.58858489990234,124.58999633789062,54.95508575439453,14.845885276794434
2018-05-01,232.98019409179688,154.20828247070312,54.4743766784668,38.68292999267578,92.47614288330078,84.35958099365234,123.70999908447266,55.453433990478516,14.761341094970703
2018-05-02,231.41513061523438,153.29893493652344,54.451210021972656,38.376380920410156,92.37464904785156,84.2933349609375,123.6500015258789,55.251197814941406,14.761341094970703
2018-05-03,230.90518188476562,153.2799530029297,54.6212043762207,38.29352951049805,92.78855895996094,84.3080825805664,124.27999877929688,55.2150764465332,14.854338645935059
2018-05-04,233.89459228515625,156.18821716308594,54.814414978027344,38.46751403808594,92.92914581298828,84.4258804321289,124.54000091552734,55.82176208496094,14.955792427062988
2018-05-07,234.68588256835938,157.48614501953125,54.8221321105957,38.24381637573242,92.78072357177734,84.33016967773438,124.56999969482422,56.19734573364258,14.947338104248047
2018-05-08,234.68588256835938,157.32508850097656,54.829864501953125,38.459228515625,92.6948013305664,84.30071258544922,124.58999633789062,55.915672302246094,14.989608764648438
2018-05-09,236.95433044433594,159.03977966308594,54.96124267578125,38.5338020324707,92.14032745361328,84.28598022460938,124.33000183105469,56.29122543334961,15.124879837036133
2018-05-10,239.1700439453125,160.68817138671875,55.31673049926758,39.33744430541992,92.88224792480469,84.7130126953125,125.18000030517578,56.7318000793457,15.200967788696289
2018-05-11,239.89979553222656,160.53659057617188,55.46355056762695,39.27117156982422,93.1165542602539,84.86029815673828,125.0,56.53679275512695,15.107972145080566
2018-05-14,240.01409912109375,160.8113250732422,55.56403350830078,39.32088088989258,92.62454223632812,84.70565032958984,124.48999786376953,56.05289077758789,15.217877388000488
2018-05-15,238.36106872558594,159.03030395507812,55.162166595458984,38.508949279785156,91.57019805908203,84.06510925292969,122.4800033569336,55.14285659790039,15.234786987304688
2018-05-16,239.3634490966797,160.08184814453125,55.23945999145508,39.08890151977539,91.21875762939453,83.95469665527344,122.29000091552734,54.97675704956055,15.319329261779785
2018-05-17,239.1612091064453,159.46609497070312,55.3244514465332,38.49237060546875,90.75799560546875,83.79273986816406,122.36000061035156,54.702301025390625,15.336236953735352
2018-05-18,238.56333923339844,158.64190673828125,55.123531341552734,38.16925811767578,91.53897094726562,84.13872528076172,122.41000366210938,54.77452850341797,15.344691276550293
2018-05-21,240.35693359375,159.53236389160156,55.47128677368164,38.401241302490234,91.58587646484375,84.19029235839844,122.4800033569336,55.424530029296875,15.463054656982422
2018-05-22,239.68873596191406,159.323974609375,55.401737213134766,38.5338020324707,91.44524383544922,84.10195922851562,122.41000366210938,55.50400161743164,15.479959487915039
2018-05-23,240.34817504882812,160.66920471191406,54.79121780395508,38.51723098754883,92.10906982421875,84.46269226074219,122.54000091552734,56.06010055541992,15.564505577087402
2018-05-24,239.85580444335938,160.6218719482422,54.6212043762207,38.310096740722656,92.84319305419922,84.69831848144531,123.58999633789062,55.94456481933594,15.463054656982422
2018-05-25,239.28433227539062,160.78289794921875,54.26572036743164,38.46751403808594,93.4211196899414,84.94865417480469,123.20999908447266,56.139556884765625,15.234786987304688
2018-05-29,236.53228759765625,160.07232666015625,53.16062545776367,37.572731018066406,95.46730041503906,85.39773559570312,123.19000244140625,56.40678787231445,15.091063499450684
2018-05-30,239.68873596191406,161.21864318847656,53.972068786621094,37.87099838256836,94.8269271850586,85.06640625,123.37000274658203,57.17235565185547,15.285512924194336
2018-05-31,238.22047424316406,161.1144561767578,53.63203811645508,37.85441970825195,94.67071533203125,85.02959442138672,123.0999984741211,56.97734832763672,15.243240356445312
2018-06-01,240.55921936035156,163.6438446044922,54.09571075439453,38.384666442871094,94.17050170898438,84.86640930175781,122.48999786376953,57.23013687133789,15.141789436340332
2018-06-04,241.7022247314453,165.1217041015625,54.257999420166016,38.77406311035156,93.48944091796875,84.67436981201172,122.37000274658203,57.72849655151367,14.96424674987793
2018-06-05,241.87803649902344,165.6332550048828,54.17299270629883,38.475799560546875,93.70870208740234,84.73344421386719,122.8499984741211,57.576812744140625,14.989608764648438
2018-06-06,243.90025329589844,166.59959411621094,54.65985870361328,39.05575942993164,92.9493408203125,84.42326354980469,122.91999816894531,57.71404266357422,15.040336608886719
2018-06-07,243.8739013671875,165.24481201171875,54.350730895996094,38.459228515625,93.84954833984375,84.70391845703125,122.86000061035156,57.71404266357422,15.099515914916992
2018-06-08,244.5948486328125,165.2543182373047,54.41256332397461,38.384666442871094,93.56774139404297,84.56361389160156,123.01000213623047,57.923458099365234,15.091063499450684
2018-06-11,244.9202423095703,165.69955444335938,54.760311126708984,38.384666442871094,93.39553833007812,84.48233795166016,123.2300033569336,57.83681869506836,15.082608222961426
2018-06-12,245.23680114746094,166.5711212158203,54.41256332397461,38.285240173339844,93.41902923583984,84.48974609375,122.81999969482422,58.1834831237793,15.074155807495117
2018-06-13,244.45419311523438,166.56163024902344,54.489837646484375,38.028411865234375,93.37202453613281,84.40847778320312,123.19000244140625,57.04957962036133,15.133334159851074
2018-06-14,245.06967163085938,168.24790954589844,54.37391662597656,37.77157974243164,94.14701080322266,84.79249572753906,123.37999725341797,57.59124755859375,14.96424674987793
2018-06-15,244.75704956054688,167.66061401367188,54.09571075439453,37.47330856323242,94.23310852050781,84.67436981201172,121.33999633789062,57.555152893066406,14.6007080078125
2018-06-18,244.2536163330078,167.5637664794922,53.70930862426758,37.01762771606445,94.14701080322266,84.58574676513672,121.11000061035156,57.571189880371094,14.727523803710938
2018-06-19,243.31741333007812,167.08905029296875,53.21592712402344,36.609012603759766,94.69502258300781,84.63006591796875,120.80000305175781,57.51287078857422,14.57534408569336
2018-06-20,243.7325439453125,168.2758026123047,53.25534439086914,36.767459869384766,93.865234375,84.15736389160156,120.26000213623047,58.15434265136719,14.558432579040527
2018-06-21,242.20469665527344,166.8137664794922,52.87701416015625,36.250423431396484,94.35839080810547,84.09090423583984,120.05000305175781,58.431339263916016,14.448529243469238
2018-06-22,242.64625549316406,166.44349670410156,53.43660354614258,36.62568664550781,94.35057067871094,84.19432830810547,120.33999633789062,58.890541076660156,14.735976219177246
2018-06-25,239.34312438964844,162.69349670410156,52.69574737548828,36.13368225097656,94.56190490722656,84.11306762695312,119.88999938964844,58.737457275390625,14.566890716552734
2018-06-26,239.873046875,163.3580322265625,52.79033660888672,35.99191665649414,94.69502258300781,84.39372253417969,119.26000213623047,58.92699432373047,14.710614204406738
2018-06-27,237.88584899902344,161.13650512695312,52.293792724609375,35.29976272583008,95.58737182617188,84.68173217773438,118.58000183105469,58.701045989990234,14.786703109741211
2018-06-28,239.2459716796875,162.5225830078125,52.49082946777344,35.5999641418457,95.61088562011719,84.57096099853516,118.22000122070312,59.225860595703125,14.778249740600586
2018-06-29,239.59048461914062,162.95928955078125,52.78245162963867,36.13368225097656,95.28209686279297,84.61529541015625,118.6500015258789,59.37165832519531,14.947338104248047
2018-07-02,240.10264587402344,164.05113220214844,52.301673889160156,35.77509307861328,95.20751953125,84.62641906738281,117.45999908447266,59.04363250732422,14.63452434539795
2018-07-03,239.25477600097656,162.15232849121094,52.45930480957031,35.800106048583984,95.71749877929688,84.93753814697266,118.6500015258789,59.48828125,14.617616653442383
2018-07-05,241.20657348632812,164.1649932861328,52.9794807434082,35.70838165283203,95.9920883178711,85.2042465209961,119.05000305175781,60.19535446166992,14.702159881591797
2018-07-06,243.24685668945312,166.7188262939453,53.26322555541992,36.20039367675781,96.30591583251953,85.32276916503906,118.86000061035156,60.516056060791016,14.769794464111328
2018-07-09,245.43710327148438,168.2187957763672,53.77552032470703,36.85084533691406,95.68609619140625,85.38198852539062,119.1500015258789,60.03498840332031,14.845885276794434
2018-07-10,246.32025146484375,168.34226989746094,53.751869201660156,36.767459869384766,95.67827606201172,85.28569793701172,118.93000030517578,60.158905029296875,14.812068939208984
2018-07-11,244.51856994628906,167.48782348632812,52.85337829589844,36.050289154052734,96.04701232910156,85.45610046386719,117.63999938964844,59.96208190917969,14.296348571777344
2018-07-12,246.73538208007812,170.37391662597656,53.26322555541992,36.542293548583984,96.0391845703125,85.64128112792969,118.12999725341797,60.144317626953125,14.37243938446045
2018-07-13,246.92970275878906,170.5162353515625,53.42872619628906,36.567317962646484,96.28238677978516,85.70796203613281,117.61000061035156,59.96208190917969,14.39780330657959
2018-07-16,246.7089080810547,170.10804748535156,53.40509033203125,36.3671760559082,95.88226318359375,85.56716918945312,117.55000305175781,59.641353607177734,14.09344482421875
2018-07-17,247.70693969726562,171.14288330078125,53.499664306640625,36.6340217590332,95.70182037353516,85.5079116821289,116.27999877929688,59.24773406982422,14.11035442352295
2018-07-18,248.22789001464844,170.82009887695312,53.507537841796875,36.592342376708984,95.3173828125,85.49311828613281,116.30999755859375,58.98531723022461,14.23716926574707
2018-07-19,247.2918243408203,169.96566772460938,53.39720153808594,36.14202117919922,95.9215087890625,85.62641906738281,115.80999755859375,59.67779541015625,14.220259666442871
2018-07-20,247.00924682617188,169.9276580810547,53.6494140625,36.65904235839844,94.7446517944336,85.37459564208984,116.55999755859375,59.101932525634766,14.321712493896484
2018-07-23,247.46847534179688,170.46881103515625,53.6494140625,36.41720962524414,93.57563781738281,85.03382110595703,116.0,58.978004455566406,14.37243938446045
2018-07-24,248.7137908935547,171.17129516601562,53.96467971801758,36.95092010498047,93.89727783203125,85.3005142211914,116.04000091552734,58.67915344238281,14.448529243469238
2018-07-25,250.833251953125,173.56378173828125,54.366634368896484,37.551334381103516,93.74821472167969,85.4116439819336,116.68000030517578,59.14566421508789,14.642976760864258
2018-07-26,250.2415771484375,170.9340362548828,54.12230682373047,37.1343879699707,93.56776428222656,85.49311828613281,115.7699966430664,59.34251022338867,14.642976760864258
2018-07-27,248.54592895507812,168.62704467773438,54.224761962890625,37.2678108215332,93.72467041015625,85.60419464111328,115.83000183105469,58.70832824707031,14.5837984085083
2018-07-30,247.24769592285156,166.24417114257812,54.216880798339844,37.209434509277344,93.40303039550781,85.48572540283203,115.6500015258789,58.7447624206543,14.668342590332031
2018-07-31,248.46641540527344,167.5162353515625,54.287818908691406,37.40957260131836,93.91297912597656,85.75235748291016,115.98999786376953,59.728824615478516,14.5837984085083
2018-08-01,248.05130004882812,168.15232849121094,54.01195526123047,37.07600402832031,93.14789581298828,85.44998931884766,115.13999938964844,60.1516227722168,14.37243938446045
2018-08-02,249.40264892578125,170.44032287597656,53.657291412353516,36.583988189697266,93.28158569335938,85.55394744873047,114.5199966430664,59.911075592041016,14.456982612609863
2018-08-03,250.47125244140625,170.96249389648438,53.68882751464844,36.86752700805664,93.74549865722656,85.82146453857422,114.91999816894531,60.559818267822266,14.507709503173828
2018-08-06,251.3897705078125,171.96881103515625,53.46025848388672,36.583988189697266,93.80058288574219,85.9032211303711,114.33000183105469,60.4796257019043,14.533072471618652
2018-08-07,252.21995544433594,172.59542846679688,53.87798309326172,36.959259033203125,93.31304168701172,85.63573455810547,114.58999633789062,60.37028503417969,14.642976760864258
2018-08-08,252.11399841308594,172.80430603027344,53.83069610595703,36.90922927856445,93.40737915039062,85.50199127197266,114.91000366210938,60.02040100097656,14.465435981750488
2018-08-09,251.76953125,172.69981384277344,53.67306137084961,36.800811767578125,94.19371795654297,85.56884765625,114.73999786376953,60.04954528808594,14.406255722045898
2018-08-10,250.0826873779297,171.38023376464844,52.601165771484375,36.016929626464844,94.8778305053711,85.71006774902344,114.69000244140625,59.59032440185547,14.406255722045898
2018-08-13,249.1465301513672,171.1903533935547,52.41201400756836,35.42485427856445,94.68122100830078,85.6877212524414,112.95999908447266,59.47370147705078,14.330168724060059
2018-08-14,250.73626708984375,172.2631072998047,52.40413284301758,35.64167022705078,94.46891021728516,85.79917907714844,113.06999969482422,59.76526641845703,14.355528831481934
2018-08-15,248.8638458251953,170.15553283691406,51.64750671386719,34.615943908691406,95.01934051513672,85.97746276855469,111.19000244140625,60.2244987487793,14.042719841003418
2018-08-16,250.8774871826172,170.71568298339844,52.01005935668945,34.832763671875,95.01152038574219,86.08895874023438,111.0999984741211,60.71286392211914,14.15262508392334
2018-08-17,251.7606658935547,170.7536163330078,52.31742858886719,35.19968795776367,95.12944030761719,86.16325378417969,112.12999725341797,61.274166107177734,14.21180534362793
2018-08-20,252.2994384765625,170.6017303466797,52.601165771484375,35.35813522338867,95.76630401611328,86.3861312866211,112.69000244140625,61.31790542602539,14.23716926574707
2018-08-21,252.89120483398438,171.228271484375,52.92431640625,35.80845260620117,95.44398498535156,86.17069244384766,113.0199966430664,60.946144104003906,14.262532234191895
2018-08-22,252.74107360839844,171.89288330078125,53.12923812866211,36.09197998046875,95.82140350341797,86.16325378417969,113.2699966430664,60.60356140136719,14.465435981750488
2018-08-23,252.40542602539062,171.6460723876953,52.75092697143555,35.50823974609375,95.97079467773438,86.19295501708984,112.19999694824219,60.450469970703125,14.440073013305664
2018-08-24,253.9245147705078,173.24095153808594,53.05830001831055,36.167030334472656,96.15951538085938,86.36388397216797,114.16000366210938,60.80764389038086,14.549979209899902
2018-08-27,255.92938232421875,175.00682067871094,53.767642974853516,36.68407440185547,95.60907745361328,86.2301254272461,114.58999633789062,60.58897018432617,14.6007080078125
2018-08-28,256.0528869628906,175.26312255859375,53.72034454345703,36.550636291503906,95.03504180908203,85.9032211303711,113.68000030517578,61.405357360839844,14.54152774810791
2018-08-29,257.4308166503906,177.28529357910156,54.01195526123047,36.77579116821289,95.16089630126953,85.81405639648438,114.19999694824219,61.41996765136719,14.702159881591797
2018-08-30,256.3886413574219,176.9720458984375,53.499664306640625,35.81679153442383,95.36536407470703,85.895751953125,113.63999938964844,61.026309967041016,14.676797866821289
2018-08-31,256.3974304199219,177.19984436035156,53.074058532714844,36.00025177001953,95.1451644897461,85.76948547363281,113.51000213623047,61.266883850097656,14.693704605102539
2018-09-04,255.955810546875,176.4403533935547,52.624813079833984,35.29976272583008,94.59505462646484,85.61148834228516,112.93000030517578,60.537940979003906,14.609162330627441
2018-09-05,255.2669219970703,174.161865234375,52.14404296875,34.79106521606445,94.3428726196289,85.55933380126953,113.31999969482422,60.887821197509766,14.549979209899902
2018-09-06,254.49864196777344,172.60488891601562,51.986412048339844,34.824432373046875,94.68964385986328,85.79779815673828,113.54000091552734,61.06277847290039,14.465435981750488
2018-09-07,254.00401306152344,171.9403076171875,51.56869125366211,34.6493034362793,93.88578796386719,85.44010925292969,113.2300033569336,60.39942169189453,14.499253273010254
2018-09-10,254.44561767578125,172.5194854736328,51.88395309448242,34.30739212036133,94.23255157470703,85.72323608398438,113.1500015258789,60.66916275024414,14.549979209899902
2018-09-11,255.28457641601562,173.84860229492188,51.93124008178711,34.3824462890625,93.51535034179688,85.52947235107422,113.22000122070312,60.66183853149414,14.693704605102539
2018-09-12,255.346435546875,173.33590698242188,52.15192794799805,34.557579040527344,93.7360610961914,85.70089721679688,114.16999816894531,60.691017150878906,14.795160293579102
2018-09-13,256.8567199707031,175.18724060058594,52.53812789916992,35.02457046508789,93.8779067993164,85.87975311279297,113.76000213623047,60.9898796081543,14.63452434539795
2018-09-14,256.9008483886719,174.674560546875,52.6169319152832,34.9912109375,93.42867279052734,85.77542114257812,113.0199966430664,60.60356140136719,14.54152774810791
2018-09-17,255.5407257080078,172.15869140625,52.664222717285156,34.674320220947266,93.42867279052734,85.72323608398438,113.61000061035156,60.800357818603516,14.524617195129395
2018-09-18,256.9273376464844,173.58274841308594,53.21592712402344,35.00788879394531,92.45145416259766,85.37298583984375,113.44000244140625,60.50878143310547,14.65988826751709
2018-09-19,257.201171875,173.44979858398438,53.40509033203125,35.49155807495117,91.89976501464844,85.24630737304688,113.87999725341797,59.80171203613281,14.752886772155762
2018-09-20,259.28546142578125,175.36756896972656,54.067134857177734,35.88350296020508,92.32537078857422,85.46987915039062,114.2699966430664,60.36300277709961,14.752886772155762
2018-09-21,259.0486145019531,174.40869140625,54.09077835083008,36.050289154052734,92.28593444824219,85.48479461669922,113.48999786376953,60.34113693237305,14.786703109741211
2018-09-24,258.1880798339844,174.8937530517578,53.846439361572266,35.64167022705078,92.04952239990234,85.2910385131836,113.47000122070312,59.257537841796875,15.00651741027832
2018-09-25,257.9483642578125,175.13148498535156,54.11442565917969,35.78343200683594,91.9549560546875,85.2910385131836,113.6500015258789,59.26491165161133,15.040336608886719
2018-09-26,257.176513671875,175.25514221191406,54.138065338134766,35.85848617553711,92.6012191772461,85.59661865234375,113.05000305175781,58.555328369140625,14.972698211669922
2018-09-27,257.8951110839844,176.73887634277344,54.02772521972656,36.033607482910156,92.66423797607422,85.70838928222656,112.05000305175781,58.83621597290039,15.040336608886719
2018-09-28,257.9217834472656,176.70079040527344,53.58636474609375,35.79178237915039,92.41993713378906,85.64875030517578,112.76000213623047,59.6345100402832,15.19251537322998
2018-10-01,258.81793212890625,177.06219482421875,53.6494140625,35.800106048583984,91.7414779663086,85.53060150146484,112.56999969482422,59.08013916015625,15.479959487915039
2018-10-02,258.66705322265625,176.66273498535156,53.373565673828125,35.349788665771484,92.30228424072266,85.60541534423828,113.87000274658203,58.94709777832031,15.53068733215332
2018-10-03,258.80908203125,176.85296630859375,53.27898025512695,35.05792236328125,90.69884490966797,85.10453796386719,113.41999816894531,58.318817138671875,15.674413681030273
2018-10-04,256.7862243652344,173.45767211914062,52.65634536743164,34.18230438232422,90.05903625488281,84.7531967163086,113.4800033569336,57.83097839355469,15.505326271057129
2018-10-05,255.3489227294922,171.33670043945312,52.34108352661133,34.05721664428711,89.28498077392578,84.4243392944336,113.80000305175781,57.8014030456543,15.47150707244873
2018-10-08,255.3489227294922,170.29051208496094,52.088871002197266,34.10725784301758,88.98487091064453,84.33460235595703,112.54000091552734,58.636653900146484,15.42923641204834
2018-10-09,254.9763641357422,170.8421630859375,51.954891204833984,33.982173919677734,89.8852767944336,84.57382202148438,112.5999984741211,58.71797180175781,15.539142608642578
2018-10-10,246.90298461914062,163.32864379882812,50.85147476196289,32.97312927246094,89.64042663574219,84.34207153320312,112.87999725341797,57.845767974853516,15.234786987304688
2018-10-11,241.46466064453125,161.3028564453125,50.142147064208984,32.63956069946289,90.7304458618164,84.69342041015625,115.77999877929688,56.19005584716797,15.00651741027832
2018-10-12,244.81814575195312,165.7919158935547,50.32341384887695,33.59856414794922,90.41449737548828,84.70835876464844,115.2300033569336,56.042240142822266,15.124879837036133
2018-10-15,243.44302368164062,163.78512573242188,50.205196380615234,33.23997497558594,90.3750228881836,84.5513916015625,116.0,56.41919708251953,15.158696174621582
2018-10-16,248.76608276367188,168.55003356933594,51.06428146362305,34.07389831542969,90.58033752441406,84.7681884765625,115.80000305175781,57.579654693603516,15.226333618164062
2018-10-17,248.8105010986328,168.6166229248047,50.77265930175781,33.656944274902344,90.04328155517578,84.34954833984375,115.79000091552734,57.35791778564453,15.091063499450684
2018-10-18,245.21743774414062,164.70765686035156,49.95299530029297,32.77299118041992,90.01167297363281,84.34954833984375,115.91999816894531,57.24705505371094,14.921972274780273
2018-10-19,245.0843048095703,164.5555419921875,50.23670959472656,33.08153533935547,89.81421661376953,84.24491119384766,116.01000213623047,57.74228286743164,15.00651741027832
2018-10-22,243.98416137695312,165.40199279785156,50.01604461669922,33.440120697021484,89.69569396972656,84.14026641845703,115.70999908447266,56.93659973144531,15.023426055908203
2018-10-23,242.74215698242188,164.79330444335938,49.54314422607422,33.07319641113281,89.98006439208984,84.25985717773438,116.38999938964844,57.187904357910156,14.693704605102539
2018-10-24,235.38739013671875,157.25123596191406,48.14023971557617,32.00578689575195,90.65935516357422,84.37945556640625,116.66000366210938,57.72747802734375,14.59225082397461
2018-10-25,239.61036682128906,162.69142150878906,48.74711227416992,32.62287902832031,90.28023529052734,84.27481079101562,116.4000015258789,58.46665573120117,14.651432037353516
2018-10-26,235.39625549316406,158.50668334960938,48.41609573364258,32.247623443603516,90.82516479492188,84.41685485839844,116.7699966430664,57.06227493286133,14.761341094970703
2018-10-29,234.09210205078125,155.2445068359375,48.282100677490234,31.688884735107422,90.619873046875,84.31966400146484,116.30999755859375,57.78662872314453,14.609162330627441
2018-10-30,237.5609893798828,157.8029022216797,48.86533737182617,32.30599594116211,90.16967010498047,84.13275909423828,115.80000305175781,58.5775146484375,14.533072471618652
2018-10-31,240.0982666015625,161.51210021972656,49.227882385253906,32.6562385559082,89.71154022216797,83.89358520507812,115.1500015258789,57.890106201171875,14.33862018585205
2018-11-01,242.65341186523438,163.6425018310547,49.8583984375,33.82373046875,89.79464721679688,84.14783477783203,116.62999725341797,58.16360855102539,14.23716926574707
2018-11-02,241.2161407470703,161.09356689453125,49.929344177246094,34.0405387878418,88.67828369140625,83.8103256225586,116.6500015258789,57.68314743041992,14.203351020812988
2018-11-05,242.54693603515625,160.6941680908203,49.929344177246094,34.132266998291016,89.02665710449219,83.96028137207031,116.37000274658203,58.540550231933594,14.194897651672363
2018-11-06,244.08177185058594,161.91152954101562,50.13426971435547,34.07389831542969,88.97122955322266,84.10279846191406,116.04000091552734,58.83621597290039,14.135716438293457
2018-11-07,249.30731201171875,166.99034118652344,50.80418395996094,34.71601867675781,89.08999633789062,84.3203125,116.02999877929688,59.538387298583984,14.101899147033691
2018-11-08,248.85488891601562,165.92506408691406,50.30765914916992,33.81538391113281,89.08204650878906,84.07284545898438,115.77999877929688,59.582767486572266,14.017355918884277
2018-11-09,246.42393493652344,163.12893676757812,49.976627349853516,33.18994140625,89.74718475341797,84.1328125,114.4800033569336,59.57535934448242,13.865177154541016
2018-11-12,241.81948852539062,158.1928253173828,49.156951904296875,32.722957611083984,90.33309173583984,84.12529754638672,113.66000366210938,59.69363784790039,13.83135986328125
2018-11-13,241.36703491210938,158.32598876953125,49.3697509765625,33.09820556640625,90.27762603759766,84.0128173828125,113.69999694824219,59.6345100402832,13.450912475585938
2018-11-14,239.71682739257812,157.1181182861328,49.409156799316406,33.29835510253906,90.33309173583984,83.78782653808594,114.63999938964844,59.4866828918457,13.569272994995117
2018-11-15,242.21868896484375,159.86669921875,49.566795349121094,34.0405387878418,90.29350280761719,83.63032531738281,114.7699966430664,59.08013916015625,13.543910026550293
2018-11-16,242.84861755371094,159.30555725097656,49.62195587158203,34.10725784301758,90.8160400390625,83.79533386230469,115.62000274658203,59.71580123901367,13.62845516204834
2018-11-19,238.7410125732422,154.13169860839844,49.188480377197266,33.64859390258789,91.06942749023438,83.71281433105469,115.66999816894531,59.7971076965332,13.62845516204834
2018-11-20,234.32272338867188,151.37359619140625,48.3372802734375,32.923095703125,91.10105895996094,83.51033782958984,115.66999816894531,59.183631896972656,13.214189529418945
2018-11-21,235.1211700439453,152.5244598388672,49.01508331298828,33.5318489074707,91.06942749023438,83.69034576416016,115.86000061035156,59.23536682128906,13.3240966796875
2018-11-23,233.55091857910156,151.42112731933594,48.69194412231445,33.13991928100586,91.1644058227539,83.72785186767578,115.7699966430664,59.11711883544922,12.935194969177246
2018-11-26,237.32147216796875,154.9210968017578,49.42491912841797,33.548526763916016,90.95854949951172,83.76531982421875,115.63999938964844,59.22797393798828,12.994375228881836
2018-11-27,238.1199188232422,155.44419860839844,49.23577117919922,33.78202819824219,91.06149291992188,83.66033172607422,114.94999694824219,59.47929382324219,12.943650245666504
2018-11-28,243.6027374267578,160.4468536376953,49.93722915649414,34.59092712402344,90.6180648803711,83.88530731201172,115.37999725341797,60.011474609375,12.901378631591797
2018-11-29,243.07044982910156,159.92379760742188,49.68501281738281,34.29072189331055,90.9743881225586,83.64532470703125,115.73999786376953,60.0262451171875,12.985920906066895
2018-11-30,244.55198669433594,161.08407592773438,49.472225189208984,34.25735855102539,91.31485748291016,83.59284973144531,115.54000091552734,60.595401763916016,12.926741600036621
2018-12-03,247.790283203125,163.8992462158203,50.126373291015625,34.94951629638672,91.9632339477539,83.90355682373047,116.41000366210938,60.92062759399414,13.222644805908203
2018-12-04,239.76121520996094,157.61265563964844,48.825927734375,34.20732879638672,93.50286865234375,83.91861724853516,117.12000274658203,60.01885223388672,13.231098175048828
2018-12-06,239.3974151611328,158.72544860839844,48.36880111694336,33.890438079833984,93.79649353027344,84.17443084716797,117.13999938964844,61.504547119140625,13.12119197845459
2018-12-07,233.83482360839844,153.48497009277344,47.88014602661133,33.25665283203125,93.97107696533203,84.18195343017578,118.08999633789062,60.69888687133789,13.273370742797852
2018-12-10,234.27842712402344,155.09231567382812,47.50971603393555,32.906410217285156,94.35990142822266,84.43775939941406,117.68000030517578,60.30712890625,13.062010765075684
2018-12-11,234.33163452148438,155.6058807373047,47.65946960449219,33.156585693359375,94.34408569335938,84.58819580078125,117.54000091552734,60.33669662475586,13.138100624084473
2018-12-12,235.5115509033203,156.97544860839844,48.36091995239258,33.698638916015625,93.9234619140625,84.67848205566406,117.79000091552734,59.40536117553711,13.095829010009766
2018-12-13,235.4317626953125,157.0229949951172,48.27422332763672,33.69029235839844,93.70121765136719,84.9041976928711,117.52999877929688,59.748680114746094,13.264914512634277
2018-12-14,231.0845184326172,153.1996612548828,47.651580810546875,33.2149543762207,94.02662658691406,84.81389617919922,117.05999755859375,59.576656341552734,13.062010765075684
2018-12-17,226.55104064941406,149.72824096679688,47.27326965332031,32.906410217285156,94.57421875,84.9041976928711,117.87000274658203,57.33271408081055,12.909832000732422
2018-12-18,226.30264282226562,150.66978454589844,47.3115119934082,33.129878997802734,95.14054870605469,85.20759582519531,118.1500015258789,57.92361831665039,12.639291763305664
2018-12-19,222.91358947753906,146.9700469970703,46.85744094848633,32.57968521118164,96.3974609375,85.13972473144531,117.43000030517578,57.287837982177734,12.690018653869629
2018-12-20,219.28500366210938,144.83970642089844,46.66624069213867,32.833621978759766,96.0474853515625,84.86043548583984,119.23999786376953,56.427650451660156,12.571657180786133
2018-12-21,214.7919921875,140.3505859375,45.85367965698242,32.60508346557617,96.03154754638672,84.77739715576172,118.72000122070312,55.64228057861328,12.461750030517578
2018-12-24,209.11651611328125,136.87014770507812,45.3199577331543,32.300357818603516,96.50884246826172,84.5811767578125,120.0199966430664,53.660125732421875,12.323867797851562
2018-12-26,219.68214416503906,145.4161834716797,46.371498107910156,32.94364929199219,95.47469329833984,84.51327514648438,119.66000366210938,55.45527648925781,12.597921371459961
2018-12-27,221.36871337890625,145.9789581298828,46.50691604614258,32.90133285522461,95.4906234741211,84.51327514648438,120.56999969482422,55.44780349731445,12.478021621704102
2018-12-28,221.08314514160156,145.9026641845703,46.75387191772461,33.21451950073242,96.29405212402344,84.91324615478516,121.05999755859375,55.6273078918457,12.375251770019531
2018-12-31,223.01953125,147.13304138183594,46.82556915283203,33.062156677246094,96.65998077392578,85.1471939086914,121.25,55.776912689208984,12.409507751464844
2019-01-02,223.2515411376953,147.72442626953125,46.729976654052734,33.14680480957031,97.16905212402344,85.411376953125,121.33000183105469,54.5651741027832,12.443764686584473
2019-01-03,217.92417907714844,142.8981475830078,46.30776596069336,32.545833587646484,98.27482604980469,85.44908905029297,122.43000030517578,54.946659088134766,12.54653549194336
2019-01-04,225.2237091064453,149.0120391845703,47.72575378417969,33.59541702270508,97.13727569580078,85.39628601074219,121.44000244140625,55.58991241455078,12.71782112121582
2019-01-07,226.99951171875,150.78610229492188,47.90897750854492,33.67160415649414,96.85087585449219,85.40382385253906,121.86000061035156,56.13594436645508,12.812026023864746
2019-01-08,229.13223266601562,152.15003967285156,48.219661712646484,33.7985725402832,96.59634399414062,85.59252166748047,121.52999877929688,57.29529571533203,12.940488815307617
2019-01-09,230.20309448242188,153.3899688720703,48.76136779785156,34.3995475769043,96.44522857666016,85.91705322265625,122.30999755859375,57.21303939819336,13.19741439819336
2019-01-10,231.01516723632812,153.8286895751953,48.95255661010742,34.64501190185547,95.82472229003906,85.69061279296875,121.58999633789062,57.99095153808594,13.16315746307373
2019-01-11,231.10440063476562,153.26597595214844,48.61797332763672,34.47572708129883,96.19859313964844,85.84911346435547,121.80000305175781,58.15548324584961,13.12033748626709
2019-01-14,229.69444274902344,151.9115753173828,48.394920349121094,34.18792724609375,95.84062194824219,85.62272644042969,122.08999633789062,57.96101379394531,13.009001731872559
2019-01-15,232.32693481445312,154.87791442871094,48.64983367919922,34.4249382019043,95.4906234741211,85.6755142211914,121.87999725341797,58.51450729370117,13.111773490905762
2019-01-16,232.88912963867188,154.8492889404297,48.7852668762207,34.84815979003906,95.5860824584961,85.84160614013672,122.2699966430664,58.92591857910156,13.180286407470703
2019-01-17,234.656005859375,156.07012939453125,48.96051788330078,35.00052261352539,95.60993957519531,86.01515197753906,122.11000061035156,59.21012878417969,13.188850402832031
2019-01-18,237.77919006347656,157.61526489257812,49.454429626464844,35.1698112487793,95.10881042480469,86.16609954833984,121.0199966430664,59.412105560302734,13.32587718963623
2019-01-22,234.56675720214844,154.45823669433594,48.689666748046875,34.56037139892578,95.75310516357422,86.30947875976562,121.44999694824219,59.23258972167969,13.231672286987305
2019-01-23,235.05755615234375,154.6585235595703,48.91272735595703,34.91587448120117,95.7133560180664,86.52832794189453,121.27999877929688,59.24005126953125,13.214543342590332
2019-01-24,235.18246459960938,155.6599884033203,48.96849060058594,35.254459381103516,96.34178161621094,86.75474548339844,121.08999633789062,59.4420280456543,13.248799324035645
2019-01-25,237.17254638671875,157.5198974609375,49.526123046875,35.720001220703125,95.88041687011719,86.83029174804688,122.86000061035156,60.18250274658203,13.317312240600586
2019-01-28,235.369873046875,155.5741729736328,49.255279541015625,35.347564697265625,95.7849349975586,86.81510925292969,123.29000091552734,60.77341842651367,13.13746452331543
2019-01-29,235.05755615234375,154.10531616210938,49.36679458618164,35.40681457519531,96.27019500732422,87.00382995605469,123.9800033569336,61.25212478637695,13.2659273147583
2019-01-30,238.7786865234375,158.02542114257812,49.908504486083984,36.17707824707031,96.19859313964844,87.40382385253906,124.69000244140625,61.74580383300781,13.36013412475586
2019-01-31,240.87576293945312,160.39088439941406,49.932403564453125,36.481807708740234,97.02593231201172,88.0151596069336,124.75,62.38905715942383,13.291621208190918
2019-02-01,240.99172973632812,159.71365356445312,49.91646957397461,36.19400405883789,96.4399185180664,87.8054428100586,124.5,61.992645263671875,13.411519050598145
2019-02-04,242.68728637695312,161.69757080078125,50.099693298339844,36.253265380859375,96.00934600830078,87.68433380126953,123.95999908447266,62.45637512207031,13.420083045959473
2019-02-05,243.70455932617188,163.1282958984375,50.49004364013672,36.75265884399414,96.4478759765625,88.0401382446289,124.27999877929688,62.81541442871094,13.36013412475586
2019-02-06,243.38336181640625,162.64187622070312,50.23512268066406,36.253265380859375,96.49573516845703,87.87358093261719,123.44000244140625,62.404029846191406,13.3772611618042
2019-02-07,241.06312561035156,160.4576416015625,49.56595993041992,35.88928985595703,97.133544921875,87.85848236083984,123.73999786376953,62.920127868652344,13.248799324035645
2019-02-08,241.357666015625,160.77236938476562,49.40663146972656,35.68614196777344,97.54814147949219,88.07798767089844,124.20999908447266,62.920127868652344,13.2659273147583
2019-02-11,241.49148559570312,160.61973571777344,49.35883712768555,35.5676383972168,97.16539001464844,87.88113403320312,123.5999984741211,63.092159271240234,13.188850402832031
2019-02-12,244.596923828125,162.99473571777344,49.932403564453125,35.8638916015625,96.91822814941406,88.00226593017578,123.86000061035156,62.695735931396484,13.2659273147583
2019-02-13,245.39111328125,163.10919189453125,49.940364837646484,35.60995864868164,96.55152893066406,87.77521514892578,123.37000274658203,63.01736068725586,13.34300422668457
2019-02-14,244.8467254638672,163.30950927734375,49.956302642822266,35.677677154541016,97.10160827636719,87.87358093261719,124.05999755859375,63.21931076049805,13.3772611618042
2019-02-15,247.51492309570312,163.9962158203125,50.68123245239258,35.626888275146484,97.25313568115234,87.97953033447266,124.80000305175781,63.64566421508789,13.62562370300293
2019-02-19,247.94329833984375,164.3205108642578,50.87242126464844,35.906219482421875,97.50032806396484,88.03253936767578,126.69999694824219,63.63071060180664,13.659880638122559
2019-02-20,248.44305419921875,164.2918701171875,51.01581954956055,36.10936737060547,97.22124481201172,87.95687103271484,126.4800033569336,63.23427200317383,13.7027006149292
2019-02-21,247.5596160888672,163.6910400390625,50.912254333496094,36.03318786621094,96.3521728515625,87.70706176757812,125.05000305175781,63.29410934448242,13.74552059173584
2019-02-22,249.09445190429688,164.90232849121094,51.07954788208008,36.43102264404297,96.92623138427734,88.1006851196289,125.5,63.66810989379883,13.779778480529785
2019-02-25,249.4335479736328,165.50318908691406,51.23091125488281,36.83730697631836,96.63922119140625,88.07040405273438,125.37000274658203,63.16695022583008,13.574237823486328
2019-02-26,249.25511169433594,165.6749267578125,51.47785949707031,36.71034240722656,97.11760711669922,88.20668029785156,125.58000183105469,62.97248077392578,13.634186744689941
2019-02-27,249.14796447753906,165.57000732421875,51.27073287963867,36.397151947021484,96.0173568725586,87.95687103271484,124.69000244140625,62.6583366394043,13.7027006149292
2019-02-28,248.68399047851562,165.18844604492188,51.199031829833984,35.92314529418945,95.69044494628906,87.83576202392578,123.98999786376953,62.82289123535156,13.66844367980957
2019-03-01,250.2366943359375,166.33302307128906,51.47785949707031,35.96547317504883,94.80597686767578,87.68232727050781,121.87999725341797,62.62842559814453,13.514287948608398
2019-03-04,249.32643127441406,166.3616485595703,51.28666305541992,36.016258239746094,95.54904174804688,87.8797836303711,121.55999755859375,62.91264343261719,13.557109832763672
2019-03-05,248.9874267578125,166.48565673828125,51.33446502685547,36.371761322021484,95.74876403808594,87.9101791381836,121.72000122070312,63.08467483520508,13.62562370300293
2019-03-06,247.47926330566406,165.54141235351562,51.20700454711914,36.16861343383789,96.10031127929688,87.99370574951172,121.61000061035156,62.79298782348633,13.548545837402344
2019-03-07,245.40890502929688,163.509765625,50.55377197265625,35.499916076660156,96.72351837158203,88.28225708007812,121.51000213623047,62.6583366394043,13.514287948608398
2019-03-08,244.918212890625,163.26181030273438,50.56174087524414,35.24598693847656,97.13098907470703,88.39613342285156,122.83999633789062,62.72566604614258,13.505724906921387
2019-03-11,248.46981811523438,166.65731811523438,50.999874114990234,35.906219482421875,96.84337615966797,88.49485778808594,122.23999786376953,63.64566421508789,13.522852897644043
2019-03-12,249.40675354003906,167.57293701171875,50.968013763427734,36.092437744140625,97.52249908447266,88.73783111572266,122.9800033569336,63.93738555908203,13.608494758605957
2019-03-13,251.0576171875,168.8319549560547,51.406158447265625,36.1347541809082,97.33872985839844,88.59356689453125,123.83999633789062,64.25154113769531,13.694136619567871
2019-03-14,250.8970184326172,168.54583740234375,51.398189544677734,35.94007110595703,96.63560485839844,88.41890716552734,122.41000366210938,64.34877014160156,13.634186744689941
2019-03-15,252.1365966796875,170.11009216308594,51.95582962036133,36.464874267578125,97.27479553222656,88.73783111572266,122.97000122070312,64.14681243896484,13.634186744689941
2019-03-18,253.05081176757812,170.5152130126953,52.1390495300293,36.87116241455078,97.21890258789062,88.69229125976562,123.04000091552734,63.82517623901367,13.7027006149292
2019-03-19,253.11351013183594,171.08856201171875,52.242610931396484,36.88809585571289,97.00318145751953,88.70748901367188,123.37999725341797,63.63071060180664,13.736958503723145
2019-03-20,252.35165405273438,171.76695251464844,52.26651382446289,36.94734191894531,98.01786041259766,89.30734252929688,124.18000030517578,63.82517623901367,13.839728355407715
2019-03-21,255.2019805908203,174.4520263671875,52.234649658203125,36.998130798339844,98.23356628417969,89.47439575195312,123.68000030517578,64.96208953857422,13.771215438842773
2019-03-22,250.29017639160156,170.620361328125,51.23091125488281,35.9146842956543,99.7596206665039,90.0211410522461,123.97000122070312,64.4908676147461,13.65131664276123
2019-03-25,250.10203552246094,170.29544067382812,51.3026008605957,35.999332427978516,99.91939544677734,90.20337677001953,124.91999816894531,64.57316589355469,13.7027006149292
2019-03-26,251.9662628173828,171.08856201171875,51.55751419067383,36.10936737060547,99.84751892089844,90.24136352539062,124.30000305175781,65.08926391601562,13.728394508361816
2019-03-27,250.6487274169922,169.98968505859375,51.581417083740234,35.720001220703125,100.76631927490234,90.36287689208984,123.6500015258789,64.90226745605469,13.65131664276123
2019-03-28,251.59869384765625,170.3813934326172,51.453948974609375,35.957008361816406,101.11785888671875,90.47677612304688,121.9000015258789,65.53204345703125,13.608494758605957
2019-03-29,253.18528747558594,171.6714630126953,51.669044494628906,36.329444885253906,101.02201080322266,90.40841674804688,122.01000213623047,65.4718017578125,13.617058753967285
2019-04-01,256.18780517578125,173.94561767578125,52.33024978637695,36.930423736572266,99.58708953857422,90.07177734375,121.52999877929688,65.43412780761719,13.74552059173584
2019-04-02,256.31329345703125,174.60491943359375,52.34617614746094,36.81191635131836,99.77130126953125,90.19364166259766,121.9800033569336,65.8936538696289,13.779778480529785
2019-04-03,256.7167053222656,175.6082305908203,52.75244903564453,37.06584167480469,98.90644836425781,90.00322723388672,121.80000305175781,65.81831359863281,13.796907424926758
2019-04-04,257.39776611328125,175.54132080078125,52.64093017578125,37.29438400268555,99.18670654296875,90.14795684814453,122.11000061035156,65.71286010742188,13.805472373962402
2019-04-05,258.64373779296875,176.4490509033203,52.77634811401367,37.58218765258789,99.31482696533203,90.2926254272461,121.9800033569336,66.17237854003906,13.848292350769043
2019-04-08,258.8408508300781,176.89816284179688,52.808223724365234,37.58218765258789,98.96246337890625,90.16316986083984,122.51000213623047,65.8032455444336,13.899677276611328
2019-04-09,257.5143737792969,176.27708435058594,52.473628997802734,37.50600814819336,99.27478790283203,90.35360717773438,123.1500015258789,65.45671844482422,13.873985290527344
2019-04-10,258.3927307128906,177.2230682373047,52.67279815673828,37.683753967285156,99.51504516601562,90.79534149169922,123.52999877929688,66.05935668945312,13.99388313293457
2019-04-11,258.3210754394531,176.8026580810547,52.56126403808594,37.277462005615234,98.93048858642578,90.70393371582031,121.94999694824219,66.01417541503906,13.925370216369629
2019-04-12,260.0687255859375,177.56710815429688,52.92771530151367,37.548316955566406,98.22582244873047,90.65064239501953,121.83000183105469,66.33058166503906,13.968191146850586
2019-04-15,259.8984375,177.59571838378906,52.95161056518555,37.3536376953125,98.47406005859375,90.50589752197266,121.5999984741211,65.99158477783203,13.942499160766602
2019-04-16,260.0687255859375,178.20729064941406,52.99143600463867,37.632972717285156,97.85750579833984,90.25454711914062,120.51000213623047,64.50001525878906,13.89111328125
2019-04-17,259.4324951171875,178.82838439941406,53.14280319213867,37.743003845214844,97.89757537841797,90.23933410644531,120.27999877929688,63.91240310668945,13.839728355407715
2019-04-18,259.94329833984375,179.05770874023438,53.11093521118164,37.71760940551758,98.41000366210938,90.31549835205078,120.37000274658203,64.40205383300781,13.882548332214355
2019-04-22,260.1672668457031,179.56414794921875,53.02330017089844,37.472137451171875,97.93755340576172,90.17080688476562,120.37000274658203,63.693931579589844,13.951064109802246
2019-04-23,262.5067138671875,181.84786987304688,53.12687301635742,37.55678939819336,98.14579010009766,90.54396057128906,120.12000274658203,64.53765106201172,13.968191146850586
2019-04-24,261.9241027832031,181.2745819091797,52.76042556762695,37.048919677734375,98.94652557373047,90.84862518310547,120.47000122070312,65.01225280761719,13.9168062210083
2019-04-25,261.7626953125,182.0103302001953,52.720584869384766,36.998130798339844,98.80236053466797,90.80292510986328,120.56999969482422,64.87666320800781,13.89111328125
2019-04-26,262.9817810058594,182.17274475097656,52.93568420410156,37.142032623291016,99.13867950439453,91.12283325195312,121.37000274658203,65.388916015625,13.728394508361816
2019-04-29,263.3940124511719,182.52627563476562,53.1507682800293,37.21820831298828,98.50607299804688,90.7648696899414,120.83000183105469,64.74860382080078,13.736958503723145
2019-04-30,263.52850341796875,181.1121063232422,53.1826286315918,37.18435287475586,99.01055145263672,90.80292510986328,121.19999694824219,65.3663101196289,13.779778480529785
2019-05-01,261.5477294921875,180.52919006347656,52.879913330078125,36.905029296875,99.41893768310547,90.77393341064453,120.4000015258789,65.41905212402344,13.736958503723145
2019-05-02,260.9830017089844,179.74569702148438,52.800254821777344,36.98966598510742,98.94556427001953,90.44544219970703,119.94000244140625,65.48685455322266,13.582802772521973
2019-05-03,263.5373840332031,182.6123046875,53.3658561706543,37.42981719970703,99.22644805908203,90.85029602050781,120.6500015258789,66.04431915283203,13.591367721557617
2019-05-06,262.45294189453125,181.49432373046875,52.76042556762695,36.6595573425293,99.4992446899414,90.97254943847656,120.80999755859375,65.8333969116211,13.634186744689941
2019-05-07,258.0700378417969,177.9588165283203,51.83633804321289,35.94007110595703,100.26153564453125,90.96488189697266,121.20999908447266,64.64312744140625,13.46290397644043
2019-05-08,257.7114562988281,177.509765625,51.90007019042969,35.88928985595703,99.82820892333984,90.65935516357422,120.91000366210938,64.57533264160156,13.480031967163086
2019-05-09,256.9317932128906,176.55418395996094,51.661075592041016,35.322166442871094,100.2374267578125,90.74335479736328,121.19999694824219,64.74107360839844,13.411519050598145
2019-05-10,258.222412109375,176.7739715576172,52.043460845947266,35.53378677368164,100.10104370117188,90.7968521118164,121.43000030517578,65.43412780761719,13.437210083007812
2019-05-13,251.73321533203125,170.63946533203125,50.83259201049805,34.348758697509766,100.88742065429688,90.85029602050781,122.66999816894531,65.3663101196289,13.368697166442871
2019-05-14,254.00987243652344,172.51231384277344,51.342430114746094,34.83123016357422,100.5904769897461,90.98014068603516,122.45999908447266,65.6073989868164,13.548545837402344
2019-05-15,255.4976806640625,174.9488983154297,51.52565383911133,34.898948669433594,101.20836639404297,91.23226165771484,122.38999938964844,66.05184936523438,13.66844367980957
2019-05-16,257.86395263671875,176.70704650878906,51.93989944458008,34.72965621948242,100.87137603759766,91.087158203125,121.51000213623047,66.31552124023438,13.74552059173584
2019-05-17,256.19683837890625,174.90118408203125,51.597347259521484,34.103294372558594,101.09602355957031,91.09474182128906,120.6500015258789,66.18746185302734,13.617058753967285
2019-05-20,254.5028076171875,171.948486328125,51.39023208618164,33.95938491821289,100.88742065429688,90.88086700439453,120.63999938964844,65.23072814941406,13.677007675170898
2019-05-21,256.79730224609375,173.74496459960938,51.7327766418457,34.391082763671875,100.7269058227539,90.957275390625,120.36000061035156,65.78820037841797,13.685572624206543
2019-05-22,256.0086364746094,172.970947265625,51.52565383911133,34.22179412841797,101.30464935302734,91.07185363769531,120.23999786376953,65.98404693603516,13.488595962524414
2019-05-23,252.8805694580078,170.32406616210938,51.055641174316406,33.781639099121094,102.444091796875,91.27044677734375,121.16999816894531,66.13471221923828,13.205978393554688
2019-05-24,253.4541015625,170.23812866210938,51.605316162109375,33.81549072265625,102.5323257446289,91.4614486694336,121.30000305175781,66.33812713623047,13.385826110839844
2019-05-28,251.0968475341797,169.597900390625,51.10344314575195,33.93399429321289,103.27056884765625,91.52251434326172,120.83000183105469,65.68272399902344,13.497159957885742
2019-05-29,249.41183471679688,168.20281982421875,50.776824951171875,34.15407943725586,103.58349609375,91.56069946289062,120.87000274658203,64.80886840820312,13.445775032043457
2019-05-30,250.0930633544922,168.9099578857422,50.968013763427734,34.340293884277344,104.47416687011719,92.08783721923828,121.69000244140625,65.08004760742188,13.308747291564941
2019-05-31,246.7230224609375,166.21531677246094,50.505977630615234,34.45880126953125,105.7821273803711,92.30174255371094,123.33000183105469,65.45671844482422,12.957616806030273
2019-06-03,246.09556579589844,162.55564880371094,50.80072784423828,34.77198028564453,106.48971557617188,92.58599853515625,125.11000061035156,65.61492156982422,12.914795875549316
2019-06-04,251.4374542236328,167.1326446533203,51.382259368896484,34.84815979003906,105.2755126953125,92.61666107177734,125.1500015258789,65.3211441040039,12.991874694824219
2019-06-05,253.61546325683594,168.3748321533203,51.36632537841797,34.5688362121582,104.68057250976562,92.55535125732422,125.47000122070312,66.68463897705078,12.726384162902832
2019-06-06,255.26467895507812,169.7125701904297,51.573448181152344,34.58576202392578,105.01825714111328,92.73157501220703,125.87999725341797,66.81273651123047,12.949051856994629
2019-06-07,257.819091796875,172.99002075195312,52.2266845703125,34.856624603271484,105.92687225341797,93.14537811279297,126.58999633789062,67.06129455566406,12.991874694824219
2019-06-10,259.00225830078125,175.0062255859375,52.37007141113281,35.22059631347656,104.92984008789062,92.80818939208984,125.33000183105469,66.84288024902344,12.957616806030273
2019-06-11,258.9394226074219,175.24513244628906,52.632965087890625,35.618431091308594,104.99417114257812,92.8924789428711,125.18000030517578,67.02364349365234,13.043258666992188
2019-06-12,258.4823303222656,174.23223876953125,52.242610931396484,35.23752975463867,105.07453918457031,93.03043365478516,125.83000183105469,67.2496566772461,12.863411903381348
2019-06-13,259.5489807128906,175.2642059326172,52.29041290283203,35.17827606201172,105.43634796142578,93.26795959472656,126.5999984741211,67.53593444824219,13.026130676269531
2019-06-14,259.26220703125,174.5188751220703,51.90803146362305,34.788909912109375,105.70169830322266,93.30622863769531,126.55999755859375,67.57357025146484,13.077515602111816
2019-06-17,259.3608093261719,175.5699920654297,51.945472717285156,34.92622756958008,105.88665771484375,93.35222625732422,126.4800033569336,68.29679107666016,13.017566680908203
2019-06-18,262.076416015625,178.12130737304688,52.637210845947266,35.770591735839844,106.41730499267578,93.97290802001953,127.12000274658203,68.2289810180664,13.171722412109375
2019-06-19,262.6681213378906,178.79014587402344,52.96272659301758,36.06911849975586,106.57008361816406,94.57058715820312,127.88999938964844,68.59809875488281,13.146029472351074
2019-06-20,265.1776428222656,180.4528045654297,53.42660140991211,36.5979118347168,106.85154724121094,95.08396911621094,131.11000061035156,68.94463348388672,13.411519050598145
2019-06-21,264.79217529296875,180.18524169921875,53.19873809814453,36.47850036621094,105.67756652832031,94.73915100097656,131.97999572753906,67.97284698486328,13.445775032043457
2019-06-24,264.4679870605469,180.1909637451172,53.312679290771484,36.427330017089844,106.465576171875,94.97669982910156,133.94000244140625,67.73930358886719,13.505724906921387
2019-06-25,261.8741149902344,177.0977783203125,52.99528121948242,36.05205154418945,106.79522705078125,94.69318389892578,134.1999969482422,66.73737335205078,13.548545837402344
2019-06-26,261.61285400390625,177.92135620117188,53.06039047241211,36.393211364746094,106.1117935180664,94.50162506103516,132.97000122070312,65.40399169921875,13.617058753967285
2019-06-27,262.54058837890625,178.60133361816406,53.19060134887695,36.64908218383789,106.85955810546875,95.05335235595703,132.83999633789062,66.2459487915039,13.617058753967285
2019-06-28,263.8916015625,178.83108520507812,53.4917106628418,36.5979118347168,106.78720092773438,95.29853820800781,133.1999969482422,66.47412872314453,13.471467971801758
2019-07-01,266.2872009277344,181.24441528320312,53.74398422241211,37.03288269042969,106.5374755859375,95.47911834716797,130.6199951171875,66.44371032714844,13.46290397644043
2019-07-02,266.9807434082031,181.96263122558594,53.898616790771484,36.93906784057617,107.35916900634766,95.74038696289062,133.41000366210938,67.59977722167969,13.240235328674316
2019-07-03,269.1153259277344,183.33204650878906,54.26482391357422,36.87083435058594,108.12454223632812,96.00165557861328,133.6300048828125,68.4059829711914,13.368697166442871
2019-07-05,268.8091735839844,182.9585418701172,53.84978103637695,36.61497497558594,106.69049072265625,95.15637969970703,132.13999938964844,68.16259765625,13.394390106201172
2019-07-08,267.33203125,181.67539978027344,53.54053497314453,36.393211364746094,106.83552551269531,95.0257339477539,131.2899932861328,68.4059829711914,13.3772611618042
2019-07-09,267.6652526855469,182.58505249023438,53.312679290771484,36.28234100341797,106.79524230957031,94.82594299316406,131.75,68.63414764404297,13.420083045959473
2019-07-10,268.94427490234375,184.4046630859375,53.499847412109375,36.589385986328125,106.20709991455078,95.04109191894531,133.8300018310547,69.02964782714844,13.711265563964844
2019-07-11,269.5746765136719,184.27056884765625,53.48356246948242,36.521148681640625,104.78923797607422,94.48014068603516,132.6999969482422,68.13215637207031,13.719830513000488
2019-07-12,270.781494140625,185.33355712890625,53.54867935180664,36.546730041503906,104.91007995605469,94.57233428955078,133.52999877929688,68.04090118408203,13.754085540771484
2019-07-15,270.8716735839844,185.92727661132812,53.59750747680664,36.683197021484375,105.51427459716797,94.73372650146484,133.52999877929688,67.98766326904297,13.608494758605957
2019-07-16,269.998046875,184.96966552734375,53.377777099609375,36.63202667236328,105.20008087158203,94.53392791748047,132.39999389648438,67.82796478271484,13.46290397644043
2019-07-17,268.1606140136719,184.0598602294922,53.304527282714844,36.521148681640625,106.3360366821289,95.03335571289062,134.5800018310547,67.59977722167969,13.34300422668457
2019-07-18,269.1423034667969,184.27056884765625,53.467288970947266,36.74290466308594,106.34407043457031,95.2562484741211,136.47999572753906,67.59977722167969,13.248799324035645
2019-07-19,267.6472473144531,182.92027282714844,53.312679290771484,36.55526351928711,106.0943603515625,95.11024475097656,134.47000122070312,66.49694061279297,13.32587718963623
2019-07-22,268.3047180175781,184.37591552734375,53.369632720947266,36.563785552978516,106.2957534790039,95.40225982666016,134.4499969482422,66.43608093261719,13.283056259155273
2019-07-23,270.2231140136719,185.58248901367188,53.70329666137695,36.606441497802734,105.71572875976562,95.45604705810547,133.69000244140625,67.18905639648438,13.368697166442871
2019-07-24,271.4930725097656,186.8849639892578,53.74398422241211,36.66614532470703,106.17491912841797,95.72503662109375,134.3699951171875,67.2422866821289,13.308747291564941
2019-07-25,270.1961669921875,185.11331176757812,53.19873809814453,36.34203338623047,105.66735076904297,95.41764068603516,133.4199981689453,66.84680938720703,13.257363319396973
2019-07-26,272.0064697265625,187.01901245117188,53.304527282714844,36.41880416870117,105.91712188720703,95.54823303222656,133.63999938964844,67.1510238647461,13.274491310119629
2019-07-29,271.5111083984375,186.37738037109375,53.418460845947266,36.35056686401367,105.94931030273438,95.48680114746094,134.52999877929688,67.33357238769531,13.32587718963623
2019-07-30,270.8446350097656,185.5729522705078,52.79996109008789,36.06911849975586,106.20709991455078,95.45604705810547,134.97999572753906,67.87357330322266,13.4029541015625
2019-07-31,267.8814697265625,183.00648498535156,52.450035095214844,35.625614166259766,107.06109619140625,95.54056549072266,133.2100067138672,67.60736846923828,13.317312240600586
2019-08-01,265.5487365722656,182.0966796875,52.30353927612305,34.92622756958008,109.18736267089844,96.31732177734375,136.41000366210938,67.60736846923828,12.949051856994629
2019-08-02,263.54925537109375,179.41529846191406,51.83967590332031,34.58506774902344,110.19644927978516,96.4175033569336,135.88999938964844,67.93441772460938,12.966181755065918
2019-08-05,255.62347412109375,173.07566833496094,50.545719146728516,33.30571365356445,112.10152435302734,96.48688507080078,137.7899932861328,66.5958023071289,12.85484790802002
2019-08-06,259.20819091796875,175.49853515625,50.887516021728516,33.78334045410156,112.99755859375,97.08795928955078,138.91000366210938,67.33357238769531,12.786334037780762
2019-08-07,259.3612976074219,176.44656372070312,51.08283996582031,33.936866760253906,113.03793334960938,97.07249450683594,141.02000427246094,67.98766326904297,12.623613357543945
2019-08-08,264.4499816894531,180.2867431640625,51.579254150390625,34.35478210449219,113.28016662597656,97.33452606201172,141.72999572753906,69.1817626953125,12.69212818145752
2019-08-09,262.6485595703125,178.59173583984375,51.2211799621582,34.00508499145508,113.05406188964844,97.04942321777344,141.25999450683594,69.09809875488281,12.803461074829102
2019-08-12,259.45135498046875,176.54232788085938,50.814273834228516,33.59569549560547,115.4111557006836,97.6581802368164,142.6300048828125,68.91557312011719,12.70925521850586
2019-08-13,263.4862976074219,180.4111785888672,51.2944221496582,34.02214813232422,115.01567077636719,97.58110809326172,141.77999877929688,69.01444244384766,13.009001731872559
2019-08-14,255.69564819335938,175.01971435546875,49.88653564453125,33.041324615478516,117.60689544677734,97.86624145507812,142.75,67.96485900878906,12.812026023864746
2019-08-15,256.3710632324219,174.818603515625,50.057430267333984,33.2630729675293,118.91464233398438,98.34402465820312,143.6999969482422,68.6417465209961,12.70925521850586
2019-08-16,260.15386962890625,177.62449645996094,50.6596565246582,33.723636627197266,117.96206665039062,98.521240234375,142.77999877929688,69.34909057617188,12.700691223144531
2019-08-19,263.2880859375,180.44949340820312,50.96889877319336,33.86009979248047,116.27500915527344,98.19757843017578,141.11000061035156,69.85105895996094,12.760641098022461
2019-08-20,261.2706604003906,179.05137634277344,50.79799270629883,33.9283332824707,117.47772216796875,98.76785278320312,142.2100067138672,69.356689453125,12.79489803314209
2019-08-21,263.3962097167969,180.64108276367188,51.15607452392578,34.25244903564453,116.6947250366211,98.945068359375,141.75999450683594,69.64569854736328,12.83771800994873
2019-08-22,263.31512451171875,180.056884765625,51.05841827392578,33.80893325805664,115.91981506347656,98.58292388916016,141.39999389648438,69.96514129638672,12.777769088745117
2019-08-23,256.55120849609375,174.3589324951172,50.42364501953125,33.30571365356445,117.82485961914062,98.945068359375,144.1699981689453,68.98401641845703,12.683563232421875
2019-08-26,259.38824462890625,176.99244689941406,50.838687896728516,33.48482894897461,117.34855651855469,98.95277404785156,144.19000244140625,69.51641082763672,12.674999237060547
2019-08-27,258.37054443359375,176.61895751953125,50.79799270629883,33.544532775878906,119.15672302246094,99.4844970703125,145.57000732421875,69.31866455078125,12.760641098022461
2019-08-28,260.1899719238281,177.25099182128906,50.79799270629883,33.63835144042969,119.31017303466797,99.4844970703125,145.16000366210938,69.54684448242188,12.871975898742676
2019-08-29,263.5132141113281,179.96116638183594,51.237449645996094,34.01362228393555,118.85809326171875,99.26873779296875,144.1199951171875,70.08686065673828,12.906231880187988
2019-08-30,263.3962097167969,179.53018188476562,51.4409065246582,34.27803039550781,118.89037322998047,99.25334930419922,143.75,70.14007568359375,12.700691223144531
2019-09-03,261.85601806640625,177.78726196289062,51.34325408935547,34.064796447753906,119.0440902709961,99.15982818603516,145.75,70.8398208618164,12.63217830657959
2019-09-04,264.8281555175781,180.353759765625,52.067535400390625,34.63623809814453,119.22199249267578,99.34529113769531,146.66000366210938,71.43305969238281,12.931925773620605
2019-09-05,268.23272705078125,183.65768432617188,52.344234466552734,35.02857208251953,117.06278991699219,98.61898040771484,143.13999938964844,70.91586303710938,12.914795875549316
2019-09-06,268.4398193359375,183.4757080078125,52.515132904052734,35.182098388671875,117.89569854736328,98.97438049316406,141.9199981689453,71.07559967041016,12.949051856994629
2019-09-09,268.574951171875,183.09263610839844,52.66975784301758,35.2929801940918,115.80128479003906,98.248046875,141.38999938964844,70.73333740234375,13.068951606750488
2019-09-10,268.5118408203125,182.56594848632812,52.75928497314453,35.31856155395508,113.77157592773438,97.42124938964844,140.17999267578125,70.00318145751953,13.086080551147461
2019-09-11,270.42132568359375,184.28012084960938,53.052249908447266,35.565895080566406,113.56935119628906,97.34404754638672,141.02999877929688,70.07923126220703,12.991874694824219
2019-09-12,271.35797119140625,185.04623413085938,53.36149597167969,35.821773529052734,112.8254165649414,97.21263122558594,141.32000732421875,70.45191955566406,12.940488815307617
2019-09-13,271.1778869628906,184.38548278808594,53.662620544433594,36.02646255493164,110.41553497314453,96.33950805664062,140.14999389648438,69.6989517211914,12.940488815307617
2019-09-16,270.34014892578125,183.56187438964844,53.18245315551758,35.74501419067383,111.8226089477539,96.82627868652344,141.32000732421875,70.30740356445312,13.514287948608398
2019-09-17,271.0247802734375,184.44296264648438,53.36149597167969,35.74501419067383,112.4291763305664,97.07354736328125,141.60000610351562,71.0679931640625,13.257363319396973
2019-09-18,271.186767578125,184.3663330078125,53.296390533447266,35.60002136230469,112.9062728881836,97.31311798095703,140.7100067138672,70.82460021972656,13.171722412109375
2019-09-19,271.1688537597656,184.67276000976562,53.475433349609375,35.45502853393555,113.24589538574219,97.5912857055664,141.27999877929688,71.07559967041016,13.240235328674316
2019-09-20,269.8876647949219,182.7191619873047,53.35336685180664,35.4891471862793,114.74191284179688,98.26351165771484,142.9499969482422,71.07559967041016,13.257363319396973
2019-09-23,269.8241882324219,182.79977416992188,53.21501541137695,35.52326583862305,114.71768951416016,98.19396209716797,143.75,71.18965911865234,13.291621208190918
2019-09-24,267.70703125,180.3720245361328,53.01155471801758,35.147979736328125,116.10050964355469,98.5030517578125,144.50999450683594,71.03174591064453,13.13746452331543
2019-09-25,269.2904052734375,182.39671325683594,52.856937408447266,35.12239074707031,114.40227508544922,97.94670867919922,141.8300018310547,71.16973876953125,13.06038761138916
2019-09-26,268.72955322265625,181.72503662109375,53.052249908447266,35.11386489868164,115.13822937011719,98.15533447265625,141.7899932861328,71.76773834228516,13.06038761138916
2019-09-27,267.28167724609375,179.4700469970703,52.87321090698242,34.66181945800781,115.42121887207031,98.17853546142578,141.05999755859375,71.36905670166016,13.009001731872559
2019-09-30,268.5212707519531,181.17807006835938,53.06853103637695,34.857994079589844,115.7042465209961,98.5030517578125,138.8699951171875,71.49173736572266,12.880538940429688
2019-10-01,265.3273620605469,179.70034790039062,52.547691345214844,34.61065673828125,116.05267333984375,98.61616516113281,139.6300048828125,70.81705474853516,12.871975898742676
2019-10-02,260.6404113769531,176.6104736328125,51.473453521728516,34.346256256103516,116.3360824584961,98.57738494873047,141.25999450683594,70.51808166503906,12.760641098022461
2019-10-03,262.7757568359375,178.54884338378906,51.81526184082031,34.78976058959961,117.39734649658203,98.96479797363281,141.89999389648438,71.2004165649414,12.743512153625488
2019-10-04,266.3316345214844,181.17807006835938,52.22216796875,34.94329071044922,118.26404571533203,99.37537384033203,141.89999389648438,71.62974548339844,12.846282005310059
2019-10-07,265.1825866699219,180.6311798095703,52.15705490112305,34.65330123901367,117.2839126586914,98.871826171875,140.69000244140625,71.4764175415039,12.829154014587402
2019-10-08,261.065673828125,177.9251251220703,51.66877746582031,34.40596389770508,117.5998764038086,98.78661346435547,141.9199981689453,71.10073852539062,12.82059097290039
2019-10-09,263.5448303222656,179.66197204589844,52.043121337890625,34.670352935791016,116.935546875,98.82532501220703,142.0500030517578,71.23873138427734,12.85484790802002
2019-10-10,265.3273620605469,181.0532989501953,52.40934371948242,35.02857208251953,115.19388580322266,98.24429321289062,140.80999755859375,71.35372924804688,12.940488815307617
2019-10-11,268.07794189453125,183.3851318359375,53.34523010253906,35.59149169921875,113.76813507080078,98.06610107421875,140.02999877929688,71.32305908203125,13.094644546508789
2019-10-14,267.7793884277344,183.3659210205078,53.12549591064453,35.437965393066406,114.59445190429688,98.39149475097656,140.58999633789062,71.35372924804688,13.034695625305176
2019-10-15,270.43048095703125,185.69769287109375,53.74398422241211,35.753536224365234,113.2092056274414,98.12808227539062,139.61000061035156,71.44573974609375,13.000438690185547
2019-10-16,269.9962158203125,185.23704528808594,53.82536315917969,35.855892181396484,113.34693908691406,98.23655700683594,140.41000366210938,71.45338439941406,13.017566680908203
2019-10-17,270.79241943359375,185.72647094726562,53.9555778503418,35.99235534667969,113.07152557373047,98.3759765625,140.61000061035156,71.92105865478516,13.068951606750488
2019-10-18,269.6071472167969,183.941650390625,53.93115997314453,35.80471420288086,113.07152557373047,98.49994659423828,140.4600067138672,72.47306060791016,13.06038761138916
2019-10-21,271.43487548828125,185.57296752929688,54.22414016723633,36.12881851196289,112.22090911865234,98.27527618408203,139.7899932861328,73.02508544921875,13.043258666992188
2019-10-22,270.5481872558594,184.09523010253906,54.09392547607422,36.15439987182617,112.8770751953125,98.44573211669922,140.1999969482422,72.81040954589844,13.06038761138916
2019-10-23,271.3352966308594,184.45022583007812,54.38690948486328,36.162933349609375,112.99051666259766,98.49994659423828,140.52999877929688,72.97139739990234,13.22310733795166
2019-10-24,271.7786560058594,186.2446746826172,54.48455047607422,36.162933349609375,112.76365661621094,98.71685028076172,141.52999877929688,72.78740692138672,13.291621208190918
2019-10-25,272.8915710449219,187.73202514648438,54.54152297973633,36.41880416870117,112.21279907226562,98.54642486572266,141.86000061035156,72.1664047241211,13.368697166442871
2019-10-28,274.4296875,189.58401489257812,54.785667419433594,36.63202667236328,111.19207763671875,98.25204467773438,140.63999938964844,71.72942352294922,13.317312240600586
2019-10-29,274.3483581542969,188.11587524414062,54.76939392089844,36.44438934326172,111.2649917602539,97.99639129638672,140.25,72.1664047241211,13.291621208190918
2019-10-30,275.1897888183594,189.02745056152344,54.99725341796875,36.606441497802734,112.89329528808594,98.34500122070312,141.02000427246094,72.42708587646484,13.205978393554688
2019-10-31,274.4569091796875,189.11378479003906,54.867034912109375,36.31645584106445,114.41622161865234,98.94154357910156,142.42999267578125,72.2967529296875,13.128900527954102
2019-11-01,276.9994812011719,190.83148193359375,55.35533142089844,36.86231231689453,114.06405639648438,99.0386734008789,142.55999755859375,72.28138732910156,13.368697166442871
2019-11-04,278.1123352050781,192.01171875,55.64016342163086,37.229061126708984,112.562744140625,98.57255554199219,142.14999389648438,71.77542114257812,13.454339027404785
2019-11-05,277.8046569824219,192.11724853515625,55.53437423706055,37.442283630371094,111.29683685302734,98.0054702758789,139.85000610351562,70.55641174316406,13.488595962524414
2019-11-06,277.8680419921875,191.68544006347656,55.50995635986328,37.3228759765625,111.97038269042969,98.55697631835938,140.4499969482422,70.70973205566406,13.34300422668457
2019-11-07,278.8452453613281,192.32838439941406,55.68085861206055,37.59580612182617,109.94166564941406,97.78794860839844,138.27000427246094,70.00440216064453,13.334441184997559
2019-11-08,279.53289794921875,193.09600830078125,55.64829635620117,37.254642486572266,109.47908020019531,97.65592193603516,137.38999938964844,69.83572387695312,13.368697166442871
2019-11-11,278.9990234375,192.8369598388672,55.57505798339844,36.9902458190918,109.5521240234375,97.68695068359375,137.05999755859375,69.98906707763672,13.283056259155273
2019-11-12,279.587158203125,193.39353942871094,55.59946823120117,36.751434326171875,110.05522155761719,97.78019714355469,137.42999267578125,69.46007537841797,13.291621208190918
2019-11-13,279.6776428222656,193.44149780273438,55.4041633605957,36.469966888427734,110.76939392089844,98.01325225830078,137.97999572753906,70.09638977050781,13.317312240600586
2019-11-14,280.0848083496094,193.28797912597656,55.249534606933594,36.49555969238281,111.91357421875,98.52593994140625,138.55999755859375,70.6407241821289,13.274491310119629
2019-11-15,282.11163330078125,194.70809936523438,55.59946823120117,36.785545349121094,111.7918472290039,98.54149627685547,138.2100067138672,71.02407836914062,13.34300422668457
2019-11-18,282.3197021484375,194.86167907714844,55.664581298828125,36.72584533691406,111.99472045898438,98.6502685546875,138.6199951171875,71.36905670166016,13.205978393554688
2019-11-19,282.2382507324219,195.14952087402344,55.591331481933594,36.80260467529297,112.92791748046875,98.84442901611328,138.69000244140625,71.49173736572266,13.086080551147461
2019-11-20,281.1887512207031,193.9788818359375,55.241397857666016,36.64055252075195,114.09649658203125,98.9842529296875,138.75999450683594,71.45338439941406,13.257363319396973
2019-11-21,280.7363586425781,193.54702758789062,55.168148040771484,36.563785552978516,113.38235473632812,98.75123596191406,138.0,70.44906616210938,13.3772611618042
2019-11-22,281.3605651855469,193.6717987060547,55.322776794433594,36.563785552978516,113.5284652709961,99.0230941772461,137.74000549316406,70.18841552734375,13.368697166442871
2019-11-25,283.54119873046875,195.96522521972656,55.762229919433594,36.9305419921875,113.86113739013672,99.36494445800781,137.0800018310547,70.41073608398438,13.368697166442871
2019-11-26,284.1836242675781,196.33941650390625,55.72969055175781,36.81966018676758,114.52658081054688,99.62127685546875,137.74000549316406,71.34608459472656,13.445775032043457
2019-11-27,285.45037841796875,197.71160888671875,55.87617874145508,36.86231231689453,114.19390869140625,99.6135025024414,137.00999450683594,71.68341064453125,13.3772611618042
2019-11-29,284.3917236328125,196.8096466064453,55.485538482666016,36.28234100341797,113.95037841796875,99.41156005859375,137.86000061035156,71.35372924804688,13.111773490905762
2019-12-02,281.9759521484375,194.79449462890625,55.200714111328125,36.273807525634766,112.43111419677734,98.98002624511719,137.7899932861328,70.27275848388672,13.094644546508789
2019-12-03,280.0848083496094,193.268798828125,54.99725341796875,36.0861701965332,114.78849029541016,99.74339294433594,139.11000061035156,70.7250747680664,13.103208541870117
2019-12-04,281.8130798339844,194.24752807617188,55.50181198120117,36.35910415649414,113.64234924316406,99.61095428466797,138.9199981689453,71.01639556884766,13.308747291564941
2019-12-05,282.3197021484375,194.6313934326172,55.39602279663086,36.521148681640625,113.08955383300781,99.50189971923828,139.0,71.05473327636719,13.334441184997559
2019-12-06,284.8984375,196.713623046875,55.90058517456055,36.734371185302734,112.46363830566406,99.4473648071289,137.6199951171875,71.2004165649414,13.420083045959473
2019-12-09,284.00262451171875,195.8212432861328,55.607608795166016,36.589385986328125,112.70752716064453,99.4317626953125,137.5800018310547,71.33841705322266,13.4029541015625
2019-12-10,283.68603515625,195.6581268310547,55.63203048706055,36.71731185913086,112.71564483642578,99.4317626953125,137.97000122070312,70.92443084716797,13.46290397644043
2019-12-11,284.4913024902344,196.69447326660156,55.92499542236328,37.254642486572266,113.60169219970703,99.82125091552734,138.9199981689453,70.20374298095703,13.4029541015625
2019-12-12,286.94329833984375,198.1626434326172,56.29935073852539,37.90283966064453,111.7320556640625,99.36167907714844,138.42999267578125,69.2530746459961,13.522852897644043
2019-12-13,287.1152038574219,198.81517028808594,56.68997573852539,37.88578796386719,113.02452087402344,100.0082015991211,139.0500030517578,69.26838684082031,13.591367721557617
2019-12-16,289.0877990722656,200.81109619140625,57.29569625854492,38.20722961425781,112.00841522216797,99.78231048583984,139.0399932861328,69.76673889160156,13.685572624206543
2019-12-17,289.1510314941406,200.92620849609375,56.96649169921875,38.5556755065918,111.85403442382812,99.70445251464844,139.00999450683594,69.1073989868164,13.74552059173584
2019-12-18,289.1691589355469,201.07974243164062,56.892433166503906,38.764747619628906,110.93544006347656,99.63433074951172,139.02000427246094,69.9497299194336,13.754085540771484
2019-12-19,290.3544921875,202.33682250976562,56.892433166503906,38.78217315673828,111.11292266845703,99.73271179199219,139.3800048828125,70.56962585449219,13.814033508300781
2019-12-20,291.62750244140625,203.1524658203125,56.9335823059082,38.860572814941406,111.25944519042969,99.70149993896484,139.52000427246094,70.95707702636719,13.796907424926758
2019-12-23,292.0728759765625,203.68905639648438,57.02410888671875,38.912841796875,111.09661865234375,99.74834442138672,139.9499969482422,70.60064697265625,13.80038833618164
2019-12-24,292.08203125,203.7947998046875,56.96649169921875,38.82572555541992,111.41416931152344,99.84986877441406,141.27000427246094,70.78659057617188,13.861297607421875
2019-12-26,293.636962890625,205.5931396484375,57.21339797973633,39.10447692871094,111.68284606933594,100.02948760986328,142.3800048828125,71.09657287597656,13.965713500976562
2019-12-27,293.5641174316406,205.42001342773438,57.312156677246094,39.261287689208984,111.80500793457031,100.17007446289062,142.3300018310547,71.32128143310547,13.99181842803955
2019-12-30,291.9457092285156,204.07366943359375,56.88420104980469,38.99995040893555,111.39787292480469,100.34971618652344,142.6300048828125,71.39100646972656,13.965713500976562
2019-12-31,292.6548767089844,204.45840454101562,57.14755630493164,39.08705520629883,110.30689239501953,99.93578338623047,142.89999389648438,71.90245056152344,13.878700256347656
2020-01-02,295.3917236328125,207.8722686767578,57.7236328125,39.8797721862793,111.55255126953125,100.14664459228516,143.9499969482422,71.05780029296875,13.896102905273438
2020-01-03,293.15496826171875,205.96817016601562,57.00764846801758,39.13933181762695,113.27050018310547,100.49026489257812,145.86000061035156,71.49948120117188,14.061429023742676
2020-01-06,294.2734069824219,207.2952423095703,57.2298469543457,39.04350280761719,112.62728881835938,100.1544418334961,147.38999938964844,71.58475494384766,14.087533950805664
2020-01-07,293.4458923339844,207.26638793945312,57.07347869873047,39.01736831665039,112.07364654541016,99.89675903320312,147.97000122070312,70.78659057617188,14.078832626342773
2020-01-08,295.0098876953125,208.82431030273438,57.23807907104492,39.243865966796875,111.3327407836914,99.75613403320312,146.86000061035156,71.00357818603516,13.869998931884766
2020-01-09,297.0103454589844,210.59375,57.36975860595703,39.505191802978516,111.72354888916016,100.2325668334961,146.02999877929688,70.96481323242188,13.809089660644531
2020-01-10,296.155517578125,210.0552215576172,57.155765533447266,39.714263916015625,112.7168197631836,100.5136947631836,146.91000366210938,71.50724792480469,13.809089660644531
2020-01-13,298.1923522949219,212.47862243652344,57.45205307006836,40.332759857177734,112.37488555908203,100.27159118652344,145.82000732421875,72.36738586425781,13.704673767089844
2020-01-14,297.73760986328125,211.6419677734375,57.509666442871094,40.106266021728516,112.95294189453125,100.39656066894531,145.69000244140625,72.0961685180664,13.765583038330078
2020-01-15,298.4105224609375,211.72850036621094,57.509666442871094,39.792667388916016,113.70204162597656,100.6152572631836,146.5399932861328,72.7470932006836,13.69597053527832
2020-01-16,300.89276123046875,213.7576141357422,57.748329162597656,40.045291900634766,113.34380340576172,100.75582122802734,146.30999755859375,73.32823181152344,13.678568840026855
2020-01-17,301.829345703125,214.8154754638672,57.921142578125,40.27178192138672,112.37488555908203,100.74022674560547,146.5800018310547,73.3979721069336,13.722076416015625
2020-01-21,301.23828125,214.7192840576172,57.46028137207031,39.25257110595703,113.55551147460938,101.22441864013672,146.74000549316406,74.09540557861328,13.643763542175293
2020-01-22,301.27471923828125,215.2866668701172,57.575504302978516,39.57488250732422,113.95440673828125,101.27908325195312,146.7899932861328,73.59947204589844,13.461033821105957
2020-01-23,301.6202392578125,215.97906494140625,57.43560028076172,39.165462493896484,114.75233459472656,101.41183471679688,147.1199951171875,74.21939849853516,13.347915649414062
2020-01-24,298.93792724609375,214.16151428222656,57.18869400024414,38.851863861083984,115.6805419921875,101.58364868164062,147.97999572753906,73.96368408203125,13.147784233093262
2020-01-27,294.14605712890625,209.7378692626953,56.00362014770508,37.510337829589844,117.47990417480469,101.77894592285156,148.99000549316406,73.60722351074219,12.904145240783691
2020-01-28,297.2284851074219,212.95947265625,56.53031539916992,37.823936462402344,116.55986785888672,101.72421264648438,147.66000366210938,73.90167999267578,12.965055465698242
2020-01-29,296.98291015625,213.30564880371094,56.538543701171875,38.006874084472656,117.69972229003906,102.05230712890625,148.4600067138672,73.63047790527344,12.904145240783691
2020-01-30,297.94683837890625,214.0653533935547,56.48916244506836,37.440643310546875,117.71601104736328,102.11473083496094,148.47000122070312,73.68468475341797,12.791028022766113
2020-01-31,292.5367126464844,210.6707000732422,55.534523010253906,36.68277359008789,118.79073333740234,102.38026428222656,149.3300018310547,72.78582000732422,12.68661117553711
2020-02-03,294.7098388671875,213.85377502441406,55.66619110107422,37.092201232910156,118.69448852539062,102.29963684082031,148.36000061035156,73.02605438232422,12.451675415039062
2020-02-04,299.2015686035156,218.74864196777344,56.596153259277344,38.050437927246094,117.09605407714844,102.049072265625,146.42999267578125,73.7776870727539,12.469077110290527
2020-02-05,302.6568603515625,219.46986389160156,57.139320373535156,38.26820755004883,115.81561279296875,101.98640441894531,146.61000061035156,73.82418823242188,12.660507202148438
2020-02-06,303.67523193359375,221.36431884765625,57.29569625854492,38.30305862426758,116.33757781982422,101.93949127197266,147.39999389648438,74.0721435546875,12.712715148925781
2020-02-07,302.0566711425781,220.41229248046875,56.75251770019531,37.771671295166016,117.7892837524414,102.3309555053711,147.7899932861328,74.05667114257812,12.643104553222656
2020-02-10,304.3116455078125,223.0760955810547,56.86774826049805,37.980743408203125,118.11549377441406,102.57369995117188,148.1699981689453,74.88577270507812,12.529987335205078
2020-02-11,304.83905029296875,223.11456298828125,57.254547119140625,38.47727584838867,117.52014923095703,102.4249267578125,147.66000366210938,75.45147705078125,12.573493003845215
2020-02-12,306.80303955078125,225.28785705566406,57.45205307006836,38.99995040893555,116.92479705810547,102.37792205810547,147.5399932861328,75.9009017944336,12.747520446777344
2020-02-13,306.4756774902344,224.9993896484375,57.04880142211914,38.48598861694336,117.37330627441406,102.30746459960938,148.3800048828125,76.35808563232422,12.756223678588867
2020-02-14,306.9666748046875,225.6437530517578,56.950035095214844,38.503414154052734,117.88711547851562,102.55799865722656,149.0,77.14848327636719,12.747520446777344
2020-02-18,306.1754455566406,225.73025512695312,56.58794403076172,38.25077819824219,118.69448852539062,102.7537841796875,150.91000366210938,77.0632553100586,12.843235969543457
2020-02-19,307.6395568847656,227.8939971923828,56.777217864990234,38.529541015625,118.68636322021484,102.61284637451172,151.7899932861328,76.02488708496094,12.965055465698242
2020-02-20,306.3757019042969,225.7783660888672,56.43979263305664,37.92847442626953,119.61604309082031,102.95735931396484,152.41000366210938,76.9315185546875,12.912847518920898
2020-02-21,303.22052001953125,221.44125366210938,56.17643356323242,37.710693359375,120.7332992553711,103.1609115600586,154.6999969482422,77.15621948242188,12.860639572143555
2020-02-24,293.1640930175781,212.90174865722656,53.929718017578125,36.299476623535156,122.5357437133789,103.1766128540039,156.08999633789062,76.10237884521484,12.617000579833984
2020-02-25,284.2806396484375,207.11256408691406,53.040897369384766,36.012020111083984,123.18815612792969,103.27835845947266,153.3000030517578,74.0411376953125,12.382062911987305
2020-02-26,283.2349548339844,208.17999267578125,53.10673522949219,36.299476623535156,122.5357437133789,102.89469146728516,153.97000122070312,73.24302673339844,12.260244369506836
2020-02-27,270.5143127441406,197.75559997558594,51.534847259521484,35.428367614746094,123.8650894165039,102.34661102294922,154.0,69.34529876708984,12.051411628723145
2020-02-28,269.3778076171875,197.9095458984375,51.22211837768555,35.29769515991211,126.66236877441406,103.49763488769531,148.3800048828125,67.6715316772461,11.842577934265137
2020-03-02,281.04364013671875,208.1222686767578,51.88050079345703,36.06428146362305,125.73046112060547,103.39479064941406,149.1999969482422,70.56187438964844,12.112320899963379
2020-03-03,272.9966735839844,201.4483642578125,51.46078109741211,35.82037353515625,127.68256378173828,104.5724105834961,153.88999938964844,70.39915466308594,12.138423919677734
2020-03-04,284.4714660644531,209.85328674316406,52.999755859375,36.4562873840332,126.32671356201172,104.72156524658203,154.16000366210938,73.05703735351562,12.147126197814941
2020-03-05,275.0152587890625,203.47750854492188,51.59244918823242,35.68970489501953,129.47119140625,104.68228912353516,157.49000549316406,71.49176025390625,12.016605377197266
2020-03-06,270.4688720703125,200.04437255859375,50.81885528564453,34.95796585083008,136.20936584472656,105.4124526977539,157.5500030517578,70.25967407226562,11.625042915344238
2020-03-09,249.34674072265625,186.1483917236328,46.876792907714844,32.57109069824219,139.90110778808594,102.85305786132812,157.80999755859375,64.8431625366211,10.720098495483398
2020-03-10,262.249267578125,196.28421020507812,48.60504913330078,34.226226806640625,132.7300262451172,100.5370864868164,154.47999572753906,67.58270263671875,11.059453964233398
2020-03-11,249.46495056152344,187.735107421875,46.12788391113281,32.63207244873047,127.84584045410156,97.23193359375,153.92999267578125,63.52180480957031,10.859321594238281
2020-03-12,225.59683227539062,170.52146911621094,41.05834197998047,29.36538314819336,128.6381072998047,92.59212493896484,147.7899932861328,57.08683395385742,10.4242525100708
2020-03-13,244.88229370117188,184.9655303955078,43.543731689453125,31.482192993164062,125.73046112060547,96.60388946533203,143.27999877929688,62.069244384765625,10.537371635437012
2020-03-16,218.08636474609375,162.80892944335938,39.0502815246582,27.553457260131836,133.87350463867188,95.2299575805664,141.63999938964844,51.0657844543457,9.902170181274414
2020-03-17,229.86131286621094,175.15660095214844,40.95135498046875,29.452497482299805,124.94635772705078,91.328125,143.55999755859375,54.01774978637695,9.74554443359375
2020-03-18,218.2227325439453,169.8290557861328,38.60586929321289,26.908830642700195,117.89781951904297,86.75897979736328,140.6999969482422,48.879150390625,9.42359447479248
2020-03-19,218.6864471435547,170.84835815429688,39.206642150878906,27.11789894104004,121.107666015625,82.47242736816406,138.0399932861328,49.05095672607422,9.623726844787598
2020-03-20,209.26234436035156,164.15525817871094,38.72108840942383,27.318256378173828,130.21446228027344,83.79922485351562,140.11000061035156,46.60660171508789,9.519309043884277
2020-03-23,203.9119110107422,164.27377319335938,38.26845169067383,26.664915084838867,135.5804443359375,89.99352264404297,146.3000030517578,44.443397521972656,9.632426261901855
2020-03-24,222.3869171142578,176.99473571777344,41.510986328125,28.668489456176758,133.0566864013672,91.83843231201172,153.39999389648438,48.44182205200195,9.841259956359863
2020-03-25,225.71615600585938,175.68411254882812,42.86066818237305,29.67898178100586,132.75448608398438,96.23486328125,151.3000030517578,51.050167083740234,10.006587028503418
2020-03-26,238.89566040039062,184.9356689453125,44.7782096862793,30.802730560302734,133.40792846679688,96.31336975097656,153.24000549316406,54.650325775146484,9.971781730651855
2020-03-27,231.77999877929688,178.57516479492188,43.502586364746094,29.051782608032227,136.9689483642578,96.11710357666016,152.25,54.704978942871094,9.936975479125977
2020-03-30,239.3072052001953,185.07058715820312,44.383174896240234,29.53089141845703,135.8418731689453,97.28688049316406,152.9199981689453,55.899818420410156,9.910871505737305
2020-03-31,235.7402801513672,183.49009704589844,43.996376037597656,29.73125648498535,134.7392120361328,96.96499633789062,148.0500030517578,54.54878234863281,9.789052963256836
2020-04-01,225.1307830810547,175.69374084472656,42.045921325683594,28.45941925048828,136.62693786621094,95.55619049072266,149.4499969482422,50.964263916015625,9.510608673095703
2020-04-02,230.32577514648438,179.25941467285156,42.868896484375,29.41765022277832,137.4940185546875,95.80805206298828,151.89999389648438,51.13606643676758,9.693337440490723
2020-04-03,226.9966278076172,176.71524047851562,41.889556884765625,28.860136032104492,137.82119750976562,95.3121566772461,152.64999389648438,50.3941764831543,9.936975479125977
2020-04-06,242.2431182861328,189.34950256347656,44.11158752441406,30.436853408813477,137.46127319335938,97.1932373046875,156.8800048828125,54.1270751953125,9.989184379577637
2020-04-07,242.49005126953125,189.27232360839844,44.35848617553711,30.59365463256836,136.02171325683594,97.34276580810547,156.0399932861328,54.62689208984375,10.058794975280762
2020-04-08,250.6300811767578,193.29098510742188,44.72059631347656,30.907262802124023,135.0320281982422,99.09793090820312,154.64999389648438,58.35197830200195,10.03269100189209
2020-04-09,254.4440460205078,193.57052612304688,45.73285675048828,30.794015884399414,135.27735900878906,103.75727081298828,158.69000244140625,61.62413024902344,10.058794975280762
2020-04-13,252.12086486816406,195.6617431640625,45.29668045043945,30.83757209777832,134.0423583984375,102.74984741210938,161.41000366210938,59.0313720703125,10.232823371887207
2020-04-14,259.5566711425781,204.1713104248047,46.10319137573242,31.54317855834961,134.00967407226562,102.24607849121094,162.67999267578125,60.68696975708008,10.145808219909668
2020-04-15,254.04161071777344,201.82945251464844,44.66298294067383,30.73303985595703,137.55946350097656,102.93087768554688,161.85000610351562,58.28168487548828,9.936975479125977
2020-04-16,255.2671356201172,205.51083374023438,44.68767547607422,30.898550033569336,139.1217041015625,102.4192886352539,161.7100067138672,57.61789321899414,9.910871505737305
2020-04-17,262.16326904296875,207.476806640625,45.872764587402344,31.586740493774414,137.25677490234375,102.7576904296875,158.57000732421875,59.43749237060547,9.954378128051758
2020-04-20,257.54443359375,205.019287109375,45.18968963623047,31.186019897460938,138.36102294921875,102.17530059814453,159.6999969482422,57.22740936279297,9.789052963256836
2020-04-21,249.72454833984375,197.45425415039062,44.30910110473633,30.32361602783203,140.1031951904297,101.81324005126953,158.61000061035156,56.18876266479492,9.327878952026367
2020-04-22,255.2671356201172,203.31362915039062,45.058021545410156,31.151168823242188,138.67185974121094,101.8761978149414,161.72999572753906,57.04779052734375,9.458399772644043
2020-04-23,255.2488555908203,202.87991333007812,44.91810989379883,31.037927627563477,139.4078826904297,102.30909729003906,163.33999633789062,56.57142639160156,9.432295799255371
2020-04-24,258.80670166015625,206.0794219970703,45.43658447265625,30.9943790435791,139.73509216308594,102.23822784423828,162.63999938964844,56.81351852416992,9.310476303100586
2020-04-27,262.5382080078125,207.73703002929688,46.03736114501953,31.621578216552734,137.13417053222656,101.41184997558594,161.55999755859375,58.758056640625,9.136448860168457
2020-04-28,261.33099365234375,203.82435607910156,46.38301086425781,31.68255043029785,138.712646484375,101.6873550415039,160.83999633789062,59.24223327636719,9.145150184631348
2020-04-29,268.17218017578125,211.05218505859375,47.54340744018555,32.6059455871582,137.9929962158203,102.35630798339844,161.72999572753906,60.13253402709961,9.310476303100586
2020-04-30,265.6754150390625,210.9654541015625,46.55583572387695,31.91776466369629,136.38160705566406,101.66370391845703,158.8000030517578,59.43749237060547,9.484503746032715
2020-05-01,258.6420593261719,205.019287109375,45.5435676574707,30.767879486083984,137.54946899414062,101.26132202148438,159.77999877929688,57.430458068847656,9.362685203552246
2020-05-04,259.3554382324219,207.40939331054688,45.52711486816406,31.098901748657227,136.9025115966797,101.41910552978516,160.33999633789062,57.14932632446289,9.475802421569824
2020-05-05,261.75177001953125,209.76083374023438,45.60940933227539,31.273134231567383,136.02621459960938,101.28497314453125,161.02000427246094,57.430458068847656,9.719441413879395
2020-05-06,259.9773864746094,211.05218505859375,45.313133239746094,31.177305221557617,133.831298828125,100.14884185791016,158.9499969482422,56.39960479736328,9.528010368347168
2020-05-07,263.1144104003906,213.76986694335938,45.99620056152344,31.429929733276367,136.06710815429688,100.41706085205078,161.38999938964844,57.20399475097656,9.588920593261719
2020-05-08,267.4679870605469,216.69955444335938,46.77803421020508,32.09198760986328,134.29812622070312,99.93574523925781,160.4199981689453,58.562828063964844,9.789052963256836
2020-05-11,267.52288818359375,218.63653564453125,46.73689270019531,31.882909774780273,133.2498016357422,99.05998229980469,159.4199981689453,57.71160125732422,9.65853214263916
2020-05-12,262.1907958984375,214.05894470214844,46.14434814453125,31.760957717895508,134.61752319335938,100.0146713256836,160.0399932861328,55.08763885498047,9.580220222473145
2020-05-13,257.55364990234375,211.37986755371094,45.790462493896484,31.699974060058594,135.5593719482422,100.24348449707031,161.5800018310547,53.752227783203125,9.484503746032715
2020-05-14,260.6359558105469,213.7794952392578,45.35429382324219,31.821931838989258,136.88612365722656,101.07194519042969,163.00999450683594,53.93965148925781,9.649829864501953
2020-05-15,261.8340148925781,215.16722106933594,45.39543533325195,31.38637924194336,136.53395080566406,101.42701721191406,163.92999267578125,53.72880554199219,9.74554443359375
2020-05-18,269.8094177246094,219.1762237548828,47.230674743652344,32.614646911621094,133.5364227294922,102.00293731689453,162.69000244140625,56.9072265625,10.0239896774292
2020-05-19,267.0381774902344,218.62693786621094,46.58052444458008,32.35331344604492,134.0360565185547,102.08190155029297,164.25999450683594,56.141910552978516,9.997884750366211
2020-05-20,271.5746154785156,222.9925537109375,47.5516357421875,32.780174255371094,134.43731689453125,103.20227813720703,164.64999389648438,56.64170837402344,10.17191219329834
2020-05-21,269.69970703125,220.56399536132812,47.000240325927734,32.405582427978516,134.77313232421875,103.12337493896484,162.25,56.68855667114258,10.12840747833252
2020-05-22,270.2117919921875,221.32528686523438,46.868560791015625,31.734821319580078,135.5839080810547,103.12337493896484,163.2100067138672,57.453887939453125,10.050094604492188
2020-05-26,273.541015625,220.7278289794922,48.210025787353516,32.43171310424805,133.76580810546875,102.98137664794922,160.88999938964844,59.601463317871094,10.154509544372559
2020-05-27,277.6109924316406,221.9324493408203,48.794334411621094,32.5362548828125,133.52000427246094,103.40738677978516,161.17999267578125,60.788509368896484,10.0239896774292
2020-05-28,277.09893798828125,221.643310546875,49.25519943237305,32.309757232666016,133.02862548828125,103.49419403076172,161.72000122070312,61.07746505737305,10.076196670532227
2020-05-29,278.3336181640625,224.89102172851562,49.08237075805664,32.867271423339844,133.97874450683594,104.16483306884766,162.91000366210938,60.468318939208984,10.250224113464355
2020-06-01,279.4585876464844,225.56558227539062,50.176937103271484,33.62514877319336,133.07676696777344,104.11895751953125,163.66000366210938,61.86620330810547,10.311135292053223
2020-06-02,281.7724304199219,227.07862854003906,50.646034240722656,34.42657470703125,132.5928192138672,104.4511947631836,162.60000610351562,62.36602783203125,10.4242525100708
2020-06-03,285.52239990234375,228.1001434326172,51.85580825805664,35.228004455566406,130.82980346679688,104.38790893554688,159.60000610351562,64.3652114868164,10.4242525100708
2020-06-04,284.7723693847656,226.50045776367188,51.633609771728516,34.73147201538086,128.93540954589844,104.07152557373047,161.27999877929688,63.724857330322266,10.511266708374023
2020-06-05,292.0710144042969,230.99131774902344,52.522422790527344,35.646148681640625,128.0168914794922,104.60939025878906,158.00999450683594,66.13795471191406,10.720098495483398
2020-06-08,295.6014404296875,232.78379821777344,53.20549392700195,35.863922119140625,128.50901794433594,104.95735168457031,159.72000122070312,67.77793884277344,10.65048885345459
2020-06-09,293.3970947265625,234.47030639648438,52.514190673828125,35.620018005371094,129.96868896484375,104.73591613769531,161.25999450683594,66.65338134765625,10.685293197631836
2020-06-10,291.7599792480469,237.28431701660156,52.39897918701172,35.881343841552734,131.89585876464844,105.42402648925781,163.57000732421875,64.95873260498047,10.754904747009277
2020-06-11,274.94036865234375,225.527099609375,49.592620849609375,34.008445739746094,134.38868713378906,104.16644287109375,162.38999938964844,60.788509368896484,10.40684986114502
2020-06-12,278.2329406738281,227.31954956054688,50.448516845703125,34.73147201538086,133.0930633544922,104.67264556884766,162.6199951171875,62.967342376708984,10.450357437133789
2020-06-15,280.8304138183594,230.08546447753906,50.65550994873047,34.416038513183594,133.16690063476562,106.15962219238281,162.3300018310547,63.85761642456055,10.546072006225586
2020-06-16,286.23577880859375,234.03665161132812,51.28150177001953,34.63508605957031,131.1249542236328,105.86697387695312,162.25,65.11492919921875,10.633087158203125
2020-06-17,285.0467529296875,234.7786865234375,51.47347640991211,34.96803665161133,131.66622924804688,105.66130828857422,162.55999755859375,64.16997528076172,10.580876350402832
2020-06-18,285.1565856933594,235.4147491455078,51.19804382324219,34.98555374145508,133.06031799316406,105.89855194091797,162.24000549316406,63.46713638305664,10.641786575317383
2020-06-19,283.52685546875,235.37619018554688,50.94764709472656,34.9767951965332,133.16690063476562,105.97769927978516,164.02999877929688,62.545616149902344,10.728801727294922
2020-06-22,285.3457336425781,238.19894409179688,51.556941986083984,35.406124114990234,133.18321228027344,105.87483978271484,165.08999633789062,62.483150482177734,10.8419189453125
2020-06-23,286.6594543457031,240.2262725830078,51.84073257446289,35.747825622558594,132.27294921875,105.6771240234375,166.47999572753906,62.22544479370117,10.789710998535156
2020-06-24,279.3471374511719,235.27383422851562,50.51362228393555,35.27470016479492,133.69166564941406,105.38446044921875,165.89999389648438,60.452693939208984,10.519967079162598
2020-06-25,282.34185791015625,237.51353454589844,51.2314338684082,35.42364501953125,134.07716369628906,105.4952163696289,165.8000030517578,61.224815368652344,10.615682601928711
2020-06-26,275.63580322265625,231.90464782714844,50.488582611083984,34.99432373046875,135.51217651367188,105.59014892578125,166.5399932861328,60.04970169067383,10.485161781311035
2020-06-29,279.6869812011719,234.43394470214844,50.89756393432617,35.152034759521484,135.08570861816406,106.08051300048828,166.6300048828125,61.20906066894531,10.65919017791748
2020-06-30,283.26959228515625,239.02920532226562,50.805747985839844,35.03812789916992,134.42974853515625,106.38105773925781,167.3699951171875,61.93463897705078,10.71139907836914
2020-07-01,285.2539978027344,241.81915283203125,50.99772262573242,35.432411193847656,134.16859436035156,106.80121612548828,166.6199951171875,63.362125396728516,10.798412322998047
2020-07-02,286.8247985839844,243.46035766601562,51.556941986083984,36.238494873046875,134.30825805664062,107.06283569335938,166.97999572753906,63.18073654174805,10.8419189453125
2020-07-06,291.2525939941406,249.44577026367188,52.39994430541992,37.798072814941406,133.7581787109375,107.34029388427734,167.97999572753906,63.14918518066406,10.928933143615723
2020-07-07,288.2486572265625,247.727294921875,51.63206100463867,37.167232513427734,135.6383056640625,107.4830093383789,169.0399932861328,61.895179748535156,10.937634468078613
2020-07-08,290.4533996582031,250.9902801513672,52.06608963012695,38.13102340698242,135.09632873535156,107.30860900878906,170.08999633789062,61.80845260620117,11.07685661315918
2020-07-09,288.7998962402344,253.1044464111328,51.47347640991211,38.13102340698242,137.2474365234375,107.91107940673828,169.6300048828125,61.42198944091797,10.946334838867188
2020-07-10,291.7486877441406,254.83258056640625,52.024356842041016,37.88569259643555,136.5577850341797,107.71292114257812,169.19000244140625,61.61126708984375,11.015946388244629
2020-07-13,289.2224426269531,249.5905303955078,51.690494537353516,37.6316032409668,137.00929260253906,107.427490234375,169.39999389648438,60.877811431884766,10.902828216552734
2020-07-14,292.9704895019531,251.35708618164062,52.45003128051758,37.68417739868164,137.20643615722656,108.05378723144531,170.19000244140625,61.39044189453125,10.955037117004395
2020-07-15,295.66204833984375,251.8687744140625,53.04263687133789,37.798072814941406,136.56597900390625,108.2678451538086,170.33999633789062,61.98984146118164,11.085556983947754
2020-07-16,294.688232421875,250.15037536621094,52.70042037963867,37.26361083984375,137.214599609375,108.56905364990234,168.72999572753906,61.248477935791016,10.99854564666748
2020-07-17,295.5426330566406,250.44004821777344,53.00925064086914,37.47389221191406,136.92724609375,108.8624038696289,170.1199951171875,62.045047760009766,11.015946388244629
2020-07-20,297.9310302734375,257.54522705078125,53.26799774169922,37.95578384399414,137.2638397216797,109.16364288330078,170.94000244140625,61.30367660522461,11.007245063781738
2020-07-21,298.5649108886719,254.8615264892578,53.37650680541992,38.30625534057617,137.345947265625,109.30636596679688,173.0,61.45354080200195,11.163869857788086
2020-07-22,300.2644348144531,255.75927734375,53.51839828491211,38.13977813720703,137.75637817382812,109.66310119628906,175.6300048828125,62.39206314086914,11.233481407165527
2020-07-23,296.68170166015625,249.078857421875,53.09272384643555,37.83312225341797,139.36561584472656,109.74236297607422,177.17999267578125,62.13179016113281,11.207377433776855
2020-07-24,294.7709655761719,246.71363830566406,52.80058288574219,37.798072814941406,139.35740661621094,109.49662017822266,178.6999969482422,61.67436599731445,11.224780082702637
2020-07-27,296.9205627441406,251.11581420898438,53.49335479736328,38.385108947753906,138.84022521972656,109.16364288330078,182.22999572753906,62.257991790771484,11.32919692993164
2020-07-28,295.037353515625,247.92039489746094,53.15114212036133,38.06968688964844,139.8007049560547,109.05265808105469,183.75,63.4962158203125,11.26828670501709
2020-07-29,298.66595458984375,250.77796936035156,53.71036148071289,38.68299865722656,139.56265258789062,109.6472396850586,185.1300048828125,64.72654724121094,11.32919692993164
2020-07-30,297.600341796875,252.0908966064453,52.917442321777344,38.192352294921875,140.48216247558594,109.52837371826172,183.75999450683594,64.30853271484375,11.198676109313965
2020-07-31,299.9520263671875,256.58953857421875,51.7906494140625,37.92950439453125,140.39187622070312,109.678955078125,185.42999267578125,64.19023132324219,11.259584426879883
2020-08-03,302.037353515625,260.0553283691406,52.80058288574219,38.192352294921875,139.68505859375,109.82593536376953,185.63999938964844,63.33846664428711,11.372702598571777
2020-08-04,303.20404052734375,261.0206604003906,53.09272384643555,38.700538635253906,141.01657104492188,110.23112487792969,189.58999633789062,64.28487396240234,11.433612823486328
2020-08-05,305.0871276855469,261.66741943359375,53.26799774169922,39.121089935302734,139.78369140625,110.08014678955078,191.35000610351562,63.961524963378906,11.529327392578125
2020-08-06,307.12652587890625,265.1332092285156,53.326419830322266,39.24375915527344,140.564453125,110.54891967773438,193.88999938964844,64.06405639648438,11.616342544555664
2020-08-07,307.34698486328125,262.0729064941406,53.10940933227539,38.437679290771484,139.62744140625,110.23902130126953,190.80999755859375,64.9789047241211,11.459716796875
2020-08-10,308.2657775878906,260.9530334472656,53.28469467163086,38.5340576171875,139.00286865234375,110.00074768066406,190.14999389648438,65.0814437866211,11.52062702178955
2020-08-11,305.7210388183594,256.0102844238281,53.47666549682617,38.428916931152344,137.35072326660156,109.3095703125,179.94000244140625,64.1429214477539,11.337897300720215
2020-08-12,309.9835510253906,262.44940185546875,54.66188049316406,38.94586181640625,136.10153198242188,109.03947448730469,179.10000610351562,64.78964233398438,11.459716796875
2020-08-13,309.423095703125,263.0479736328125,54.419830322265625,38.83195877075195,134.6466827392578,108.05428314208984,183.3300018310547,63.993064880371094,11.52062702178955
2020-08-14,309.43231201171875,262.73907470703125,54.08597183227539,38.761863708496094,134.12060546875,107.57763671875,182.5399932861328,64.00096130371094,11.52062702178955
2020-08-17,310.415283203125,265.78961181640625,54.49494552612305,39.25252151489258,134.45762634277344,107.8000717163086,186.5,64.52146911621094,11.712057113647461
2020-08-18,311.0859680175781,268.3479309082031,54.4615592956543,39.208717346191406,135.41928100585938,108.10992431640625,188.17999267578125,64.21389770507812,11.738161087036133
2020-08-19,309.79058837890625,266.5426940917969,54.219505310058594,38.72682571411133,134.57273864746094,107.82392120361328,182.24000549316406,63.086082458496094,11.703354835510254
2020-08-20,310.755126953125,270.2400817871094,54.04423522949219,38.60415267944336,135.7891387939453,108.20528411865234,183.5,63.68547821044922,11.685953140258789
2020-08-21,311.85760498046875,272.11297607421875,53.7687873840332,38.796913146972656,136.60281372070312,108.40386199951172,182.02999877929688,63.788002014160156,11.572834968566895
2020-08-24,315.01763916015625,273.8119812011719,54.47825241088867,39.22623825073242,136.38088989257812,108.21322631835938,181.0,64.1981201171875,11.633744239807129
2020-08-25,316.1199645996094,275.9647521972656,54.51163864135742,39.620513916015625,135.33712768554688,107.74446105957031,181.22000122070312,64.36373901367188,11.729459762573242
2020-08-26,319.2892150878906,281.8536682128906,54.82880783081055,39.72565841674805,134.8192596435547,107.7842025756836,183.36000061035156,63.7722282409668,11.75556468963623
2020-08-27,319.98736572265625,280.9751281738281,54.26959228515625,39.392704010009766,132.52613830566406,106.92616271972656,181.24000549316406,64.71076202392578,11.712057113647461
2020-08-28,322.0543518066406,282.40386962890625,54.653533935546875,39.90964889526367,132.42745971679688,107.25186920166016,184.38999938964844,65.13665771484375,11.790369033813477
2020-08-31,320.88763427734375,284.6725769042969,54.2362060546875,39.02471923828125,133.3069305419922,107.72862243652344,184.8300018310547,64.47415161132812,11.781667709350586
2020-09-01,323.9100341796875,289.5381164550781,54.29462814331055,39.69060516357422,134.8317413330078,108.4093246459961,185.0500030517578,64.52146911621094,11.799070358276367
2020-09-02,328.5950927734375,292.2797546386719,55.020782470703125,39.58546829223633,136.11532592773438,108.83924865722656,182.6199951171875,65.72026824951172,11.642446517944336
2020-09-03,317.2866516113281,277.4612121582031,53.77714157104492,38.83195877075195,136.50209045410156,108.60044860839844,181.13999938964844,64.93160247802734,11.538030624389648
2020-09-04,314.69610595703125,273.76373291015625,53.85225296020508,38.8494758605957,133.9101104736328,107.44590759277344,181.63999938964844,64.59243774414062,11.433612823486328
2020-09-08,306.09759521484375,260.6055908203125,53.19288635253906,38.17483139038086,134.7329864501953,107.5494155883789,181.2899932861328,63.803802490234375,11.155168533325195
2020-09-09,312.142333984375,268.26104736328125,54.186126708984375,38.74434280395508,134.37086486816406,107.62110137939453,183.0500030517578,64.4347152709961,11.259584426879883
2020-09-10,306.72235107421875,262.912841796875,53.55178451538086,38.122257232666016,135.0538330078125,107.70072937011719,182.4600067138672,63.64604949951172,11.146467208862305
2020-09-11,306.8785095214844,261.0882263183594,54.08597183227539,38.4902458190918,135.3418426513672,107.78031158447266,182.4499969482422,63.291133880615234,11.224780082702637
2020-09-14,310.9205322265625,265.6351013183594,54.37810134887695,39.11233139038086,135.3336181640625,108.05103302001953,183.88999938964844,64.83695220947266,11.233481407165527
2020-09-15,312.49139404296875,269.4001770019531,54.72865295410156,39.52413558959961,135.0044708251953,108.17046356201172,183.4499969482422,65.61772918701172,11.294389724731445
2020-09-16,311.2512512207031,265.1041564941406,54.72865295410156,39.471561431884766,134.6012420654297,108.24211120605469,183.97000122070312,65.96475219726562,11.503225326538086
2020-09-17,308.51373291015625,260.9627990722656,54.80377197265625,39.31385040283203,135.0126953125,108.2660140991211,182.9600067138672,64.67921447753906,11.633744239807129
2020-09-18,304.9619445800781,257.6322021484375,54.36140060424805,39.0071907043457,134.59304809570312,108.06697082519531,183.1999969482422,63.220184326171875,11.685953140258789
2020-09-21,301.5677795410156,258.24993896484375,52.984214782714844,38.64796447753906,135.27597045898438,107.96349334716797,179.52000427246094,61.3194694519043,11.398807525634766
2020-09-22,304.6390686035156,263.0479736328125,52.9675178527832,38.358821868896484,135.16903686523438,108.02714538574219,178.64999389648438,62.05292510986328,11.346598625183105
2020-09-23,297.5741882324219,255.0159149169922,52.525150299072266,37.763023376464844,135.35011291503906,107.24687957763672,174.7899932861328,60.18376541137695,11.216078758239746
2020-09-24,298.36737060546875,256.203369140625,52.475067138671875,37.58779525756836,135.86846923828125,106.9761734008789,175.44000244140625,60.50712966918945,11.26828670501709
2020-09-25,303.1911315917969,262.1596984863281,52.650352478027344,37.62283706665039,135.86846923828125,106.86471557617188,174.94000244140625,61.754940032958984,11.26828670501709
2020-09-28,308.22686767578125,267.6045837402344,53.44327163696289,38.043399810791016,135.4817657470703,107.4061050415039,176.6999969482422,63.01865768432617,11.364002227783203
2020-09-29,306.54827880859375,266.3978576660156,53.38485336303711,38.01711654663086,135.63807678222656,107.27074432373047,178.19000244140625,62.56562042236328,11.233481407165527
2020-09-30,308.87249755859375,268.222412109375,53.1261100769043,38.63044357299805,134.33792114257812,107.25483703613281,177.1199951171875,62.75639343261719,11.364002227783203
2020-10-01,310.8553771972656,272.4797668457031,53.4349250793457,38.98966979980469,134.55947875976562,107.55329895019531,178.6999969482422,64.01213836669922,11.224780082702637
2020-10-02,307.90411376953125,264.8146057128906,53.326419830322266,38.542823791503906,134.05702209472656,107.56920623779297,178.5399932861328,65.11691284179688,11.085556983947754
2020-10-05,313.36419677734375,270.462158203125,54.13604736328125,39.05976104736328,131.43777465820312,107.21014404296875,179.41000366210938,65.49044036865234,11.372702598571777
2020-10-06,308.9093933105469,265.6351013183594,53.56013107299805,39.12985610961914,132.14608764648438,107.12239074707031,177.3000030517578,65.06124877929688,11.416210174560547
2020-10-07,314.2864074707031,270.2303771972656,54.01919174194336,39.55918502807617,131.1822967529297,107.15425872802734,177.22000122070312,65.15663146972656,11.459716796875
2020-10-08,317.0718994140625,271.6688537597656,54.3947868347168,39.88336181640625,131.89073181152344,107.4175796508789,177.85000610351562,66.24549102783203,11.572834968566895
2020-10-09,319.9032897949219,275.82000732421875,54.82046890258789,40.15498733520508,131.8660430908203,107.66498565673828,181.0800018310547,65.98320770263672,11.607641220092773
2020-10-12,325.0498962402344,284.3347473144531,55.13763427734375,40.50544738769531,132.28614807128906,108.28736877441406,180.55999755859375,66.29317474365234,11.485821723937988
2020-10-13,322.9284362792969,284.324951171875,54.519989013671875,40.3389778137207,133.2333984375,108.18367004394531,177.72000122070312,65.15663146972656,11.511924743652344
2020-10-14,320.8993835449219,281.9501953125,54.42817306518555,40.06735610961914,133.53819274902344,108.28736877441406,178.27000427246094,64.3618392944336,11.59023666381836
2020-10-15,320.5028381347656,280.05804443359375,53.78548812866211,39.77822494506836,133.3075408935547,108.17567443847656,178.9199981689453,64.6956558227539,11.625042915344238
2020-10-16,320.30914306640625,278.5230712890625,54.035888671875,39.918418884277344,132.9368438720703,107.99213409423828,178.3000030517578,64.23468017578125,11.546731948852539
2020-10-19,315.4393615722656,273.9761047363281,53.835567474365234,39.80450439453125,132.43435668945312,107.78468322753906,178.38999938964844,63.23324203491211,11.555432319641113
2020-10-20,316.7028503417969,274.56500244140625,54.102657318115234,40.24259567260742,131.1741180419922,107.56121826171875,179.25,63.686256408691406,11.685953140258789
2020-10-21,316.10345458984375,274.3525695800781,53.84391403198242,40.35649871826172,130.72109985351562,107.3857192993164,180.60000610351562,63.495521545410156,11.59023666381836
2020-10-22,317.83734130859375,274.3429260253906,53.885643005371094,40.34773254394531,129.3619384765625,107.14633178710938,178.8300018310547,63.487571716308594,11.625042915344238
2020-10-23,318.91644287109375,274.88360595703125,54.2362060546875,40.58430099487305,130.15269470214844,107.4175796508789,178.63999938964844,63.869056701660156,11.538030624389648
2020-10-26,313.0228576660156,270.7613830566406,53.25965118408203,40.05860137939453,131.36358642578125,107.6410140991211,178.5500030517578,62.9550666809082,11.372702598571777
2020-10-27,311.94378662109375,272.8755798339844,52.84231948852539,40.23382568359375,132.244873046875,108.07991027832031,179.02000427246094,61.94569396972656,11.451014518737793
2020-10-28,301.2818603515625,262.237060546875,51.26481246948242,39.22623825073242,132.3684539794922,107.54530334472656,176.1300048828125,60.4673957824707,11.146467208862305
2020-10-29,304.343994140625,266.8226013183594,51.50686264038086,39.620513916015625,131.08349609375,107.26602172851562,175.39999389648438,61.278079986572266,11.007245063781738
2020-10-30,301.1712646484375,260.0553283691406,51.23976516723633,39.17366027832031,129.79029846191406,106.70744323730469,176.1999969482422,60.87273406982422,11.007245063781738
2020-11-02,304.5468444824219,260.6345520019531,51.907508850097656,39.67308044433594,130.7624969482422,107.12567138671875,177.91000366210938,62.32719039916992,11.207377433776855
2020-11-03,309.9239501953125,265.1428527832031,53.26799774169922,39.84831619262695,130.00390625,107.22959899902344,178.9199981689453,63.52732849121094,11.27698802947998
2020-11-04,316.8504638671875,276.978515625,53.85225296020508,41.101234436035156,132.823974609375,108.83685302734375,178.82000732421875,63.63859939575195,11.398807525634766
2020-11-05,323.02996826171875,284.1995544433594,55.1459846496582,41.802181243896484,133.0548095703125,109.24471282958984,182.92999267578125,63.940608978271484,11.451014518737793
2020-11-06,322.9561767578125,284.4119567871094,55.26283645629883,41.994937896728516,131.4468994140625,108.90081787109375,183.19000244140625,63.50346755981445,11.407508850097656
2020-11-09,327.0143127441406,278.600341796875,56.87372970581055,42.28407669067383,128.68455505371094,108.07723999023438,175.0800018310547,65.75271606445312,11.546731948852539
2020-11-10,326.5347595214844,273.6092224121094,57.38286590576172,41.802181243896484,127.94245147705078,107.79730987548828,175.66000366210938,66.71442413330078,11.772967338562012
2020-11-11,328.9603576660156,279.7298278808594,57.86697006225586,42.073795318603516,128.40419006347656,107.99723052978516,174.89999389648438,66.96875,11.764266014099121
2020-11-12,325.7693176269531,278.4168395996094,57.023963928222656,41.75838088989258,130.58938598632812,108.42903137207031,175.9600067138672,66.094482421875,11.668549537658691
2020-11-13,330.27935791015625,280.8592529296875,57.90036392211914,42.34540557861328,130.41616821289062,108.55699920654297,177.16000366210938,67.85889434814453,11.616342544555664
2020-11-16,334.40203857421875,283.05072021484375,58.50130844116211,42.87111282348633,130.10281372070312,108.9087905883789,177.14999389648438,68.62189483642578,11.720758438110352
2020-11-17,332.603515625,282.1529541015625,58.4428825378418,42.827308654785156,130.95217895507812,109.26063537597656,176.5,68.68548583984375,11.75556468963623
2020-11-18,328.6006774902344,280.0677185058594,58.13406753540039,42.678348541259766,131.33154296875,109.49252319335938,175.49000549316406,67.35022735595703,11.772967338562012
2020-11-19,329.9842224121094,282.2591552734375,58.54304122924805,42.74844741821289,132.0076904296875,110.10026550292969,175.16000366210938,67.61251831054688,11.772967338562012
2020-11-20,327.72454833984375,280.328369140625,58.71832275390625,42.985015869140625,133.17848205566406,110.00430297851562,175.69000244140625,67.24691772460938,11.833876609802246
2020-11-23,329.6889343261719,280.33807373046875,58.64321517944336,43.09891891479492,132.56837463378906,110.1402587890625,172.22999572753906,67.37407684326172,11.868682861328125
2020-11-24,335.0015563964844,284.2767639160156,59.51961135864258,43.67718505859375,131.24900817871094,109.89236450195312,169.58999633789062,67.73174285888672,12.12102222442627
2020-11-25,334.48504638671875,286.0240783691406,59.44447708129883,43.43185806274414,130.84495544433594,109.95631408691406,169.50999450683594,67.77147674560547,12.225438117980957
2020-11-27,335.4166259765625,288.65960693359375,59.853458404541016,43.84365463256836,132.1148681640625,110.34814453125,167.7899932861328,67.46945190429688,12.199335098266602
2020-11-30,333.93170166015625,289.24853515625,58.55139923095703,42.69587326049805,131.94981384277344,110.73197937011719,166.6699981689453,66.76209259033203,12.129722595214844
2020-12-01,337.5839538574219,292.95562744140625,59.9285774230957,43.53700256347656,130.00437927246094,110.3121109008789,170.17999267578125,67.62047576904297,12.094917297363281
2020-12-02,338.2941589355469,293.3321533203125,59.93691635131836,43.598331451416016,128.97264099121094,109.94355010986328,171.4600067138672,67.08797454833984,12.147126197814941
2020-12-03,338.2019348144531,293.7471923828125,60.0370979309082,44.09775161743164,130.01260375976562,110.37622833251953,172.80999755859375,67.65225982666016,12.164527893066406
2020-12-04,341.11651611328125,294.9443054199219,60.546234130859375,44.55336380004883,128.1058807373047,109.7673110961914,172.32000732421875,68.68548583984375,12.216736793518066
2020-12-07,340.4154968261719,296.61431884765625,60.05377960205078,44.55336380004883,129.2615203857422,109.86343383789062,174.88999938964844,68.08939361572266,12.216736793518066
2020-12-08,341.41162109375,297.6184387207031,60.262447357177734,44.57087707519531,129.87228393554688,109.73528289794922,175.5,67.8509521484375,12.234140396118164
2020-12-09,338.3494567871094,290.8800048828125,60.34592056274414,44.18537139892578,129.44305419921875,109.33462524414062,172.5,67.42971801757812,12.242839813232422
2020-12-10,338.2388000488281,292.048095703125,60.429378509521484,44.7548828125,130.59046936035156,109.87948608398438,172.1699981689453,67.13565063476562,12.425570487976074
2020-12-11,337.84222412109375,291.4013366699219,60.245758056640625,44.439456939697266,131.05267333984375,109.99162292480469,172.49000549316406,67.07206726074219,12.390765190124512
2020-12-14,336.3296813964844,293.5155334472656,60.28284454345703,44.20840835571289,130.68946838378906,109.91154479980469,171.5399932861328,66.77799224853516,12.425570487976074
2020-12-15,340.87664794921875,296.65301513671875,60.89806365966797,44.68643569946289,130.25204467773438,110.12786865234375,173.94000244140625,68.14501953125,12.521286010742188
2020-12-16,341.41162109375,298.28448486328125,61.1340217590332,44.898887634277344,129.90538024902344,110.03973388671875,174.89999389648438,68.22449493408203,12.590896606445312
2020-12-17,343.3207702636719,300.23455810546875,61.56383514404297,45.191009521484375,129.56163024902344,110.20028686523438,176.74000549316406,68.8841781616211,12.738821029663086
2020-12-18,341.949951171875,299.3270568847656,61.24359130859375,45.13790512084961,129.17324829101562,110.12000274658203,176.44000244140625,67.50125122070312,12.782325744628906
2020-12-21,340.727294921875,298.76715087890625,60.45982360839844,44.47398376464844,129.68553161621094,109.90325927734375,175.8800048828125,67.11974334716797,12.651805877685547
2020-12-22,340.15301513671875,299.5795593261719,60.308109283447266,44.119895935058594,130.35479736328125,110.20831298828125,174.49000549316406,67.58868408203125,12.51258373260498
2020-12-23,340.4586486816406,298.0708312988281,60.957035064697266,44.57135772705078,129.4541778564453,110.23240661621094,175.64999389648438,67.15155029296875,12.669208526611328
2020-12-24,341.783203125,299.3861389160156,60.98234176635742,44.376609802246094,129.96649169921875,110.60974884033203,176.35000610351562,67.73945617675781,12.704014778137207
2020-12-28,344.7193908691406,302.4035339355469,61.479557037353516,44.50053787231445,130.0243682861328,110.6820068359375,175.7100067138672,68.14324951171875,12.625702857971191
2020-12-29,344.0617370605469,302.67437744140625,61.87566375732422,45.16446304321289,129.8590087890625,110.7302017211914,176.35000610351562,67.5617904663086,12.660507202148438
2020-12-30,344.5527648925781,302.6839904785156,61.95992660522461,45.76641845703125,130.13998413085938,110.87467193603516,177.6999969482422,67.93328094482422,12.738821029663086
2020-12-31,346.3033142089844,303.4287109375,61.48798751831055,45.7398681640625,130.3300323486328,110.89875793457031,178.36000061035156,68.58741760253906,12.791028022766113
2021-01-04,341.5887451171875,299.14434814453125,61.8082275390625,46.03199005126953,130.17306518554688,110.33670806884766,182.3300018310547,66.35848999023438,12.721417427062988
2021-01-05,343.9412841796875,301.6104736328125,62.448734283447266,47.13853073120117,129.20631408691406,109.98352813720703,182.8699951171875,66.4554214477539,13.078173637390137
2021-01-06,345.99749755859375,297.4324951171875,63.165096282958984,46.74017333984375,126.55392456054688,109.09236145019531,179.89999389648438,66.5685043334961,13.095576286315918
2021-01-07,351.1382751464844,304.62799072265625,63.23250198364258,47.18279266357422,125.43838500976562,109.07630157470703,179.47999572753906,66.43924713134766,13.156485557556152
2021-01-08,353.138916015625,308.544921875,63.822444915771484,48.430965423583984,125.03350830078125,108.99600982666016,173.33999633789062,67.0853271484375,13.260903358459473
2021-01-11,350.7584228515625,304.08636474609375,62.98810577392578,47.77589797973633,124.8269271850586,108.53036499023438,173.0,66.19696807861328,13.16518783569336
2021-01-12,350.8326110839844,303.602783203125,63.27463912963867,48.24506378173828,124.72779083251953,108.76313781738281,174.1199951171875,66.35042572021484,13.41752815246582
2021-01-13,351.77740478515625,305.6531066894531,63.190364837646484,48.351287841796875,126.1324691772461,109.60615539550781,173.3699951171875,67.15798950195312,13.382722854614258
2021-01-14,350.5454406738281,304.0186767578125,63.69601821899414,48.802764892578125,124.95094299316406,109.1324691772461,173.27999877929688,67.55371856689453,13.504542350769043
2021-01-15,347.9890441894531,301.6104736328125,62.701560974121094,48.112281799316406,125.4466781616211,109.30111694335938,171.1300048828125,68.32899475097656,13.3131103515625
2021-01-19,350.72149658203125,306.01092529296875,63.15665054321289,48.90898513793945,125.85157775878906,109.49378967285156,172.5800018310547,68.13516998291016,13.35661792755127
2021-01-20,355.574951171875,313.1290588378906,63.586463928222656,49.767669677734375,125.97551727294922,109.4616470336914,175.38999938964844,69.43537139892578,13.36531925201416
2021-01-21,355.89910888671875,315.6339416503906,63.63703536987305,49.85618591308594,125.09140014648438,109.0280990600586,175.27999877929688,69.1042709350586,13.35661792755127
2021-01-22,354.6394348144531,314.724853515625,63.3336296081543,49.422420501708984,125.49633026123047,108.94784545898438,173.89999389648438,69.26577758789062,13.130382537841797
2021-01-25,356.03814697265625,317.3264465332031,63.25778579711914,49.79422378540039,126.975341796875,109.41349029541016,174.0500030517578,69.79068756103516,13.269603729248047
2021-01-26,355.4822692871094,317.7906799316406,63.350494384765625,49.431270599365234,126.7356948852539,109.4054183959961,173.6199951171875,70.2833251953125,13.295708656311035
2021-01-27,346.7942199707031,308.93170166015625,61.900943756103516,48.059165954589844,127.05795288085938,109.21278381347656,172.52000427246094,69.0396499633789,13.260903358459473
2021-01-28,349.7767028808594,310.7596435546875,62.29703140258789,48.39555358886719,126.3556137084961,109.03616333007812,172.67999267578125,69.4111328125,13.199993133544922
2021-01-29,342.7743225097656,304.2217712402344,61.00761032104492,47.1916389465332,125.59545135498047,108.86754608154297,172.61000061035156,68.61164093017578,13.217394828796387
2021-02-01,348.4798889160156,311.82342529296875,61.732391357421875,48.466373443603516,125.74105072021484,109.08234405517578,174.22999572753906,70.17832946777344,13.469735145568848
2021-02-02,353.4075012207031,316.91058349609375,62.35602569580078,49.09489059448242,124.93031311035156,108.792724609375,172.11000061035156,70.59827423095703,13.574152946472168
2021-02-03,353.6854553222656,315.65325927734375,62.50773239135742,49.34275436401367,123.82178497314453,108.53531646728516,171.85000610351562,70.42058563232422,13.669867515563965
2021-02-04,357.705322265625,319.38641357421875,62.57514953613281,49.36045837402344,123.49092102050781,108.72030639648438,168.14999389648438,70.90514373779297,13.739479064941406
2021-02-05,359.1131591796875,320.4696044921875,62.962806701660156,49.785369873046875,122.45684051513672,108.43072509765625,169.80999755859375,71.15550994873047,13.809089660644531
2021-02-08,361.7066955566406,322.61663818359375,63.40106201171875,49.87388610839844,122.99456024169922,108.89729309082031,171.52000427246094,71.54315948486328,14.02662467956543
2021-02-09,361.4658203125,322.5489807128906,63.746585845947266,50.40502166748047,123.08555603027344,108.72837829589844,172.0800018310547,71.79348754882812,14.078832626342773
2021-02-10,361.30841064453125,321.81390380859375,63.5274658203125,50.582069396972656,123.90446472167969,108.98580169677734,172.7100067138672,72.18111419677734,14.052728652954102
2021-02-11,361.8919372558594,323.583740234375,63.95728302001953,51.122074127197266,123.22621154785156,108.6961898803711,171.2100067138672,72.33456420898438,14.02662467956543
2021-02-12,363.6795654296875,325.3923645019531,64.31124114990234,51.16632843017578,121.69580078125,108.34226989746094,170.69000244140625,72.3507308959961,14.200650215148926
2021-02-16,363.3646240234375,324.5123291015625,64.7747573852539,51.29025650024414,119.8427963256836,107.57801818847656,168.24000549316406,71.79348754882812,14.392083168029785
2021-02-17,363.4480285644531,322.9552001953125,64.39552307128906,51.307960510253906,120.60383605957031,108.1169662475586,166.3300018310547,71.70465087890625,14.435588836669922
2021-02-18,361.9012451171875,321.5431213378906,64.07526397705078,50.59977722167969,120.1157455444336,107.9078140258789,166.32000732421875,71.39777374267578,14.383381843566895
2021-02-19,361.2621154785156,320.1408386230469,64.26066589355469,50.927310943603516,118.51918029785156,107.12753295898438,167.00999450683594,71.80963897705078,14.374680519104004
2021-02-22,358.4833679199219,311.8428649902344,64.10055541992188,49.431270599365234,117.61749267578125,106.45985412597656,169.50999450683594,72.40725708007812,14.696630477905273
2021-02-23,358.9186706542969,310.9142761230469,64.15953826904297,49.65258026123047,117.27830505371094,106.54029846191406,169.1199951171875,72.85948181152344,14.766241073608398
2021-02-24,362.87371826171875,313.477294921875,64.36180114746094,49.333900451660156,116.50894927978516,106.70121002197266,169.0,73.41671752929688,14.992477416992188
2021-02-25,354.1299743652344,302.54864501953125,63.2662239074707,48.20965576171875,114.6063003540039,105.01187896728516,165.82000732421875,72.01151275634766,14.870658874511719
2021-02-26,352.30523681640625,303.8156433105469,62.37289810180664,47.56343078613281,118.39505004882812,106.40352630615234,161.80999755859375,70.96170043945312,14.557408332824707
2021-03-01,360.8452453613281,312.9549865722656,63.54432678222656,48.83816909790039,116.83139038085938,106.50753784179688,161.52999877929688,71.27665710449219,14.435588836669922
2021-03-02,358.02960205078125,307.9356384277344,63.47692108154297,48.360145568847656,116.8396987915039,106.38662719726562,162.41000366210938,70.59019470214844,14.496499061584473
2021-03-03,353.2872314453125,298.9992370605469,63.0892448425293,48.26276779174805,115.57244873046875,105.59664916992188,160.6199951171875,70.1864013671875,14.583512306213379
2021-03-04,348.9152526855469,294.10546875,62.490875244140625,47.13853073120117,114.82704162597656,104.734130859375,159.0399932861328,69.38690948486328,14.809749603271484
2021-03-05,355.3341979980469,298.5350036621094,62.89540100097656,47.6519660949707,115.05065155029297,104.59707641601562,159.13999938964844,70.14604187011719,15.114296913146973
2021-03-08,353.56500244140625,290.08221435546875,62.67628479003906,46.36838150024414,114.15615844726562,103.62174987792969,157.49000549316406,70.75171661376953,14.905464172363281
2021-03-09,358.61309814453125,301.52349853515625,63.51905822753906,47.38639450073242,115.73809814453125,104.40369415283203,160.83999633789062,71.22010803222656,14.905464172363281
2021-03-10,360.8452453613281,300.66278076171875,63.78873062133789,47.1739387512207,115.97001647949219,104.89537048339844,161.66000366210938,71.93077850341797,15.001178741455078
2021-03-11,364.50390625,307.58740234375,64.12582397460938,48.66112518310547,115.13346862792969,104.95989990234375,161.52000427246094,72.77066802978516,15.227413177490234
2021-03-12,364.99481201171875,305.0921630859375,64.28596496582031,47.79359817504883,112.69021606445312,103.750732421875,161.49000549316406,73.99009704589844,15.157803535461426
2021-03-15,367.17144775390625,308.3514099121094,64.3365249633789,47.90867614746094,113.3528060913086,104.1053695678711,162.1999969482422,75.0884017944336,15.105595588684082
2021-03-16,366.7083740234375,310.04388427734375,64.44609832763672,48.112281799316406,112.89724731445312,104.03284454345703,162.35000610351562,74.7815170288086,15.044687271118164
2021-03-17,367.958740234375,311.320556640625,64.82532501220703,48.17424774169922,112.05242919921875,104.12955474853516,163.50999450683594,74.84612274169922,15.044687271118164
2021-03-18,362.6050720214844,301.78460693359375,64.23538970947266,47.28901290893555,110.9177474975586,103.53307342529297,162.55999755859375,74.08699798583984,14.331171989440918
2021-03-19,361.9341735839844,302.84844970703125,64.41236114501953,47.87327194213867,111.60520935058594,103.68622589111328,163.24000549316406,73.07752990722656,14.644421577453613
2021-03-22,364.82421875,308.52783203125,64.47136688232422,47.73163604736328,112.85581970214844,104.0570297241211,163.0,73.59436798095703,14.618318557739258
2021-03-23,361.9527893066406,307.1817932128906,63.578041076660156,46.819847106933594,113.87457275390625,104.36334228515625,161.80999755859375,73.48941040039062,14.20935344696045
2021-03-24,360.1127014160156,302.0011291503906,63.25778579711914,45.748714447021484,114.48748779296875,104.6777114868164,162.3699951171875,73.07752990722656,14.583512306213379
2021-03-25,362.138671875,301.47821044921875,63.729740142822266,45.96116638183594,113.58465576171875,104.55682373046875,161.77999877929688,73.82160186767578,14.252860069274902
2021-03-26,367.9744567871094,306.00042724609375,64.55564880371094,47.1562385559082,113.18712615966797,104.48424530029297,162.24000549316406,75.4136962890625,14.592214584350586
2021-03-29,367.7886657714844,305.91326904296875,64.30281066894531,46.82870101928711,112.22640228271484,104.234375,160.30999755859375,74.97506713867188,14.609617233276367
2021-03-30,366.8128967285156,304.3736267089844,64.21853637695312,46.97918701171875,112.81441497802734,104.55682373046875,157.57000732421875,75.07254028320312,14.374680519104004
2021-03-31,368.2998046875,309.03131103515625,63.94041442871094,47.218196868896484,112.1849136352539,104.83088684082031,159.9600067138672,74.61764526367188,14.45299243927002
2021-04-01,372.2770080566406,314.2992858886719,64.7747573852539,47.67851638793945,114.04691314697266,105.48831176757812,161.97999572753906,75.97418975830078,14.696630477905273
2021-04-05,377.620361328125,320.57415771484375,65.71865844726562,47.86441421508789,113.54927062988281,104.97140502929688,161.9199981689453,76.26660919189453,14.479095458984375
2021-04-06,377.3973083496094,320.3514709472656,65.01915740966797,48.12998580932617,114.32062530517578,105.67403411865234,163.22000122070312,76.46156311035156,14.531304359436035
2021-04-07,377.8340759277344,321.1261901855469,65.15400695800781,47.42180252075195,113.52442169189453,105.4640884399414,162.75999450683594,76.51844024658203,14.574810981750488
2021-04-08,379.6275634765625,324.4765930175781,65.52482604980469,47.81129837036133,114.46160125732422,105.85174560546875,164.50999450683594,76.23411560058594,14.65312385559082
2021-04-09,382.3875427246094,326.4424133300781,65.72708892822266,47.40409469604492,114.04691314697266,105.63369750976562,163.27000427246094,76.14476013183594,14.600915908813477
2021-04-12,382.5269775390625,326.0163879394531,65.36468505859375,47.12081527709961,113.99710845947266,105.60945129394531,162.27999877929688,76.59153747558594,14.609617233276367
2021-04-13,383.6607360839844,329.8219909667969,65.74393463134766,47.31557083129883,114.8514404296875,106.077880859375,163.42999267578125,76.97332000732422,14.766241073608398
2021-04-14,382.3504333496094,325.86138916015625,65.79450988769531,47.55458450317383,114.48649597167969,105.93254089355469,162.72000122070312,76.56716918945312,15.105595588684082
2021-04-15,386.457763671875,330.7999572753906,66.34229278564453,47.988346099853516,116.40232849121094,106.58670806884766,165.35000610351562,77.90745544433594,15.201309204101562
2021-04-16,387.74945068359375,331.1873779296875,66.82268524169922,48.112281799316406,115.49832153320312,105.85986328125,166.35000610351562,78.07803344726562,15.175206184387207
2021-04-19,385.8443603515625,328.1563415527344,66.7046890258789,47.935237884521484,115.1665267944336,105.58522033691406,165.88999938964844,78.23236083984375,15.192607879638672
2021-04-20,383.01947021484375,325.7645568847656,65.50797271728516,47.54572677612305,115.69737243652344,105.78714752197266,166.47999572753906,78.87408447265625,15.16650390625
2021-04-21,386.64361572265625,328.5534362792969,66.18217468261719,47.837860107421875,115.92953491210938,106.15057373046875,168.1300048828125,79.39395904541016,15.105595588684082
2021-04-22,383.11236572265625,324.5929260253906,65.96304321289062,47.6696662902832,116.43545532226562,106.25558471679688,167.0399932861328,78.96343231201172,15.227413177490234
2021-04-23,387.2662658691406,328.6793518066406,66.63727569580078,48.360145568847656,116.16181182861328,106.34443664550781,166.39999389648438,79.42646789550781,15.34923267364502
2021-04-26,388.07464599609375,330.8193664550781,66.6878433227539,48.42211151123047,115.99590301513672,106.29596710205078,166.83999633789062,79.6620101928711,15.453651428222656
2021-04-27,387.9910583496094,329.3861999511719,66.46870422363281,48.39555358886719,114.98410034179688,105.81942749023438,166.4199981689453,79.6539077758789,15.584172248840332
2021-04-28,387.87957763671875,328.2725524902344,66.63727569580078,48.75849533081055,115.0587387084961,105.83560180664062,166.91000366210938,79.48332214355469,15.610276222229004
2021-04-29,390.35137939453125,329.4540100097656,66.66254425048828,48.64341735839844,114.71867370605469,105.70638275146484,166.22000122070312,80.16564178466797,15.714692115783691
2021-04-30,387.7866516113281,327.29461669921875,65.82820892333984,47.78474807739258,114.98410034179688,105.9244384765625,165.66000366210938,80.48243713378906,15.584172248840332
2021-05-03,388.6229553222656,325.551513671875,66.55300903320312,47.78474807739258,115.0530014038086,106.17935180664062,167.80999755859375,80.328125,15.758198738098145
2021-05-04,386.2254943847656,319.693115234375,65.56695556640625,47.2447509765625,115.83382415771484,106.24408721923828,166.5800018310547,79.80823516845703,16.0018367767334
2021-05-05,386.34625244140625,318.6180725097656,66.46028137207031,47.466068267822266,116.02483367919922,106.37356567382812,167.27000427246094,78.48417663574219,16.062747955322266
2021-05-06,389.43145751953125,321.0196228027344,67.0080795288086,47.91752624511719,116.21585845947266,106.57588958740234,170.05999755859375,78.9228286743164,16.14105987548828
2021-05-07,392.26568603515625,323.6245422363281,67.76656341552734,48.41325759887695,115.64270782470703,106.61634063720703,171.58999633789062,79.96257019042969,16.29768180847168
2021-05-10,388.3813781738281,315.4515075683594,67.40419006347656,47.54572677612305,114.47159576416016,106.04177856445312,172.11000061035156,79.9382095336914,16.184568405151367
2021-05-11,384.9151916503906,315.015869140625,66.519287109375,47.41294860839844,113.82378387451172,105.6533432006836,172.13999938964844,78.93093872070312,16.358591079711914
2021-05-12,376.7375183105469,306.8622741699219,65.45738983154297,46.102813720703125,112.62772369384766,105.07878875732422,170.42999267578125,76.93270111083984,16.3411922454834
2021-05-13,381.26318359375,309.2348327636719,65.94621276855469,46.04083251953125,112.80213165283203,105.47530364990234,171.1300048828125,77.93182373046875,15.888720512390137
2021-05-14,387.11749267578125,316.06170654296875,67.05021667480469,46.87296676635742,113.85699462890625,106.04988098144531,172.69000244140625,78.85786437988281,16.01923942565918
2021-05-17,386.1325378417969,314.144287109375,66.9238052368164,46.82870101928711,113.61609649658203,105.92851257324219,174.6999969482422,78.93907928466797,16.219371795654297
2021-05-18,382.8056945800781,312.02362060546875,67.06707763671875,47.45721435546875,113.32540893554688,105.58050537109375,175.0399932861328,78.955322265625,16.14105987548828
2021-05-19,381.80206298828125,312.3818664550781,66.47714233398438,47.31557083129883,113.0512924194336,105.39441680908203,175.16000366210938,78.70350646972656,15.810406684875488
2021-05-20,385.9095458984375,318.4243469238281,67.3536148071289,47.58999252319336,113.9815902709961,106.11460876464844,175.9600067138672,79.58889770507812,15.645081520080566
2021-05-21,385.5935363769531,316.66204833984375,67.4463119506836,47.0411491394043,114.3470458984375,106.18746185302734,176.0399932861328,79.50767517089844,15.793004035949707
2021-05-24,389.5244140625,321.9880065917969,67.85926818847656,47.43065643310547,114.77062225341797,106.47875213623047,176.35000610351562,80.4986801147461,16.01053810119629
2021-05-25,388.6601257324219,322.4335021972656,67.87612915039062,47.89982604980469,115.83382415771484,106.87531280517578,177.9499969482422,80.47430419921875,15.958330154418945
2021-05-26,389.43145751953125,323.5566711425781,67.83399200439453,48.25391387939453,115.63448333740234,106.81864166259766,177.63999938964844,80.83171844482422,15.984436988830566
2021-05-27,389.6358642578125,322.34619140625,67.96038818359375,48.26276779174805,115.16932678222656,106.49493408203125,177.7100067138672,80.6448974609375,16.236774444580078
2021-05-28,390.33282470703125,323.3630676269531,68.12053680419922,48.57259750366211,114.98658752441406,106.58393859863281,178.3800048828125,81.13227844238281,16.184568405151367
2021-06-01,389.9889831542969,322.28814697265625,68.36492919921875,49.572906494140625,114.96082305908203,106.59774780273438,177.89999389648438,82.59440612792969,16.471712112426758
2021-06-02,390.6023254394531,322.9176025390625,68.59248352050781,49.65258026123047,115.22698211669922,106.76802825927734,178.77000427246094,83.56105041503906,16.558727264404297
2021-06-03,389.1526184082031,319.55743408203125,68.25536346435547,49.12144088745117,114.79444122314453,106.34642791748047,175.27000427246094,83.25236511230469,16.419504165649414
2021-06-04,392.7117919921875,324.9802551269531,68.83688354492188,49.564056396484375,116.3664779663086,107.10044860839844,177.16000366210938,83.29299926757812,16.602231979370117
2021-06-07,392.3307189941406,325.9485778808594,69.06442260742188,49.31619644165039,116.0088882446289,107.01126861572266,177.8699951171875,84.27587127685547,16.628337860107422
2021-06-08,392.4144287109375,326.103515625,69.03071594238281,49.077178955078125,116.82402801513672,107.41667938232422,177.32000732421875,84.97444152832031,16.79366111755371
2021-06-09,391.8289794921875,326.1809997558594,68.84530639648438,48.935543060302734,117.85540771484375,107.80587005615234,176.97999572753906,85.08817291259766,16.715349197387695
2021-06-10,393.6503601074219,329.5798645019531,69.03496551513672,49.327640533447266,118.56243896484375,108.29234313964844,177.74000549316406,85.69738006591797,16.776260375976562
2021-06-11,394.3008117675781,330.44171142578125,69.19728088378906,49.15871810913086,118.37107849121094,108.3815689086914,175.74000549316406,85.35623168945312,16.72405242919922
2021-06-14,395.1836242675781,333.6082763671875,69.3168716430664,49.29207229614258,117.4644546508789,107.98421478271484,174.7100067138672,85.68925476074219,16.628337860107422
2021-06-15,394.45880126953125,331.4294128417969,69.40230560302734,48.95421600341797,117.32305145263672,108.06532287597656,174.0500030517578,84.77137756347656,16.558727264404297
2021-06-16,392.2565002441406,330.2190246582031,68.97515869140625,48.28738784790039,117.22325897216797,107.75720977783203,171.11000061035156,84.2190170288086,16.4630126953125
2021-06-17,392.12640380859375,334.41192626953125,68.49674224853516,48.55411911010742,118.9782943725586,108.35722351074219,165.85000610351562,84.11341094970703,16.03664207458496
2021-06-18,386.83642578125,331.7877197265625,67.0786361694336,48.21625900268555,121.21580505371094,108.92477416992188,164.92999267578125,82.68376922607422,16.201969146728516
2021-06-21,392.37432861328125,333.8498840332031,67.95857238769531,48.42074966430664,119.18624877929688,108.29234313964844,166.9499969482422,84.38959503173828,16.402103424072266
2021-06-22,394.4720153808594,336.96185302734375,67.96709442138672,48.1984748840332,119.47737121582031,108.47071075439453,166.25,83.9509506225586,16.428205490112305
2021-06-23,393.9965515136719,337.1266174316406,67.53140258789062,48.49188232421875,119.16960144042969,108.30048370361328,166.13999938964844,83.80474090576172,16.532623291015625
2021-06-24,396.3273620605469,339.2110290527344,68.18067169189453,48.93644332885742,119.36092376708984,108.51127624511719,166.0399932861328,83.62395477294922,16.59353256225586
2021-06-25,397.7351379394531,338.7941589355469,68.3259048461914,49.34542465209961,118.12159729003906,108.22747039794922,166.58999633789062,84.18842315673828,16.523921966552734
2021-06-28,398.5369567871094,342.9144287109375,67.89019775390625,49.38987350463867,119.33601379394531,108.68971252441406,166.5800018310547,83.94300079345703,16.515216827392578
2021-06-29,398.7513427734375,344.1553649902344,67.90731048583984,49.354312896728516,119.53560638427734,108.81939697265625,164.8300018310547,83.71392822265625,16.59353256225586
2021-06-30,399.08697509765625,343.61248779296875,67.38618469238281,49.03423309326172,120.0679702758789,108.94100189208984,165.6300048828125,83.27217864990234,16.75015640258789
2021-07-01,401.2966003417969,343.74810791015625,67.54850769042969,48.75861358642578,120.0746078491211,108.84597778320312,166.1999969482422,83.63212585449219,16.811065673828125
2021-07-02,404.3639221191406,347.6939392089844,67.77916717529297,48.705265045166016,120.79920196533203,109.1546401977539,167.2899932861328,83.88574981689453,16.96769142150879
2021-07-06,403.6273498535156,349.1966857910156,67.33493041992188,47.851722717285156,122.21505737304688,109.55267333984375,168.1199951171875,84.4992904663086,16.506515502929688
2021-07-07,405.05377197265625,349.93341064453125,67.70226287841797,47.79837417602539,123.29781341552734,109.92638397216797,168.75999450683594,84.79378509521484,16.306386947631836
2021-07-08,401.75347900390625,347.82000732421875,66.83090209960938,46.80257797241211,123.78084564208984,109.98324584960938,168.64999389648438,84.55654907226562,16.445606231689453
2021-07-09,406.0421142578125,349.99169921875,67.96709442138672,47.61166763305664,122.04019165039062,109.52021026611328,169.2100067138672,85.94730377197266,16.63703727722168
2021-07-12,407.4964599609375,351.3586730957031,68.25756072998047,47.65612030029297,121.88195037841797,109.46329498291016,169.0,86.68356323242188,16.66314125061035
2021-07-13,406.1073303222656,351.3586730957031,67.89875793457031,47.70058059692383,120.94908905029297,109.05714416503906,169.22000122070312,85.4728012084961,16.802364349365234
2021-07-14,406.7133483886719,351.98883056640625,68.05253601074219,47.905067443847656,122.32331085205078,109.56082916259766,171.0399932861328,86.06999969482422,16.63703727722168
2021-07-15,405.32415771484375,349.5166015625,67.40327453613281,48.020652770996094,123.67257690429688,109.7964096069336,171.07000732421875,86.20906066894531,16.55002212524414
2021-07-16,402.14501953125,346.685791015625,66.90777587890625,47.6472282409668,123.439453125,109.64204406738281,169.41000366210938,86.15179443359375,16.55002212524414
2021-07-19,396.20611572265625,343.8451843261719,65.69470977783203,46.8470344543457,126.14622497558594,110.4300308227539,169.61000061035156,84.58108520507812,15.888720512390137
2021-07-20,401.884033203125,347.8394470214844,66.17311096191406,46.9981803894043,124.93018341064453,110.27568817138672,169.38999938964844,86.57721710205078,16.123659133911133
2021-07-21,405.13775634765625,350.52490234375,67.18115234375,47.30047607421875,123.34776306152344,109.88578796386719,168.75999450683594,86.56904602050781,16.445606231689453
2021-07-22,405.98614501953125,352.8419494628906,67.20677947998047,47.38938522338867,124.5138168334961,110.34066009521484,169.08999633789062,85.88185119628906,16.576126098632812
2021-07-23,410.162841796875,356.96221923828125,67.6766357421875,46.6870002746582,123.68094635009766,110.29193878173828,168.55999755859375,86.59356689453125,16.66314125061035
2021-07-26,411.1698303222656,357.2433166503906,67.7706069946289,45.79788589477539,123.3144760131836,110.0482177734375,168.16000366210938,86.63447570800781,16.784961700439453
2021-07-27,409.2959899902344,353.3072509765625,67.49724578857422,44.87321853637695,124.63043975830078,110.5194091796875,168.44000244140625,87.12530517578125,16.689247131347656
2021-07-28,409.1280517578125,354.66448974609375,67.78770446777344,46.09129333496094,124.63872528076172,110.71434783935547,169.2899932861328,86.82261657714844,16.767559051513672
2021-07-29,410.8248596191406,355.294677734375,68.25756072998047,46.32246017456055,123.94742584228516,110.39753723144531,171.1699981689453,86.8389892578125,17.06340789794922
2021-07-30,408.82977294921875,353.4430236816406,67.90731048583984,45.877906799316406,124.53047180175781,110.48690032958984,169.82000732421875,86.95353698730469,16.96769142150879
2021-08-02,407.9719543457031,353.4720458984375,68.24900817871094,46.206878662109375,125.64115905761719,110.80675506591797,169.61000061035156,86.76535034179688,16.784961700439453
2021-08-03,411.2910461425781,355.6146240234375,68.7359390258789,46.40248107910156,125.7079086303711,110.92066192626953,169.49000549316406,86.87171936035156,16.706649780273438
2021-08-04,409.2679138183594,356.1284484863281,68.53093719482422,46.64254379272461,125.96646881103516,110.94503784179688,169.52999877929688,86.60175323486328,16.436904907226562
2021-08-05,411.8597106933594,358.3873596191406,68.86409759521484,46.571407318115234,125.32428741455078,110.48934173583984,168.86000061035156,87.61617279052734,16.680545806884766
2021-08-06,412.5403137207031,356.8167724609375,68.6078109741211,46.180198669433594,123.23123931884766,109.58602905273438,164.63999938964844,87.46074676513672,16.541322708129883
2021-08-09,412.20477294921875,357.47607421875,68.57364654541016,46.33135223388672,122.789306640625,109.11405944824219,161.72000122070312,86.99442291259766,16.306386947631836
2021-08-10,412.717529296875,355.6436462402344,68.7274169921875,46.393585205078125,122.22225952148438,108.86986541748047,161.77000427246094,86.16816711425781,16.602231979370117
2021-08-11,413.7430419921875,355.0329284667969,69.19728088378906,46.518062591552734,122.147216796875,109.040771484375,164.0,86.67538452148438,16.75015640258789
2021-08-12,414.9830017089844,356.31268310546875,69.13748168945312,46.10906982421875,121.94709014892578,109.19542694091797,164.0399932861328,86.86354064941406,16.689247131347656
2021-08-13,415.7381591796875,357.5632019042969,69.55607604980469,45.99348831176758,123.87335205078125,109.92779541015625,166.38999938964844,87.33802032470703,16.59353256225586
2021-08-16,416.7171630859375,357.7184143066406,69.19728088378906,45.57560348510742,124.17352294921875,109.99295806884766,167.22000122070312,87.23165130615234,16.55002212524414
2021-08-17,413.9854736328125,354.5677185058594,68.54801177978516,44.739845275878906,124.12354278564453,109.7976303100586,166.97000122070312,87.14167022705078,16.36729621887207
2021-08-18,409.454345703125,351.15509033203125,68.2831802368164,44.81097412109375,124.54047393798828,109.724365234375,167.10000610351562,86.34815216064453,16.175865173339844
2021-08-19,410.0883483886719,352.85162353515625,67.60829162597656,44.04634475708008,125.45771789550781,109.97663879394531,166.61000061035156,86.76535034179688,15.949627876281738
2021-08-20,413.3514709472656,356.506591796875,67.87311553955078,44.01078414916992,125.5411376953125,110.04987335205078,166.6999969482422,87.19895935058594,15.575471878051758
2021-08-23,416.9874572753906,361.8387451171875,68.50530242919922,44.6776123046875,125.45771789550781,110.13128662109375,168.72999572753906,87.03532409667969,16.14105987548828
2021-08-24,417.6494140625,362.9439392089844,68.65052032470703,45.69119644165039,124.48210144042969,109.87897491455078,168.64999389648438,86.65083312988281,16.48041343688965
2021-08-25,418.5258483886719,363.3607177734375,68.67616271972656,45.744544982910156,123.44808959960938,109.59415435791016,167.47999572753906,86.59356689453125,16.628337860107422
2021-08-26,416.0552062988281,361.05340576171875,68.3173599243164,45.308876037597656,123.78996276855469,109.56163787841797,167.6699981689453,86.62628173828125,16.49781608581543
2021-08-27,419.7751159667969,364.56292724609375,68.94097900390625,45.869022369384766,124.6321792602539,110.17200469970703,170.19000244140625,87.53433990478516,16.706649780273438
2021-08-30,421.62109375,368.6540832519531,68.92390441894531,45.96681594848633,124.95743560791016,110.35914611816406,169.35000610351562,88.40971374511719,16.767559051513672
2021-08-31,420.9964294433594,368.3536682128906,68.88971710205078,46.59807586669922,124.10688781738281,110.10687255859375,169.69000244140625,88.82691192626953,16.689247131347656
2021-09-01,421.22021484375,368.9643249511719,69.51335144042969,47.19378662109375,124.31475067138672,110.24867248535156,169.6999969482422,90.25038146972656,16.610933303833008
2021-09-02,422.5161437988281,368.7898254394531,69.7952651977539,46.98040008544922,124.85741424560547,110.44437408447266,169.25,90.72486114501953,16.802364349365234
2021-09-03,422.4135437011719,369.9242248535156,70.11136627197266,47.22935104370117,123.72193145751953,110.0448989868164,171.05999755859375,90.7412338256836,16.819766998291016
2021-09-07,420.9031066894531,370.4476623535156,70.1626205444336,47.504974365234375,122.6782455444336,109.52316284179688,167.7100067138672,89.7186279296875,16.628337860107422
2021-09-08,420.3904724121094,369.1583251953125,69.60733795166016,46.811466217041016,123.5131607055664,109.87368774414062,167.2899932861328,90.1685562133789,16.75015640258789
2021-09-09,418.591064453125,367.88824462890625,69.48773956298828,46.72256088256836,125.00773620605469,110.59107971191406,168.02999877929688,88.33606719970703,16.628337860107422
2021-09-10,415.2906799316406,365.0961608886719,69.3339614868164,46.669212341308594,123.90560150146484,110.27318572998047,167.17999267578125,87.04352569580078,16.845870971679688
2021-09-13,416.3534851074219,364.84405517578125,69.8807144165039,46.7936897277832,124.65711212158203,110.54220581054688,167.74000549316406,87.63252258300781,16.976390838623047
2021-09-14,414.106689453125,363.8066711425781,69.59024047851562,46.40248107910156,126.16825866699219,110.8764419555664,168.82000732421875,87.47710418701172,16.96769142150879
2021-09-15,417.56549072265625,366.5115966796875,69.7952651977539,46.393585205078125,125.72582244873047,110.74600219726562,167.8300018310547,87.75524139404297,17.246131896972656
2021-09-16,416.90350341796875,366.76361083984375,69.68421936035156,45.869022369384766,125.14973449707031,110.59107971191406,164.02999877929688,87.82887268066406,17.12431526184082
2021-09-17,412.842529296875,362.4203796386719,68.77013397216797,45.67341232299805,124.54853057861328,110.34652709960938,163.77000427246094,87.04352569580078,16.985092163085938
2021-09-20,405.9587097167969,354.9315490722656,67.49724578857422,44.446449279785156,126.09314727783203,110.68891906738281,164.94000244140625,86.5117416381836,16.784961700439453
2021-09-21,405.5751647949219,355.36834716796875,68.16358184814453,44.77541732788086,125.984619140625,110.68077087402344,166.0399932861328,86.55266571044922,16.802364349365234
2021-09-22,409.5315856933594,358.6876220703125,68.50530242919922,45.33555603027344,126.73606872558594,110.99052429199219,165.4199981689453,87.3952865600586,16.99379539489746
2021-09-23,414.5073547363281,361.9972229003906,69.24853515625,45.69119644165039,123.87222290039062,110.22425842285156,163.50999450683594,87.22348022460938,17.254837036132812
2021-09-24,415.1900939941406,362.33685302734375,68.59927368164062,45.14883041381836,122.66159057617188,109.98785400390625,163.3000030517578,86.2908706665039,17.333148956298828
2021-09-27,414.00225830078125,359.44464111328125,68.55655670166016,45.4422492980957,122.21067810058594,109.93075561523438,163.63999938964844,85.13021850585938,17.568086624145508
2021-09-28,405.6593322753906,349.2732849121094,67.06155395507812,44.855438232421875,120.30704498291016,108.75687408447266,162.0500030517578,84.55400085449219,17.428863525390625
2021-09-29,406.3421630859375,348.7005920410156,66.90777587890625,44.43755340576172,120.51573181152344,108.73240661621094,161.32000732421875,85.18782806396484,17.446266174316406
2021-09-30,401.375732421875,347.41943359375,66.6429443359375,44.793190002441406,120.49901580810547,108.44707489013672,164.22000122070312,83.78023529052734,17.559383392333984
2021-10-01,406.14569091796875,349.5740661621094,66.80526733398438,44.748741149902344,121.51315307617188,109.23532104492188,164.58999633789062,84.96558380126953,17.794321060180664
2021-10-04,400.9080505371094,342.23675537109375,66.10474395751953,44.09080505371094,121.20378875732422,109.05558776855469,165.36000061035156,84.9820556640625,18.08146858215332
2021-10-05,405.0794982910156,346.8565673828125,66.55752563476562,44.401981353759766,120.03343200683594,108.60637664794922,164.58999633789062,84.39762115478516,18.307703018188477
2021-10-06,406.7630615234375,349.0791320800781,66.11328887939453,44.15302658081055,120.71051025390625,108.6390151977539,165.02999877929688,85.20427703857422,18.00315284729004
2021-10-07,410.2798156738281,352.2818908691406,66.6258773803711,45.015472412109375,119.44818878173828,108.15711975097656,164.16000366210938,85.43478393554688,18.22939109802246
2021-10-08,409.5315856933594,350.5252685546875,66.61731719970703,45.18440246582031,118.61224365234375,107.65890502929688,164.22999572753906,84.6280746459961,18.290300369262695
2021-10-11,406.5666809082031,347.8368835449219,66.40375518798828,45.095489501953125,118.31121826171875,107.45471954345703,163.9199981689453,84.84210968017578,18.412118911743164
2021-10-12,405.56573486328125,346.6236572265625,66.43792724609375,44.86431884765625,120.3343734741211,108.1407699584961,164.66000366210938,85.953369140625,18.412118911743164
2021-10-13,407.0248718261719,349.3993835449219,67.09571075439453,45.486698150634766,121.50474548339844,108.68805694580078,167.58999633789062,86.57896423339844,18.516536712646484
2021-10-14,413.871337890625,355.834228515625,67.7620620727539,45.62895202636719,121.95623016357422,109.20260620117188,168.0,87.6325912475586,18.70796775817871
2021-10-15,417.023193359375,358.0761413574219,68.3259048461914,46.180198669433594,121.2456283569336,108.81056213378906,165.3300018310547,87.56671905517578,18.864591598510742
2021-10-18,418.2579040527344,361.6769714355469,68.03544616699219,46.06461715698242,121.81409454345703,108.72068786621094,164.9199981689453,87.78898620605469,18.751474380493164
2021-10-19,421.4847412109375,364.4139099121094,68.44549560546875,46.678104400634766,120.1336898803711,108.1244888305664,165.4499969482422,87.83013916015625,18.794979095458984
2021-10-20,423.14019775390625,363.9383239746094,68.68470764160156,46.669212341308594,119.32281494140625,107.86311340332031,166.89999389648438,89.21302795410156,19.003812789916992
2021-10-21,424.2438049316406,366.16082763671875,68.36007690429688,46.366912841796875,119.18063354492188,107.6344223022461,166.75,89.33650970458984,18.71666717529297
2021-10-22,423.8042907714844,363.0841979980469,68.77013397216797,46.26911544799805,120.49321746826172,108.06730651855469,167.77000427246094,89.75631713867188,18.803682327270508
2021-10-25,426.07696533203125,366.8015441894531,68.6334457397461,46.50917434692383,120.3093032836914,108.11629486083984,168.92999267578125,90.04441833496094,18.899396896362305
2021-10-26,426.46044921875,367.9564208984375,68.77013397216797,46.26911544799805,121.30413055419922,108.58187866210938,167.67999267578125,90.2913589477539,18.925500869750977
2021-10-27,424.5711975097656,368.8104553222656,68.49674224853516,45.89569091796875,123.51119232177734,109.24345397949219,168.1199951171875,89.52583312988281,18.57744789123535
2021-10-28,428.6678466796875,372.9062805175781,69.1631088256836,45.940147399902344,123.09320831298828,109.08012390136719,168.0800018310547,90.77704620361328,18.673160552978516
2021-10-29,429.5376281738281,374.7406005859375,68.76158142089844,45.27330780029297,123.46939086914062,109.0229263305664,166.64999389648438,89.75631713867188,18.57744789123535
2021-11-01,430.2764892578125,376.02166748046875,69.42793273925781,45.62895202636719,122.58045196533203,108.82815551757812,167.52000427246094,90.2008285522461,18.71666717529297
2021-11-02,432.01617431640625,377.59405517578125,69.2826919555664,45.2199592590332,123.12449645996094,109.24554443359375,167.16000366210938,90.62886047363281,18.768877029418945
2021-11-03,434.65374755859375,381.6024475097656,69.8465347290039,45.433345794677734,121.8521499633789,108.96723937988281,165.77000427246094,90.93341827392578,18.290300369262695
2021-11-04,436.7021179199219,386.4940490722656,69.8038101196289,45.32666015625,123.13288879394531,109.54019165039062,167.64999389648438,90.0691146850586,18.177183151245117
2021-11-05,438.2173156738281,386.8628234863281,69.90632629394531,45.27330780029297,124.97444152832031,110.34217071533203,169.83999633789062,90.53007507324219,18.429523468017578
2021-11-08,438.5914001464844,386.33868408203125,69.89779663085938,45.69119644165039,124.74006652832031,110.08844757080078,170.4499969482422,90.45600891113281,18.542638778686523
2021-11-09,437.14166259765625,383.67938232421875,69.7440185546875,45.51337432861328,126.36398315429688,110.38307189941406,171.2899932861328,90.61238861083984,18.69056510925293
2021-11-10,433.6249084472656,378.04052734375,68.89826965332031,45.32666015625,124.05364990234375,109.25370788574219,173.14999389648438,90.19259643554688,18.455625534057617
2021-11-11,433.76519775390625,379.08868408203125,69.14599609375,46.10906982421875,123.86944580078125,108.94271087646484,174.1199951171875,90.34074401855469,18.58614730834961
2021-11-12,437.0387878417969,383.07769775390625,69.52189636230469,46.233551025390625,123.32540893554688,108.82815551757812,174.4499969482422,90.27491760253906,18.560043334960938
2021-11-15,437.1884460449219,382.99029541015625,69.39376068115234,46.08240509033203,121.77680206298828,108.0016098022461,174.17999267578125,90.90872955322266,18.568744659423828
2021-11-16,438.9187316894531,385.7175598144531,69.23998260498047,46.14463424682617,121.46708679199219,107.82154846191406,172.9199981689453,90.30783081054688,18.542638778686523
2021-11-17,437.85247802734375,385.9213562011719,69.15455627441406,45.904579162597656,122.42975616455078,108.25531005859375,174.5,90.58770751953125,18.3773136138916
2021-11-18,439.339599609375,389.9200439453125,69.22290802001953,45.34444046020508,122.89012908935547,108.50081634521484,173.94000244140625,90.60416412353516,18.438222885131836
2021-11-19,438.5539245605469,392.0940246582031,68.6334457397461,45.27330780029297,124.18760681152344,108.90998840332031,172.61000061035156,90.0691146850586,18.142379760742188
2021-11-22,437.31939697265625,387.5422058105469,68.23193359375,44.908775329589844,122.73108673095703,107.96066284179688,168.74000549316406,89.6246109008789,18.272897720336914
2021-11-23,437.8992004394531,385.7757568359375,68.16358184814453,44.86431884765625,120.95650482177734,107.19140625,167.27999877929688,90.3489990234375,18.603548049926758
2021-11-24,439.06842041015625,387.0180358886719,67.71080780029297,44.802085876464844,122.89846801757812,107.70698547363281,167.1199951171875,91.44379425048828,18.533935546875
2021-11-26,429.2757873535156,379.6806945800781,65.89118194580078,43.29949951171875,126.00401306152344,108.58260345458984,166.85000610351562,88.90023040771484,17.428863525390625
2021-11-29,434.54156494140625,387.9207763671875,66.22435760498047,43.468421936035156,124.99114990234375,108.6562728881836,166.6199951171875,89.55876159667969,17.428863525390625
2021-11-30,426.0863342285156,382.22357177734375,65.64342498779297,43.42396926879883,126.89132690429688,108.89363098144531,165.5,87.8630599975586,16.950288772583008
2021-12-01,421.353759765625,375.7208251953125,65.26754760742188,43.58401107788086,127.6740493774414,108.9092025756836,166.16000366210938,86.41432189941406,16.802364349365234
2021-12-02,427.807373046875,378.42864990234375,66.0791244506836,44.11746597290039,127.83329772949219,109.16331481933594,165.24000549316406,89.00724029541016,16.950288772583008
2021-12-03,424.0848693847656,371.848388671875,65.80574798583984,43.495094299316406,129.35867309570312,110.07332611083984,166.6300048828125,88.71090698242188,16.96769142150879
2021-12-06,429.1073913574219,374.8279724121094,66.43792724609375,43.83295822143555,127.5818099975586,109.51587677001953,166.22000122070312,90.26669311523438,17.263538360595703
2021-12-07,437.98345947265625,386.1154479980469,67.83895111083984,44.52646255493164,126.5510025024414,109.5650634765625,166.80999755859375,91.5672378540039,17.52457618713379
2021-12-08,439.1432189941406,387.8430480957031,67.96709442138672,44.704280853271484,124.36363220214844,108.83544158935547,166.89999389648438,92.22578430175781,17.7595157623291
2021-12-09,436.1783142089844,382.1361999511719,67.40327453613281,44.490901947021484,125.05918884277344,108.74523162841797,165.8800048828125,90.89225769042969,17.48977279663086
2021-12-10,440.2842712402344,386.2901916503906,67.54850769042969,44.52646255493164,124.75756072998047,108.8681869506836,166.5800018310547,91.17214965820312,17.689905166625977
2021-12-13,436.384033203125,380.7094421386719,66.91575622558594,43.8203239440918,126.60139465332031,109.36012268066406,167.0,92.02821350097656,17.60289192199707
2021-12-14,433.38177490234375,376.76904296875,66.55940246582031,43.721126556396484,126.29965209960938,108.8681869506836,165.44000244140625,90.85111999511719,17.446266174316406
2021-12-15,440.15338134765625,385.3584289550781,67.46331787109375,43.59486389160156,125.08441162109375,109.00756072998047,166.14999389648438,92.1269760131836,17.533281326293945
2021-12-16,436.2718505859375,375.4490661621094,67.47200775146484,43.64897537231445,125.13304138183594,109.0042953491211,168.16000366210938,92.09407043457031,17.637697219848633
2021-12-17,431.62860107421875,373.5758972167969,66.62025451660156,43.432533264160156,126.55097198486328,109.25891876220703,167.8000030517578,91.97882080078125,17.428863525390625
2021-12-20,427.0389404296875,369.9521179199219,66.47248840332031,42.783206939697266,125.6029052734375,108.782470703125,167.08999633789062,91.2626953125,17.307043075561523
2021-12-21,434.62274169921875,378.2317199707031,67.2112808227539,43.50468063354492,125.12464141845703,108.99605560302734,167.02000427246094,92.29163360595703,17.672502517700195
2021-12-22,438.9683837890625,382.8380432128906,67.83705139160156,43.712100982666016,125.70365905761719,109.1685791015625,168.58999633789062,93.23823547363281,17.881336212158203
2021-12-23,441.69970703125,385.7243347167969,68.23686981201172,43.937564849853516,124.61284637451172,109.0042953491211,168.97000122070312,93.13946533203125,17.97705078125
2021-12-27,447.9506530761719,392.0992431640625,68.76704406738281,44.13597106933594,124.91487121582031,109.32464599609375,169.3699951171875,94.72061920166016,18.20328712463379
2021-12-28,447.58465576171875,390.2820739746094,68.79312133789062,43.991668701171875,124.41987609863281,109.18501281738281,168.63999938964844,95.06961822509766,18.168479919433594
2021-12-29,448.1571960449219,390.2236633300781,68.76704406738281,43.793270111083984,123.0606460571289,108.58535766601562,168.58999633789062,95.7093734741211,18.2554931640625
2021-12-30,446.9183044433594,389.05755615234375,68.58675384521484,44.294960021972656,124.09263610839844,109.02074432373047,169.8000030517578,96.12483215332031,18.168479919433594
2021-12-31,445.7919616699219,386.6280822753906,68.52579498291016,44.078399658203125,124.33594512939453,108.85641479492188,170.9600067138672,96.3907241821289,18.08146858215332
2022-01-03,448.37298583984375,390.35003662109375,68.96998596191406,44.39421844482422,121.07215881347656,107.69821166992188,168.3300018310547,95.63461303710938,18.151079177856445
2022-01-04,448.2228698730469,385.2870178222656,69.36190795898438,44.240821838378906,120.5687255859375,107.78856658935547,169.57000732421875,95.5182876586914,18.368614196777344
2022-01-05,439.6160888671875,373.4505310058594,68.75225067138672,43.518959045410156,119.91426849365234,107.15605163574219,169.05999755859375,92.78466796875,18.290300369262695
2022-01-06,439.20306396484375,373.1881408691406,68.40384674072266,43.71747589111328,120.2247543334961,107.01641082763672,166.99000549316406,92.86775970458984,18.44692611694336
2022-01-07,437.4666442871094,369.1454772949219,68.60416412353516,44.11449432373047,119.36048889160156,106.55644226074219,167.75,92.2529067993164,18.481731414794922
2022-01-10,436.92230224609375,369.38848876953125,67.96839141845703,44.11449432373047,119.6541976928711,106.45785522460938,168.25999450683594,91.72115325927734,18.403417587280273
2022-01-11,440.90185546875,374.9374084472656,68.70869445800781,45.134117126464844,120.45121002197266,106.77820587158203,170.2899932861328,91.86241149902344,18.760173797607422
2022-01-12,442.0939025878906,376.42425537109375,69.37932586669922,45.8830451965332,119.98979187011719,106.70426940917969,170.74000549316406,91.97042083740234,18.908098220825195
2022-01-13,436.00244140625,367.007568359375,68.87417602539062,45.23337936401367,121.05541229248047,107.04105377197266,170.16000366210938,91.78761291503906,18.70796775817871
2022-01-14,436.1807861328125,369.2912902832031,68.80449676513672,45.21532440185547,119.22628021240234,106.09640502929688,169.6699981689453,90.95673370361328,18.95160484313965
2022-01-18,428.45623779296875,360.0981140136719,67.79420471191406,44.41225814819336,117.5482406616211,105.0860595703125,169.38999938964844,90.001220703125,19.099529266357422
2022-01-19,424.00726318359375,356.14288330078125,67.73324584960938,44.601749420166016,118.36209869384766,105.25035858154297,172.0800018310547,88.78815460205078,19.203943252563477
2022-01-20,419.3143310546875,351.51715087890625,67.40228271484375,44.86342239379883,119.09208679199219,105.19283294677734,171.64999389648438,87.64981079101562,19.13433265686035
2022-01-21,411.0829772949219,341.7699890136719,66.48779296875,44.21375274658203,120.50996398925781,105.8828125,171.08999633789062,87.43379211425781,19.151737213134766
2022-01-24,412.8287048339844,343.33465576171875,65.82586669921875,43.591148376464844,119.5198974609375,105.55429077148438,172.02999877929688,87.5999755859375,19.10822868347168
2022-01-25,407.78851318359375,335.37567138671875,65.42524719238281,43.50994110107422,119.3270034790039,105.258544921875,172.5800018310547,87.25101470947266,19.282257080078125
2022-01-26,406.76544189453125,334.85089111328125,65.17266845703125,42.959529876708984,117.88381958007812,104.54391479492188,169.7899932861328,85.88836669921875,19.325761795043945
2022-01-27,404.7568664550781,331.4787902832031,64.86783599853516,42.4632453918457,120.04854583740234,104.78211212158203,167.60000610351562,84.46754455566406,19.421476364135742
2022-01-28,414.8091125488281,341.87689208984375,65.0855712890625,42.670780181884766,120.09048461914062,104.8970947265625,167.10000610351562,87.20114135742188,19.43888282775879
2022-01-31,422.2803039550781,352.80963134765625,66.03490447998047,44.06937789916992,119.4695816040039,104.94638061523438,168.08999633789062,88.2729721069336,19.508493423461914
2022-02-01,425.13360595703125,355.2099914550781,66.6619873046875,44.34007263183594,119.07306671142578,105.1208724975586,168.22999572753906,87.9572525024414,19.58680534362793
2022-02-02,429.26336669921875,358.09619140625,67.15840911865234,44.26789093017578,119.47632598876953,105.12913513183594,168.83999633789062,89.07894897460938,19.665117263793945
2022-02-03,419.173583984375,343.5776062011719,66.09586334228516,43.79867935180664,118.54369354248047,104.28144073486328,168.60000610351562,88.13174438476562,19.70862579345703
2022-02-04,421.14459228515625,347.9118347167969,66.25263214111328,43.906959533691406,116.79610443115234,103.24444580078125,168.86000061035156,87.25931549072266,19.865249633789062
2022-02-07,419.7930603027344,345.113037109375,66.36585998535156,43.81673049926758,116.8717041015625,103.43376922607422,170.11000061035156,87.13465881347656,19.908756256103516
2022-02-08,423.2470397949219,348.9904479980469,66.70552825927734,44.240821838378906,116.09037017822266,103.04693603515625,170.6300048828125,86.7275390625,19.734729766845703
2022-02-09,429.4418029785156,356.3858642578125,67.78549194335938,44.935604095458984,116.30876159667969,103.39256286621094,171.2100067138672,88.68840789794922,19.93486213684082
2022-02-10,421.72650146484375,348.3199462890625,66.92325592041016,44.637840270996094,114.46028900146484,101.98529052734375,170.55999755859375,86.5945816040039,19.830446243286133
2022-02-11,413.4106140136719,337.2706604003906,65.91297149658203,43.96110153198242,116.15755462646484,102.74244689941406,173.80999755859375,85.80525970458984,20.126293182373047
2022-02-14,412.0591125488281,337.6885070800781,65.4862060546875,43.65431213378906,114.71236419677734,101.82890319824219,174.74000549316406,85.02423858642578,20.2307071685791
2022-02-15,418.7042541503906,346.08477783203125,66.68811798095703,44.601749420166016,113.41010284423828,101.31864929199219,173.0800018310547,85.78865051269531,19.900056838989258
2022-02-16,419.173583984375,345.9974060058594,66.94068145751953,44.92658615112305,114.08220672607422,101.46678924560547,174.86000061035156,86.18746185302734,19.926158905029297
2022-02-17,410.219482421875,335.7061462402344,65.86071014404297,44.403236389160156,114.93083953857422,101.54083251953125,177.25,85.27349853515625,20.09148406982422
2022-02-18,407.5632019042969,331.87725830078125,65.58200073242188,43.96110153198242,116.14068603515625,101.78776550292969,177.1199951171875,84.75836181640625,20.1697998046875
2022-02-22,403.1894226074219,328.5439453125,64.81558227539062,43.3385009765625,116.44319915771484,101.65605926513672,177.49000549316406,84.45092010498047,20.45694351196289
2022-02-23,396.0373840332031,320.12823486328125,64.28429412841797,42.83319854736328,114.83837890625,100.7343521118164,178.2899932861328,83.0550537109375,20.648374557495117
2022-02-24,401.9974060058594,330.8860168457031,63.42207336425781,41.94892883300781,114.91404724121094,101.21166229248047,177.13999938964844,84.45092010498047,20.735387802124023
2022-02-25,410.8670349121094,336.01702880859375,65.00718688964844,42.72491455078125,114.99803924560547,101.6231460571289,176.5500030517578,86.48657989501953,20.422136306762695
2022-02-28,409.8158264160156,337.01800537109375,63.77045440673828,42.16548156738281,117.5186767578125,102.70951843261719,178.3800048828125,85.19873809814453,20.77019500732422
2022-03-01,403.5742492675781,331.8577880859375,62.37694549560547,41.606040954589844,118.87737274169922,103.06083679199219,181.6199951171875,84.75004577636719,21.605525970458984
2022-03-02,410.9985046386719,337.4261474609375,63.16078186035156,41.678226470947266,114.81385040283203,101.49394226074219,179.72999572753906,86.3370361328125,22.31033706665039
2022-03-03,408.9523620605469,332.6060791015625,61.91533279418945,41.09172058105469,115.9832534790039,101.8650131225586,180.8000030517578,87.04327392578125,22.55397605895996
2022-03-04,405.6297912597656,327.7859802246094,60.12119674682617,40.26158905029297,117.9856185913086,101.96402740478516,183.67999267578125,87.44210052490234,23.502426147460938
2022-03-07,393.67218017578125,315.6968688964844,58.21382522583008,38.75471115112305,117.08538818359375,100.72698974609375,186.41000366210938,85.71388244628906,24.01580810546875
2022-03-08,390.68743896484375,314.2294006347656,58.718971252441406,38.881038665771484,115.90755462646484,100.1249771118164,191.50999450683594,85.29843139648438,24.424772262573242
2022-03-09,401.1620788574219,325.5411071777344,61.17502975463867,39.98187255859375,114.77178192138672,100.29814147949219,185.82000732421875,86.61121368408203,22.484365463256836
2022-03-10,399.3505859375,321.926025390625,60.443450927734375,39.232940673828125,113.12278747558594,99.15182495117188,186.39999389648438,86.8272476196289,22.214624404907227
2022-03-11,394.2727355957031,315.24981689453125,59.79024124145508,38.41182327270508,113.50138092041016,99.110595703125,185.08999633789062,86.13761901855469,22.59748077392578
2022-03-14,391.391357421875,309.19561767578125,60.338932037353516,37.48243713378906,110.85123443603516,97.67565155029297,182.3000030517578,85.46460723876953,21.93617820739746
2022-03-15,399.9982604980469,318.89398193359375,60.91375732421875,37.53657913208008,110.65776062011719,98.44258880615234,178.88999938964844,86.03791809082031,21.39669418334961
2022-03-16,408.8678283691406,330.72088623046875,63.09981918334961,40.55935287475586,111.7430648803711,99.28378295898438,180.00999450683594,87.0599136352539,21.21396255493164
2022-03-17,413.983154296875,334.7245788574219,63.63108825683594,40.3518180847168,110.91012573242188,100.25691223144531,180.88999938964844,88.40594482421875,22.232023239135742
2022-03-18,418.5173645019531,341.5756530761719,64.24945831298828,40.92930221557617,112.26468658447266,100.45481872558594,179.3000030517578,88.40594482421875,22.336442947387695
2022-03-21,418.3951416015625,340.6260986328125,63.84882736206055,40.29767608642578,109.66503143310547,99.06110382080078,180.6699981689453,87.86585235595703,23.17177391052246
2022-03-22,423.2908630371094,347.3201599121094,64.44977569580078,41.02855682373047,108.2600326538086,98.82194519042969,179.36000061035156,88.0901870727539,23.119564056396484
2022-03-23,417.83953857421875,342.3287658691406,63.613677978515625,40.75785827636719,110.63249206542969,99.10234832763672,181.80999755859375,87.10187530517578,23.69385528564453
2022-03-24,424.1382751464844,349.9376525878906,64.2059097290039,40.97441482543945,109.76597595214844,99.1435775756836,183.1300048828125,87.65326690673828,23.458919525146484
2022-03-25,426.2095031738281,349.64569091796875,64.24076080322266,40.64958190917969,108.24322509765625,98.36013793945312,182.3800048828125,88.7476806640625,23.632946014404297
2022-03-28,429.2412109375,355.0556335449219,64.03172302246094,40.78492736816406,109.16864776611328,98.90441131591797,179.05999755859375,89.69169616699219,22.606185913085938
2022-03-29,434.55126953125,361.1659851074219,65.45136260986328,41.47972106933594,109.99308776855469,99.73735046386719,179.13999938964844,92.32331085205078,22.69319725036621
2022-03-30,431.86798095703125,357.1767272949219,65.18136596679688,41.36241912841797,110.85123443603516,99.96827697753906,180.5800018310547,91.65498352050781,23.102163314819336
2022-03-31,425.2210388183594,352.74957275390625,64.10140991210938,40.73981857299805,111.12044525146484,99.73735046386719,180.64999389648438,90.5354995727539,22.67579460144043
2022-04-01,426.42608642578125,352.0782165527344,64.70235443115234,41.41655731201172,111.54350280761719,100.07205200195312,179.5,92.29827117919922,22.823719024658203
2022-04-04,430.0791015625,359.32708740234375,64.96363830566406,42.14743423461914,110.768310546875,100.41915893554688,180.3699951171875,91.84712219238281,23.258787155151367
2022-04-05,424.64666748046875,351.3485412597656,64.083984375,41.37144088745117,108.26573181152344,98.65886688232422,179.24000549316406,91.39599609375,23.067358016967773
2022-04-06,420.4004821777344,343.72027587890625,63.31754684448242,40.830047607421875,107.38945007324219,98.08038330078125,179.66000366210938,92.4820556640625,22.88463020324707
2022-04-07,422.5187683105469,344.53753662109375,63.4568977355957,40.505210876464844,106.58053588867188,97.62580108642578,180.33999633789062,91.56306457519531,22.962940216064453
2022-04-08,421.3890686035156,339.72119140625,63.483036041259766,40.54130172729492,105.42619323730469,96.85728454589844,181.47000122070312,91.71346282958984,23.250085830688477
2022-04-11,414.18658447265625,331.6842346191406,62.81240463256836,40.03600311279297,103.7578125,95.9151382446289,182.3699951171875,90.72764587402344,23.05865478515625
2022-04-12,412.65185546875,330.28314208984375,62.342098236083984,39.90967559814453,103.61460876464844,95.98120880126953,183.77000427246094,90.59397888183594,23.746065139770508
2022-04-13,417.3782653808594,336.9968566894531,63.01272201538086,40.43302536010742,103.82525634765625,96.47710418701172,184.64999389648438,91.23725891113281,24.26814842224121
2022-04-14,412.18115234375,329.2906494140625,62.725311279296875,39.90967559814453,101.74401092529297,95.3531723022461,184.0399932861328,90.8446044921875,24.450876235961914
2022-04-18,412.3506164550781,329.5436706542969,62.35951614379883,39.77433395385742,101.23846435546875,94.62592315673828,184.61000061035156,90.4770278930664,24.729320526123047
2022-04-19,419.0069885253906,336.9092712402344,62.655643463134766,39.57582092285156,100.48011779785156,93.87386322021484,181.82000732421875,92.44862365722656,24.0941219329834
2022-04-20,418.69635009765625,331.9956359863281,63.07368850708008,39.34121322631836,102.50236511230469,94.84904479980469,182.7100067138672,93.98583221435547,24.120223999023438
2022-04-21,412.435302734375,325.1263122558594,62.39435577392578,38.58326721191406,101.74401092529297,93.8407974243164,182.05999755859375,93.33419036865234,24.085418701171875
2022-04-22,401.11846923828125,316.612548828125,61.37535858154297,38.240386962890625,101.1036376953125,93.7333755493164,180.2899932861328,91.69673919677734,23.62424659729004
2022-04-25,403.4439392089844,320.6796875,61.0792236328125,37.96066665649414,102.1147689819336,94.7746353149414,177.0500030517578,91.46282196044922,23.450218200683594
2022-04-26,391.7599792480469,308.5756530761719,59.37217330932617,37.130531311035156,103.14273071289062,94.72506713867188,177.32000732421875,89.95904541015625,23.77216911315918
2022-04-27,392.8614807128906,308.2059020996094,59.642181396484375,37.56364440917969,101.81986236572266,93.8160171508789,175.97999572753906,89.36589813232422,23.9374942779541
2022-04-28,402.784912109375,319.15203857421875,60.486976623535156,38.10504150390625,101.97151184082031,94.09697723388672,176.92999267578125,91.01170349121094,24.13762664794922
2022-04-29,387.8996887207031,304.7906494140625,59.781524658203125,38.240386962890625,100.64862823486328,93.05565643310547,176.91000366210938,86.83454895019531,23.95490074157715
2022-05-02,390.2347106933594,309.8794860839844,59.63347244262695,38.18624496459961,98.90400695800781,92.50403594970703,173.6300048828125,84.73762512207031,24.320356369018555
2022-05-03,392.02362060546875,310.2103271484375,60.0776481628418,38.465972900390625,99.57083892822266,93.10043334960938,174.08999633789062,85.7902603149414,23.981002807617188
2022-05-04,403.9617614746094,320.6991271972656,61.131492614746094,38.881038665771484,100.11943054199219,94.01155853271484,175.8000030517578,86.77606201171875,24.729320526123047
2022-05-05,389.6038818359375,304.5474853515625,59.16316604614258,37.44634246826172,97.37632751464844,92.57029724121094,175.1300048828125,84.46192169189453,24.598800659179688
2022-05-06,387.27838134765625,300.8986511230469,58.58833312988281,36.93202209472656,95.94145202636719,91.7834243774414,175.4199981689453,83.45941925048828,24.62490463256836
2022-05-09,374.8787536621094,289.12542724609375,56.82032012939453,35.867279052734375,96.78549194335938,92.10646057128906,172.8800048828125,79.78350830078125,23.51112937927246
2022-05-10,375.7449035644531,292.6380310058594,57.24708938598633,36.03872299194336,97.66329193115234,92.49575805664062,171.4199981689453,78.32987976074219,23.371906280517578
2022-05-11,369.7757263183594,283.9588928222656,56.90741729736328,35.786067962646484,99.54548645019531,92.92646789550781,172.82000732421875,78.16278076171875,23.946195602416992
2022-05-12,369.3897705078125,283.28753662109375,56.768070220947266,35.55146408081055,99.35980987548828,92.9678955078125,170.1699981689453,78.77265930175781,24.059314727783203
2022-05-13,378.22100830078125,293.7861633300781,58.34446716308594,36.534996032714844,97.89118957519531,92.47920227050781,168.7899932861328,80.85286712646484,24.38996696472168
2022-05-16,376.6864013671875,290.3806457519531,58.396728515625,36.390628814697266,97.78987121582031,92.60343933105469,170.39999389648438,80.34324645996094,24.79022979736328
2022-05-17,384.4350280761719,297.90191650390625,59.48541259765625,37.28392791748047,96.60824584960938,92.0733413696289,169.3300018310547,81.43766784667969,24.520488739013672
2022-05-18,368.93780517578125,283.2777404785156,58.065773010253906,36.390628814697266,98.66770935058594,92.41294860839844,169.4199981689453,79.07341003417969,23.989704132080078
2022-05-19,366.67828369140625,281.7598571777344,58.623165130615234,36.96812057495117,98.90400695800781,92.66145324707031,171.91000366210938,78.72251892089844,24.294252395629883
2022-05-20,366.8382568359375,280.88421630859375,59.023799896240234,37.12150955200195,100.02657318115234,93.11698150634766,172.02999877929688,79.22378540039062,24.329055786132812
2022-05-23,373.7019348144531,285.5545654296875,60.025390625,37.40122985839844,98.38072967529297,92.78564453125,172.8300018310547,80.14275360107422,24.51178741455078
2022-05-24,370.8491516113281,279.48309326171875,59.92958068847656,36.751556396484375,100.32201385498047,94.00325012207031,174.1300048828125,80.81945037841797,24.494384765625
2022-05-25,374.1255187988281,283.3945007324219,59.94700622558594,36.93202209472656,100.71868896484375,94.97235870361328,173.0800018310547,81.50452423095703,24.668411254882812
2022-05-26,381.6010437011719,291.24658203125,60.60892105102539,37.5095100402832,100.26289367675781,94.99720764160156,172.75999450683594,81.60475158691406,24.938154220581055
2022-05-27,390.9690246582031,300.7527770996094,61.340518951416016,37.94261932373047,100.50768280029297,95.49422454833984,172.85000610351562,83.79357147216797,25.23400115966797
2022-05-31,388.7752990722656,299.954833984375,60.9747200012207,38.4749870300293,98.38072967529297,94.7901611328125,171.13999938964844,82.76599884033203,25.059974670410156
2022-06-01,385.6307373046875,297.7364807128906,60.33021926879883,38.20429611206055,98.26827239990234,94.2371597290039,172.22999572753906,82.08094024658203,25.181793212890625
2022-06-02,392.9744873046875,305.8901672363281,61.58437728881836,38.86298751831055,98.31897735595703,94.27867889404297,174.35000610351562,83.20877838134766,25.756084442138672
2022-06-03,386.5252380371094,297.9310607910156,60.7047233581543,38.23136520385742,98.10760498046875,93.97979736328125,172.5800018310547,82.09765625,25.99972152709961
2022-06-06,387.7019958496094,298.9236145019531,60.9485969543457,38.43889236450195,96.29816436767578,93.31556701660156,171.82000732421875,81.83867645263672,26.11284065246582
2022-06-07,391.4209899902344,301.50189208984375,61.131492614746094,38.55619430541992,97.33821105957031,93.81372833251953,172.94000244140625,82.96649169921875,26.286867141723633
2022-06-08,387.1654052734375,299.332275390625,60.2779655456543,38.76373291015625,96.4757080078125,93.27401733398438,172.77999877929688,81.05335998535156,26.521806716918945
2022-06-09,377.9574279785156,291.314697265625,59.0120964050293,37.846458435058594,96.79704284667969,92.65965270996094,172.22999572753906,79.13188934326172,26.565311431884766
2022-06-10,366.9983215332031,281.0398254394531,57.58774948120117,37.4278678894043,96.19668579101562,91.76292419433594,174.5399932861328,77.37748718261719,26.304269790649414
2022-06-13,353.06414794921875,267.9725646972656,55.68269729614258,36.11747741699219,93.17811584472656,89.64570617675781,169.92999267578125,73.50944519042969,26.008424758911133
2022-06-14,352.00018310546875,268.4590148925781,55.15747833251953,36.617977142333984,92.00281524658203,89.18072509765625,168.57000732421875,72.94970703125,25.72127914428711
2022-06-15,357.0184020996094,275.16290283203125,56.19011688232422,37.10027313232422,93.7192611694336,90.57560729980469,170.77000427246094,74.67904663085938,25.73868179321289
2022-06-16,345.2024841308594,264.06109619140625,54.952720642089844,35.96278381347656,94.46337890625,90.67523956298828,172.69000244140625,72.71578216552734,25.85179901123047
2022-06-17,345.94659423828125,267.27197265625,54.730167388916016,36.099273681640625,94.76771545410156,90.85791015625,171.27000427246094,73.26715850830078,24.929452896118164
2022-06-21,354.65545654296875,274.0151672363281,55.55807113647461,36.681678771972656,93.16121673583984,89.94459533691406,170.6300048828125,74.28639221191406,24.86854362487793
2022-06-22,354.01239013671875,273.6155090332031,55.18418502807617,36.02647399902344,95.72319030761719,90.60055541992188,171.30999755859375,75.2304458618164,24.424772262573242
2022-06-23,357.482666015625,277.69036865234375,55.12186813354492,36.135677337646484,96.50957489013672,91.29798126220703,170.25999450683594,76.65969848632812,23.876585006713867
2022-06-24,368.8484191894531,287.20501708984375,56.76874923706055,36.99107360839844,95.17357635498047,91.40591430664062,170.08999633789062,78.29076385498047,24.10282325744629
2022-06-27,367.4395446777344,285.0993957519531,56.52840042114258,37.03657150268555,94.36189270019531,90.56730651855469,169.89999389648438,78.17306518554688,24.050613403320312
2022-06-28,359.9317321777344,276.4133605957031,56.14561080932617,36.80907440185547,94.80155181884766,90.54243469238281,169.6199951171875,77.22300720214844,24.337757110595703
2022-06-29,359.6385803222656,276.6667175292969,55.93196105957031,36.663475036621094,96.2812728881836,91.08209228515625,169.49000549316406,76.74378967285156,23.920093536376953
2022-06-30,356.7166748046875,273.2352600097656,55.62928771972656,36.49057388305664,97.12676239013672,91.35607147216797,168.4600067138672,76.60084533691406,23.18047332763672
2022-07-01,360.48956298828125,275.0387878417969,55.762813568115234,36.26306915283203,98.12394714355469,92.51079559326172,168.32000732421875,77.97969055175781,23.293594360351562
2022-07-05,361.17041015625,279.7473449707031,54.56993865966797,35.980979919433594,98.89491271972656,92.48585510253906,164.75,77.76109313964844,21.727344512939453
2022-07-06,362.39013671875,281.5411071777344,54.614444732666016,35.76258087158203,97.23440551757812,92.02796173095703,162.13999938964844,77.61815643310547,21.405393600463867
2022-07-07,367.8177490234375,287.5657653808594,55.44233703613281,36.48147201538086,96.37867736816406,92.01960754394531,162.22999572753906,77.82833099365234,22.29293441772461
2022-07-08,367.51519775390625,287.9264221191406,55.50465393066406,36.48147201538086,95.31123352050781,91.8697738647461,162.3000030517578,77.41637420654297,22.68449592590332
2022-07-11,363.3168029785156,281.7750549316406,54.60554504394531,35.507781982421875,96.95479583740234,92.12783813476562,161.42999267578125,77.24822235107422,22.6409912109375
2022-07-12,360.101806640625,279.0454406738281,54.59663772583008,35.371280670166016,97.53091430664062,92.26104736328125,160.8300018310547,76.94556427001953,21.614227294921875
2022-07-13,358.2107849121094,278.4703063964844,54.56993865966797,35.28938674926758,98.64923095703125,92.95206451416016,161.60000610351562,76.57564544677734,21.736045837402344
2022-07-14,357.3408203125,279.46466064453125,53.80434799194336,34.97088623046875,97.84437561035156,92.36090850830078,159.3300018310547,75.88622283935547,21.53591537475586
2022-07-15,364.1678161621094,284.53399658203125,54.65896224975586,35.152889251708984,98.39508056640625,93.10187530517578,159.00999450683594,77.17256164550781,21.814359664916992
2022-07-18,361.1609802246094,282.1260070800781,54.881507873535156,35.39858627319336,97.36994171142578,92.45254516601562,159.16000366210938,76.6260757446289,22.223325729370117
2022-07-19,370.919189453125,290.8023681640625,56.3770637512207,35.980979919433594,96.84465789794922,92.71060180664062,159.5399932861328,78.6102523803711,22.31033706665039
2022-07-20,373.2830810546875,295.41339111328125,56.003177642822266,35.82627868652344,97.09883117675781,92.61070251464844,158.0399932861328,78.42528533935547,22.29293441772461
2022-07-21,377.08441162109375,299.65411376953125,56.581817626953125,36.235774993896484,98.77632904052734,93.87615203857422,160.27000427246094,79.04744720458984,21.918773651123047
2022-07-22,373.5856628417969,294.39959716796875,56.43937301635742,35.87177276611328,100.43683624267578,94.60047149658203,160.6699981689453,79.45939636230469,21.65773582458496
2022-07-25,374.0395812988281,292.7227783203125,56.87557601928711,35.999183654785156,99.45407104492188,93.80123901367188,160.22999572753906,79.59392547607422,22.049293518066406
2022-07-26,369.6143493652344,286.97113037109375,56.08329391479492,35.71707534790039,99.53033447265625,93.78458404541016,160.0399932861328,79.6780014038086,22.092803955078125
2022-07-27,379.21197509765625,299.098388671875,57.40970993041992,36.38137435913086,98.97118377685547,94.40898132324219,161.6699981689453,80.1572265625,22.59748077392578
2022-07-28,383.96820068359375,302.02301025390625,57.70347595214844,36.53607940673828,99.75906372070312,95.19153594970703,163.63999938964844,82.7551498413086,22.614885330200195
2022-07-29,389.5658874511719,307.5309753417969,58.50466537475586,36.36317443847656,99.48796844482422,95.41634368896484,164.10000610351562,83.20074462890625,22.719303131103516
2022-08-01,388.4123229980469,307.3457946777344,58.584781646728516,36.053775787353516,101.88398742675781,95.60492706298828,165.02999877929688,82.52814483642578,22.258127212524414
2022-08-02,385.849853515625,306.4294128417969,57.65006637573242,35.88087844848633,99.72817993164062,94.43658447265625,164.0500030517578,81.46879577636719,22.14501190185547
2022-08-03,391.8920593261719,314.7742614746094,57.98834228515625,36.1629753112793,101.29838562011719,95.46308898925781,164.4499969482422,81.72943115234375,21.95357894897461
2022-08-04,391.6272888183594,316.2463073730469,58.28211975097656,36.41777801513672,101.264404296875,95.6133041381836,167.1699981689453,81.60332489013672,21.718643188476562
2022-08-05,390.96527099609375,313.662841796875,57.872615814208984,36.45417785644531,98.85395050048828,94.31974792480469,165.2899932861328,81.83032989501953,21.640331268310547
2022-08-08,390.5114440917969,312.6490783691406,58.00614547729492,36.49967575073242,100.44961547851562,94.6952896118164,166.69000244140625,82.5617904663086,21.90137481689453
2022-08-09,388.9607238769531,309.11029052734375,57.69457244873047,36.36317443847656,100.05917358398438,94.26966094970703,167.1999969482422,83.01579284667969,22.0841007232666
2022-08-10,397.1305236816406,317.7378845214844,58.99427795410156,36.81817626953125,99.4056396484375,95.16261291503906,166.77999877929688,84.27691650390625,22.388648986816406
2022-08-11,397.1305236816406,315.934326171875,58.976478576660156,36.96377182006836,97.08853912353516,94.24464416503906,166.33999633789062,84.07512664794922,22.823719024658203
2022-08-12,403.853515625,322.0858154296875,59.43048858642578,37.35506820678711,98.07311248779297,95.33790588378906,167.8699951171875,85.52122497558594,22.701900482177734
2022-08-15,405.5177307128906,324.6886291503906,59.07440185546875,37.18217468261719,97.98819732666016,95.2711181640625,165.7100067138672,85.86592864990234,22.4234561920166
2022-08-16,406.31195068359375,323.92822265625,59.05659866333008,37.17306900024414,98.39561462402344,94.9039077758789,165.4199981689453,85.6389389038086,22.171113967895508
2022-08-17,403.4279479980469,320.2335205078125,58.584781646728516,37.01837158203125,97.36863708496094,94.0109634399414,164.35000610351562,85.1260757446289,22.258127212524414
2022-08-18,404.60040283203125,321.0036926269531,58.38893508911133,36.80907440185547,97.51290893554688,94.25299835205078,163.9199981689453,84.56278228759766,22.59748077392578
2022-08-19,399.1634826660156,314.7450256347656,57.58774948120117,36.30857849121094,95.94274139404297,93.13471221923828,162.72000122070312,83.67157745361328,22.58877944946289
2022-08-22,390.8518371582031,306.4586181640625,56.608516693115234,35.990074157714844,95.62023162841797,92.50879669189453,161.63999938964844,81.84713745117188,22.78891372680664
2022-08-23,389.9062805175781,306.20526123046875,56.63521957397461,36.18117141723633,95.093994140625,92.60894775390625,162.77000427246094,80.79620361328125,23.163074493408203
2022-08-24,391.154541015625,307.09234619140625,56.70643997192383,36.17207717895508,94.39800262451172,92.33354187011719,163.25,81.25861358642578,23.406709671020508
2022-08-25,396.67657470703125,312.522216796875,57.32958984375,36.954673767089844,95.71357727050781,93.28490447998047,163.75,82.46929168701172,23.076061248779297
2022-08-26,383.2495422363281,299.7125549316406,55.825130462646484,36.40867233276367,96.43498992919922,92.72576141357422,161.75999450683594,80.39263153076172,23.17177391052246
2022-08-29,380.71539306640625,296.7588195800781,55.700504302978516,36.18117141723633,95.63717651367188,92.04143524169922,161.86000061035156,79.66958618164062,23.51112937927246
2022-08-30,376.5358581542969,293.4539794921875,55.299903869628906,35.753482818603516,95.87483215332031,92.15828704833984,160.50999450683594,78.56822204589844,22.858524322509766
2022-08-31,373.6708068847656,291.7479553222656,54.92601776123047,35.88087844848633,94.95820617675781,91.19022369384766,159.27000427246094,78.19828033447266,22.379947662353516
2022-09-01,374.8433532714844,291.87469482421875,54.1871452331543,35.598785400390625,93.21967315673828,90.6412353515625,157.8699951171875,78.34121704101562,21.90137481689453
2022-09-02,370.890869140625,287.7510681152344,53.83106231689453,35.27118682861328,93.74701690673828,90.70819091796875,159.25999450683594,77.24822235107422,22.049293518066406
2022-09-06,369.4914245605469,285.6842346191406,53.69752883911133,34.852596282958984,91.42503356933594,89.47799682617188,158.3300018310547,77.94605255126953,21.918773651123047
2022-09-07,376.1293640136719,291.4554748535156,54.169342041015625,35.1619873046875,92.87091827392578,90.69981384277344,159.94000244140625,79.46780395507812,21.39669418334961
2022-09-08,378.58782958984375,292.966552734375,54.20494079589844,34.97088623046875,91.91837310791016,90.49059295654297,158.97999572753906,79.6864242553711,21.483705520629883
2022-09-09,384.4693298339844,299.3713684082031,55.584774017333984,35.489585876464844,92.12247467041016,90.69981384277344,159.82000732421875,80.55238342285156,22.092803955078125
2022-09-12,388.6014709472656,302.9296569824219,56.359256744384766,36.01737976074219,91.36548614501953,90.49894714355469,160.6300048828125,81.33428955078125,22.39735221862793
2022-09-13,371.7040710449219,286.3179626464844,54.40079116821289,34.90719223022461,91.57814025878906,89.84620666503906,158.5399932861328,78.2235107421875,22.28423500061035
2022-09-14,373.1224670410156,288.5893859863281,54.578834533691406,35.08008575439453,91.892822265625,90.27300262451172,157.92999267578125,77.33230590820312,22.379947662353516
2022-09-15,368.8861999511719,283.78326416015625,54.09812545776367,34.70698928833008,91.83329010009766,89.83784484863281,154.97999572753906,75.90303039550781,21.727344512939453
2022-09-16,366.072021484375,282.048095703125,53.768741607666016,34.38849639892578,91.06779479980469,89.62861633300781,155.83999633789062,75.91143035888672,21.649030685424805
2022-09-19,368.9109191894531,284.24444580078125,53.955684661865234,34.4976921081543,91.28041076660156,89.7792739868164,155.9600067138672,75.80213928222656,21.718643188476562
2022-09-20,364.6763916015625,281.9786682128906,53.03877258300781,34.30659866333008,90.37034606933594,88.88380432128906,155.07000732421875,73.96089172363281,21.69253921508789
2022-09-21,358.3150329589844,276.9296569824219,52.344398498535156,33.73330307006836,91.88432312011719,89.21856689453125,155.7899932861328,72.79224395751953,21.56201934814453
2022-09-22,355.3052062988281,273.5212097167969,52.19307327270508,33.56950759887695,89.53678131103516,87.9632797241211,155.6999969482422,71.86742401123047,21.622928619384766
2022-09-23,349.3521728515625,269.0677795410156,50.52837371826172,32.741416931152344,89.90254974365234,87.71220397949219,153.00999450683594,70.91218566894531,20.892013549804688
2022-09-26,345.89617919921875,267.9544982910156,49.78059768676758,32.34102249145508,88.18444061279297,86.18910217285156,151.22999572753906,68.92350006103516,20.404735565185547
2022-09-27,345.0130920410156,268.0618896484375,49.44232177734375,32.304622650146484,85.86246490478516,84.8919448852539,151.5399932861328,68.00568389892578,20.622270584106445
2022-09-28,351.8017272949219,273.39422607421875,50.63520431518555,32.58672332763672,88.73731231689453,86.59916687011719,154.69000244140625,69.41645050048828,21.19655990600586
2022-09-29,344.4529724121094,265.5129699707031,50.03875732421875,31.858728408813477,88.27801513671875,85.95479583740234,154.66000366210938,67.37677764892578,21.066038131713867
2022-09-30,339.1264953613281,261.0107727050781,49.860713958740234,31.740432739257812,87.13829040527344,85.73716735839844,154.6699981689453,68.13312530517578,20.80500030517578
2022-10-03,348.0798034667969,267.13409423828125,50.848846435546875,32.259124755859375,88.52288055419922,87.32328796386719,158.42999267578125,69.34845733642578,21.274873733520508
2022-10-04,358.8657531738281,275.53302001953125,52.88743209838867,33.31471252441406,88.2756118774414,87.72634887695312,160.6999969482422,70.75070190429688,21.849164962768555
2022-10-05,358.03021240234375,275.38653564453125,52.32659912109375,33.332908630371094,87.43157958984375,87.06299591064453,159.80999755859375,69.36544036865234,22.240726470947266
2022-10-06,354.3367919921875,273.2184143066406,51.40968322753906,33.132713317871094,86.94559478759766,86.8614501953125,159.6300048828125,67.43626403808594,22.379947662353516
2022-10-07,344.4529724121094,262.80780029296875,50.59069061279297,32.441123962402344,86.1015396118164,85.99665069580078,157.8800048828125,65.81304168701172,22.614885330200195
2022-10-10,341.822998046875,260.1805419921875,50.30582046508789,31.986127853393555,84.76300811767578,85.22417449951172,155.47999572753906,65.19264221191406,22.362546920776367
2022-10-11,339.658203125,256.606201171875,49.7538948059082,31.476531982421875,85.13814544677734,85.04782104492188,155.16000366210938,65.85553741455078,22.04059410095215
2022-10-12,338.53790283203125,256.5182189941406,49.59365463256836,31.51293182373047,85.55587005615234,84.94710540771484,155.99000549316406,65.16714477539062,22.04059410095215
2022-10-13,347.4722595214844,262.5342712402344,50.617401123046875,31.60393524169922,84.7374267578125,85.09819030761719,154.91000366210938,66.35693359375,22.345144271850586
2022-10-14,339.5537414550781,254.64317321777344,49.860713958740234,31.1307373046875,84.03829956054688,84.28375244140625,152.97999572753906,64.70821380615234,21.90137481689453
2022-10-17,348.2792663574219,263.0518798828125,51.089210510253906,31.986127853393555,83.62907409667969,84.68682098388672,153.4199981689453,67.14730072021484,21.849164962768555
2022-10-18,352.3714294433594,265.1320495605469,51.454193115234375,31.995229721069336,83.82516479492188,85.1905746459961,153.75,67.8781967163086,21.614227294921875
2022-10-19,349.87432861328125,264.1651611328125,50.822139739990234,31.4128360748291,82.29905700683594,84.02347564697266,151.69000244140625,66.18696594238281,21.605525970458984
2022-10-20,346.9405212402344,262.8174133300781,50.706417083740234,31.613033294677734,80.89228057861328,83.29299926757812,151.4499969482422,65.89801025390625,21.622928619384766
2022-10-21,355.3717041015625,268.97991943359375,51.62333679199219,32.0953254699707,79.43440246582031,83.52806854248047,154.14999389648438,66.41645050048828,21.649030685424805
2022-10-24,359.7201843261719,271.9390563964844,51.63223648071289,30.87594223022461,78.77794647216797,83.486083984375,153.64999389648438,66.4079360961914,21.709941864013672
2022-10-25,365.46441650390625,277.5643615722656,52.77170944213867,31.1307373046875,81.07136535644531,84.60282897949219,154.0,69.01700592041016,21.83176040649414
2022-10-26,362.71099853515625,271.4312744140625,53.27022171020508,31.640331268310547,82.2393798828125,84.98906707763672,154.97999572753906,68.97449493408203,22.240726470947266
2022-10-27,360.7740478515625,266.48956298828125,52.77170944213867,31.394630432128906,83.1004867553711,85.38372039794922,154.74000549316406,69.07648468017578,22.275531768798828
2022-10-28,369.3571472167969,274.644287109375,53.296932220458984,31.203536987304688,82.52925872802734,85.55999755859375,153.16000366210938,70.59774017333984,22.014490127563477
2022-10-31,366.6891784667969,271.45074462890625,52.79841613769531,31.112533569335938,81.94098663330078,85.09819030761719,151.91000366210938,70.5212631225586,21.857866287231445
2022-11-01,365.08465576171875,268.6772155761719,53.21681594848633,31.68583106994629,82.70677947998047,85.71049499511719,153.4600067138672,70.4957504272461,22.188518524169922
2022-11-02,355.92236328125,259.46771240234375,52.44232940673828,31.42193031311035,82.34782409667969,85.29784393310547,152.38999938964844,68.55807495117188,22.388648986816406
2022-11-03,352.2574157714844,254.39898681640625,51.997222900390625,31.60393524169922,81.90336608886719,84.99464416503906,151.80999755859375,68.46458435058594,22.371246337890625
2022-11-04,357.3275451660156,258.4910888671875,54.080318450927734,32.941619873046875,80.52735137939453,85.16307067871094,156.47000122070312,69.39945220947266,23.128265380859375
2022-11-07,360.74560546875,261.3330383300781,54.249454498291016,32.95981979370117,79.72396087646484,84.8514404296875,155.85000610351562,69.39945220947266,22.92813491821289
2022-11-08,362.69195556640625,263.23748779296875,54.86370086669922,33.196414947509766,80.59574127197266,85.2051773071289,159.4499969482422,69.6119155883789,22.649690628051758
2022-11-09,355.21978759765625,257.16290283203125,54.09812545776367,32.62311553955078,80.86067199707031,84.9862060546875,158.64999389648438,68.89801025390625,22.127609252929688
2022-11-10,374.7406005859375,276.13848876953125,57.13374328613281,33.80610275268555,83.9716796875,87.83285522460938,163.47999572753906,73.93767547607422,22.327739715576172
2022-11-11,378.3675231933594,281.22674560546875,58.2732048034668,34.72519302368164,83.66400909423828,88.06865692138672,164.55999755859375,73.9291763305664,22.754108428955078
2022-11-14,375.1488037109375,278.7656555175781,57.658966064453125,34.51589584350586,83.4588623046875,87.62229919433594,164.9199981689453,72.12749481201172,22.41475486755371
2022-11-15,378.3485107421875,282.6232604980469,58.0417594909668,35.307586669921875,84.80924224853516,88.84346771240234,165.5,72.90935516357422,22.67579460144043
2022-11-16,375.46221923828125,278.7656555175781,57.90822982788086,34.74339294433594,86.66387939453125,89.60147094726562,165.1199951171875,72.24647521972656,22.4234561920166
2022-11-17,374.3133544921875,278.15032958984375,57.88151931762695,34.80708694458008,85.74940490722656,89.12139892578125,163.9199981689453,71.75354766845703,22.049293518066406
2022-11-18,376.01287841796875,278.16009521484375,57.997249603271484,34.60689163208008,85.15968322753906,89.11298370361328,162.7899932861328,72.66290283203125,21.892669677734375
2022-11-21,374.64569091796875,275.2986755371094,57.56104278564453,34.17009353637695,85.5186538696289,88.97822570800781,161.8800048828125,73.04533386230469,21.814359664916992
2022-11-22,379.6872863769531,279.2637634277344,58.36222839355469,34.25199890136719,86.73231506347656,89.76988220214844,162.07000732421875,73.44474792480469,22.04059410095215
2022-11-23,382.0799255371094,282.066650390625,59.003177642822266,34.534095764160156,88.24504852294922,90.67103576660156,163.0800018310547,73.5042495727539,21.736045837402344
2022-11-25,381.99444580078125,280.21099853515625,59.30585861206055,34.370296478271484,87.9459228515625,90.763671875,163.22000122070312,73.97168731689453,21.54461669921875
2022-11-28,375.8989562988281,276.0994873046875,58.540283203125,34.215599060058594,88.19376373291016,90.10678100585938,161.92999267578125,71.99152374267578,21.41409683227539
2022-11-29,375.2533264160156,274.0094909667969,58.70940399169922,34.95269012451172,87.15962982177734,89.66043853759766,162.72999572753906,73.1812973022461,21.69253921508789
2022-11-30,387.073974609375,286.50048828125,59.7509651184082,35.96278381347656,87.80061340332031,90.7552490234375,164.80999755859375,74.85551452636719,22.1798152923584
2022-12-01,386.7891540527344,286.8520202636719,60.32958984375,35.84447479248047,90.60547637939453,91.89082336425781,167.83999633789062,74.69404602050781,22.066699981689453
2022-12-02,386.3429260253906,285.7093505859375,60.28509521484375,35.980979919433594,91.74490356445312,92.44843292236328,167.25999450683594,74.47309112548828,21.83176040649414
2022-12-05,379.3928527832031,280.9141540527344,59.49280548095703,35.57147979736328,90.45983123779297,91.66265869140625,164.38999938964844,73.11331176757812,21.26617431640625
2022-12-06,373.924072265625,275.0936279296875,59.22572708129883,35.52598571777344,91.62498474121094,91.94152069091797,164.83999633789062,72.42494201660156,20.92681884765625
2022-12-07,373.2879333496094,273.9704284667969,59.22572708129883,35.316680908203125,93.78388214111328,92.96381378173828,166.3300018310547,72.56940460205078,20.82240104675293
2022-12-08,376.21221923828125,277.21282958984375,59.52841567993164,35.74437713623047,93.5268783569336,92.66810607910156,166.47000122070312,73.0793228149414,20.787595748901367
2022-12-09,373.4018249511719,275.44512939453125,59.56402587890625,35.507781982421875,91.09381103515625,91.97527313232422,167.05999755859375,72.94335174560547,20.81369972229004
2022-12-12,378.7853088378906,278.9023132324219,59.7420539855957,35.39858627319336,91.38509368896484,91.85700988769531,165.67999267578125,73.5042495727539,21.039934158325195
2022-12-13,381.6526184082031,281.90057373046875,60.58935546875,35.65172576904297,92.26749420166016,92.65965270996094,168.50999450683594,74.86402893066406,21.387990951538086
2022-12-14,379.21258544921875,279.8106384277344,60.53573989868164,35.67020034790039,92.66160583496094,92.74414825439453,168.10000610351562,74.35411071777344,21.55331802368164
2022-12-15,369.9363098144531,270.41552734375,58.989498138427734,34.84796905517578,93.02310943603516,92.82212829589844,165.35000610351562,73.35977935791016,21.292274475097656
2022-12-16,365.56884765625,267.8372802734375,58.47110366821289,34.94959259033203,91.98405456542969,92.42379760742188,166.7899932861328,71.4645767211914,21.022533416748047
2022-12-19,362.4689025878906,264.0731506347656,58.32810592651367,34.9773063659668,90.43819427490234,91.49160766601562,166.32000732421875,70.55522918701172,20.983139038085938
2022-12-20,362.96490478515625,263.86767578125,58.56047821044922,34.96806716918945,88.8322982788086,90.41533660888672,169.0800018310547,70.37677001953125,21.079435348510742
2022-12-21,368.39215087890625,267.6953125,59.168251037597656,35.28218078613281,89.05554962158203,91.03394317626953,168.8000030517578,70.98016357421875,21.350805282592773
2022-12-22,363.1365966796875,261.1461486816406,58.68560791015625,34.96806716918945,89.03839874267578,91.008544921875,166.75999450683594,70.68196868896484,21.079435348510742
2022-12-23,365.2254943847656,261.7334899902344,58.891178131103516,34.921878814697266,87.73304748535156,90.72886657714844,167.25999450683594,71.31112670898438,21.4646053314209
2022-12-27,363.78521728515625,258.03302001953125,58.980552673339844,35.439239501953125,85.99829864501953,89.55937957763672,168.6699981689453,71.2852783203125,21.657190322875977
2022-12-28,359.2641296386719,254.6262664794922,58.35491180419922,34.921878814697266,85.49163055419922,89.27973175048828,167.91000366210938,70.07003784179688,21.412080764770508
2022-12-29,365.7309265136719,260.8328857421875,59.2755012512207,35.503910064697266,86.46205139160156,89.91532897949219,168.85000610351562,71.60415649414062,21.385820388793945
2022-12-30,364.767578125,260.67620849609375,58.66773223876953,35.014259338378906,85.50020599365234,89.3475112915039,169.63999938964844,71.08704376220703,21.578407287597656
2023-01-03,363.2319641113281,258.91412353515625,59.18613052368164,35.309898376464844,87.13189697265625,89.96617126464844,171.05999755859375,71.15599060058594,21.061925888061523
2023-01-04,366.03619384765625,260.1475830078125,59.972652435302734,36.37233352661133,88.32559967041016,90.61870574951172,172.6699981689453,72.76768493652344,20.68550682067871
2023-01-05,361.8585510253906,256.07513427734375,59.37382125854492,36.261470794677734,88.69488525390625,90.55091857910156,170.52000427246094,70.8112564086914,20.580461502075195
2023-01-06,370.1566467285156,263.1431579589844,60.893245697021484,37.019039154052734,90.32657623291016,92.0339584350586,173.7100067138672,72.71598052978516,20.69426155090332
2023-01-09,369.94683837890625,264.8465881347656,61.15244674682617,37.29619598388672,90.80748748779297,92.39839172363281,174.10000610351562,72.74183654785156,20.93937110900879
2023-01-10,372.5412292480469,267.0884094238281,61.331199645996094,37.564117431640625,89.30461120605469,92.08482360839844,174.74000549316406,72.90558624267578,20.93937110900879
2023-01-11,377.25299072265625,271.7090148925781,61.795963287353516,37.7211799621582,90.75596618652344,92.87295532226562,174.6199951171875,75.51705932617188,21.31578826904297
2023-01-12,378.6265563964844,273.1774597167969,62.7076301574707,37.905941009521484,92.5422592163086,93.92379760742188,176.63999938964844,76.4737548828125,21.490867614746094
2023-01-13,380.09539794921875,275.0570983886719,63.038326263427734,38.1553840637207,91.67484283447266,93.61873626708984,178.75999450683594,75.99969482421875,21.700963973999023
2023-01-17,379.3991394042969,275.61505126953125,63.23495101928711,37.942893981933594,91.082275390625,93.27973937988281,177.58999633789062,76.21517181396484,21.84977912902832
2023-01-18,373.4092102050781,272.0320739746094,63.01151657104492,37.6842155456543,93.28936767578125,94.37295532226562,177.0800018310547,75.10334014892578,21.61342430114746
2023-01-19,370.6907653808594,269.35955810546875,62.91319274902344,37.97061538696289,92.70541381835938,94.17803192138672,179.88999938964844,74.68965911865234,21.832271575927734
2023-01-20,377.59637451171875,276.7311096191406,63.46733474731445,38.552642822265625,91.2025375366211,93.6865234375,179.2899932861328,75.57738494873047,21.963579177856445
2023-01-23,382.1270751953125,282.87890625,63.726531982421875,38.829803466796875,90.77311706542969,93.41532897949219,179.6300048828125,75.92212677001953,22.016101837158203
2023-01-24,381.7169494628906,282.30133056640625,63.646095275878906,38.85752487182617,92.07848358154297,93.90684509277344,180.27999877929688,76.11174774169922,21.8935489654541
2023-01-25,381.8599548339844,281.6748352050781,64.06616973876953,38.89447021484375,92.30176544189453,93.94921875,181.11000061035156,76.14623260498047,21.832271575927734
2023-01-26,386.0567626953125,287.1667785644531,64.11979675292969,39.264015197753906,91.87237548828125,93.91535186767578,179.47000122070312,76.99946594238281,21.928564071655273
2023-01-27,386.9438171386719,290.02532958984375,63.99466323852539,39.079246520996094,91.64051055908203,93.6441650390625,179.22000122070312,77.86133575439453,21.683454513549805
2023-01-30,382.0888977050781,284.16131591796875,63.583534240722656,38.293968200683594,91.30558776855469,93.28822326660156,178.75999450683594,76.87019348144531,21.403329849243164
2023-01-31,387.7069091796875,288.4197998046875,63.94998550415039,38.21082305908203,92.0355224609375,93.95771789550781,179.41000366210938,78.48188018798828,21.770994186401367
2023-02-01,391.82733154296875,294.5873107910156,64.5219955444336,38.68198776245117,93.14189910888672,94.91150665283203,181.6699981689453,78.96452331542969,21.359560012817383
2023-02-02,397.53118896484375,305.1599426269531,64.4326171875,38.451019287109375,93.26242065429688,95.04751586914062,177.89999389648438,80.75720977783203,21.201988220214844
2023-02-03,393.3058166503906,299.73651123046875,63.83378219604492,37.767364501953125,91.86763763427734,93.96790313720703,173.4600067138672,79.24034118652344,20.667999267578125
2023-02-06,390.90216064453125,297.2010192871094,63.18132019042969,37.21304702758789,91.18743896484375,93.24533081054688,173.82000732421875,78.66287994384766,20.729278564453125
2023-02-07,396.0146484375,303.3587341308594,63.71760177612305,37.360862731933594,90.45561981201172,92.93930053710938,173.97999572753906,78.49051666259766,21.12320327758789
2023-02-08,391.68426513671875,297.9646301269531,63.32432174682617,37.314674377441406,90.88609313964844,93.0328369140625,174.41000366210938,78.11990356445312,21.16697120666504
2023-02-09,388.2886962890625,295.3312072753906,63.44053268432617,37.49020767211914,90.02513122558594,92.25074768066406,173.02999877929688,77.26665496826172,21.000648498535156
2023-02-10,389.1948547363281,293.3929138183594,63.1634407043457,37.129905700683594,89.01776885986328,91.60468292236328,173.36000061035156,77.53382873535156,21.298280715942383
2023-02-13,393.7635803222656,298.0919189453125,63.798030853271484,37.434776306152344,89.76679992675781,91.9447250366211,172.47999572753906,78.22332000732422,21.254512786865234
2023-02-14,393.5823974609375,300.2945251464844,63.91423416137695,37.3701057434082,89.56021881103516,91.7152099609375,172.61000061035156,77.602783203125,21.324542999267578
2023-02-15,394.86053466796875,302.5950927734375,63.62820816040039,37.05599594116211,88.72504425048828,91.36666870117188,170.88999938964844,77.91304016113281,21.096940994262695
2023-02-16,389.4237365722656,296.91717529296875,63.31539535522461,37.06523132324219,87.46797943115234,90.6355972290039,170.75,77.15459442138672,21.035663604736328
2023-02-17,388.45086669921875,294.82220458984375,63.47627639770508,36.658729553222656,88.1481704711914,90.99262237548828,171.25999450683594,76.85295104980469,20.878093719482422
2023-02-21,380.65814208984375,287.8421936035156,62.77912139892578,36.196800231933594,86.43477630615234,89.70052337646484,170.6199951171875,75.31021118164062,20.904354095458984
2023-02-22,380.1335754394531,288.0575866699219,62.430545806884766,36.021270751953125,87.22692108154297,89.9555435180664,169.66000366210938,74.62932586669922,20.632984161376953
2023-02-23,382.1556701660156,290.5735168457031,62.7523193359375,36.196800231933594,88.07927703857422,90.66109466552734,169.57000732421875,75.18954467773438,20.79055404663086
2023-02-24,378.0733642578125,285.7081298828125,61.70659255981445,35.38380813598633,86.93415832519531,89.98103332519531,168.35000610351562,73.87088012695312,20.720523834228516
2023-02-27,379.361083984375,287.7541809082031,62.43949508666992,35.56857681274414,87.17525482177734,90.00653076171875,169.00999450683594,73.98291778564453,20.73802947998047
2023-02-28,377.9588317871094,287.3821105957031,61.98366165161133,35.31913375854492,87.57131958007812,90.04051971435547,169.77999877929688,73.8794937133789,20.79930877685547
2023-03-01,376.5090637207031,285.07177734375,62.314361572265625,36.07670211791992,86.6305160522461,89.4792251586914,170.75999450683594,72.94867706298828,21.158218383789062
2023-03-02,379.43731689453125,287.4310302734375,62.43949508666992,36.20603561401367,85.86234283447266,89.55596160888672,170.66000366210938,73.80191802978516,21.079435348510742
2023-03-03,385.5226135253906,293.3733215332031,63.351139068603516,36.52939224243164,87.94242858886719,90.5711441040039,172.49000549316406,74.92237091064453,21.412080764770508
2023-03-06,385.7897033691406,293.7062072753906,63.19025421142578,36.40005874633789,87.26060485839844,90.32378387451172,171.6199951171875,74.62932586669922,21.307035446166992
2023-03-07,379.87603759765625,290.1036376953125,62.13560485839844,35.790306091308594,87.79573059082031,90.06782531738281,168.6199951171875,72.88835144042969,20.869340896606445
2023-03-08,380.4961242675781,291.5524597167969,62.475242614746094,35.93812561035156,87.88204193115234,89.9228286743164,168.5399932861328,73.724365234375,20.755537033081055
2023-03-09,373.4759521484375,286.5010070800781,62.0194091796875,35.14360427856445,88.09783935546875,89.83749389648438,170.1999969482422,72.03508758544922,20.501676559448242
2023-03-10,368.0869140625,282.47760009765625,61.35801696777344,34.958831787109375,91.13594055175781,91.12566375732422,173.8699951171875,69.6477279663086,20.720523834228516
2023-03-13,367.5622863769531,284.572509765625,60.93794250488281,35.014259338378906,91.3431167602539,91.20243835449219,177.86000061035156,70.5613021850586,20.589214324951172
2023-03-14,373.6381530761719,291.1119384765625,61.751285552978516,35.03274154663086,89.84130096435547,90.92945098876953,176.8300018310547,71.24217987060547,20.326595306396484
2023-03-15,371.3012390136719,292.6391296386719,59.838584899902344,34.432228088378906,91.57616424560547,91.79959869384766,178.2100067138672,71.19046020507812,19.853885650634766
2023-03-16,377.8158264160156,300.353271484375,60.76812744140625,34.958831787109375,90.85972595214844,91.66307067871094,178.57000732421875,71.03533172607422,19.915163040161133
2023-03-17,373.3981628417969,298.9338073730469,60.044158935546875,34.746341705322266,92.22348022460938,92.1237564086914,183.77000427246094,69.42362213134766,19.853885650634766
2023-03-20,376.9885559082031,299.9946594238281,60.98262405395508,34.87568283081055,91.41214752197266,91.85077667236328,183.83999633789062,70.216552734375,19.93267059326172
2023-03-21,381.93865966796875,304.2792663574219,61.90321731567383,35.189796447753906,90.62672424316406,92.29439544677734,180.3699951171875,69.90628051757812,20.002702713012695
2023-03-22,375.42791748046875,300.1417541503906,61.6887092590332,35.32837677001953,91.83509063720703,92.831787109375,183.44000244140625,67.29481506347656,20.055225372314453
2023-03-23,376.4428405761719,303.7008361816406,61.697654724121094,35.81801986694336,91.83509063720703,93.09623718261719,185.74000549316406,66.87250518798828,20.002702713012695
2023-03-24,378.9130554199219,304.81854248046875,61.50996017456055,35.725624084472656,92.22348022460938,93.38631439208984,183.64999389648438,68.58740234375,20.0989933013916
2023-03-27,379.62158203125,302.7301940917969,62.09091567993164,35.531620025634766,90.05709075927734,92.2687759399414,181.9499969482422,68.50904083251953,20.475412368774414
2023-03-28,378.7694396972656,301.12213134765625,62.11772918701172,36.03974533081055,90.2210693359375,92.11521911621094,183.44000244140625,68.3436508178711,20.571706771850586
2023-03-29,384.2747802734375,306.61279296875,62.868499755859375,36.1413688659668,90.03977966308594,92.54176330566406,182.52999877929688,69.85831451416016,20.440399169921875
2023-03-30,386.5248718261719,309.51507568359375,63.60140609741211,36.50167465209961,90.45410919189453,92.66971588134766,184.17999267578125,70.77237701416016,20.589214324951172
2023-03-31,391.9727783203125,314.6625061035156,63.92314910888672,36.455482482910156,91.8091812133789,93.5057373046875,183.22000122070312,72.28706359863281,20.781801223754883
2023-04-03,393.4664001464844,313.89776611328125,64.4326171875,36.52939224243164,92.24093627929688,94.07051849365234,184.5399932861328,71.7125244140625,21.12320327758789
2023-04-04,391.2834167480469,312.8388366699219,64.44155883789062,36.52939224243164,92.69956970214844,94.19034576416016,187.97999572753906,71.61678314208984,21.096940994262695
2023-04-05,390.2589111328125,309.7503967285156,63.99466323852539,36.24299621582031,93.66868591308594,94.4983901977539,187.8300018310547,71.2337417602539,21.17572784423828
2023-04-06,391.78125,311.8387756347656,64.2985610961914,36.390811920166016,93.91100311279297,94.4128189086914,186.49000549316406,71.72123718261719,21.114450454711914
2023-04-10,392.18341064453125,311.6622314453125,64.25386047363281,36.42776870727539,92.39672088623047,93.97637939453125,185.11000061035156,72.0520248413086,21.114450454711914
2023-04-11,392.2887268066406,309.66204833984375,64.4683609008789,36.64949417114258,92.5870590209961,93.95071411132812,186.27999877929688,72.3567123413086,21.228248596191406
2023-04-12,390.6897888183594,306.9266357421875,64.8795166015625,36.390811920166016,92.49190521240234,93.75389099121094,187.19000244140625,72.00850677490234,21.394575119018555
2023-04-13,395.8791198730469,312.9368591308594,65.71072387695312,36.88969802856445,91.76506042480469,93.91649627685547,189.72000122070312,71.79088592529297,21.394575119018555
2023-04-14,394.9122009277344,312.3486022949219,65.44259643554688,36.695682525634766,90.92570495605469,93.60840606689453,186.36000061035156,70.67662811279297,21.42083740234375
2023-04-17,396.3291931152344,312.61334228515625,65.3263931274414,36.85273742675781,89.84408569335938,93.01797485351562,185.52999877929688,72.14778137207031,21.333297729492188
2023-04-18,396.58770751953125,312.6329345703125,65.68390655517578,36.806549072265625,90.16423797607422,93.32603454589844,186.25,71.98238372802734,21.377065658569336
2023-04-19,396.52069091796875,312.4858703613281,65.47834014892578,36.43700408935547,90.07772064208984,92.86393737792969,185.36000061035156,72.408935546875,21.079435348510742
2023-04-20,394.3568115234375,310.10333251953125,65.47834014892578,36.38157272338867,90.84784698486328,93.21477508544922,186.08999633789062,71.69512176513672,20.89560317993164
2023-04-21,394.6632080078125,310.4268798828125,65.80903625488281,36.03974533081055,90.3373031616211,93.27469635009766,184.25,71.70381164550781,20.851831436157227
2023-04-24,395.0749206542969,309.7797546386719,65.9788589477539,35.95659637451172,91.21127319335938,93.6854248046875,184.80999755859375,71.4339599609375,21.018156051635742
2023-04-25,388.8035888671875,303.9361877441406,65.05825805664062,35.28218078613281,92.55247497558594,94.09619140625,185.75,70.72884368896484,20.720523834228516
2023-04-26,387.1567687988281,305.7795104980469,65.0135726928711,35.48543167114258,91.5660171508789,93.6854248046875,184.74000549316406,70.04987335205078,20.40538215637207
2023-04-27,394.8642578125,314.0938720703125,65.82691955566406,35.96583557128906,90.65746307373047,93.34317016601562,184.75,71.6341781616211,20.431644439697266
2023-04-28,398.2345275878906,316.26068115234375,65.80010223388672,36.15060806274414,92.11981964111328,94.07051849365234,184.8000030517578,72.5134048461914,20.624229431152344
2023-05-01,397.8323974609375,315.89788818359375,65.70178985595703,36.03050994873047,89.46360778808594,92.55245208740234,183.97000122070312,71.97368621826172,20.44915199279785
2023-05-02,393.36102294921875,313.14276123046875,65.04039001464844,35.679443359375,91.69305419921875,93.66866302490234,187.52000427246094,70.75494384765625,19.985193252563477
2023-05-03,390.6610412597656,311.09356689453125,65.21021270751953,35.62400817871094,92.204833984375,93.82322692871094,189.11000061035156,70.47640991210938,19.731332778930664
2023-05-04,387.89404296875,309.9954833984375,65.07614135742188,35.910404205322266,91.2939682006836,93.56565856933594,190.44000244140625,71.05964660644531,19.810115814208984
2023-05-05,395.0749206542969,316.58428955078125,66.03247833251953,36.390811920166016,90.99036407470703,93.1964111328125,187.4600067138672,72.24354553222656,20.25656509399414
2023-05-08,395.18023681640625,317.36859130859375,66.05035400390625,36.4092903137207,89.71517944335938,92.52667999267578,187.69000244140625,71.82569885253906,20.352859497070312
2023-05-09,393.4472351074219,315.35870361328125,65.78223419189453,36.18756103515625,89.39419555664062,92.49235534667969,189.02000427246094,71.5210189819336,20.414134979248047
2023-05-10,395.2855529785156,318.7903137207031,65.64816284179688,36.16908645629883,90.26167297363281,93.22219848632812,188.75,72.20870971679688,20.352859497070312
2023-05-11,394.59619140625,319.8296203613281,65.48727416992188,36.03974533081055,91.21591186523438,93.5827865600586,187.1300048828125,71.41655731201172,20.002702713012695
2023-05-12,394.07916259765625,318.682373046875,65.37108612060547,35.614768981933594,90.45252227783203,93.00753021240234,186.80999755859375,71.40785217285156,19.845130920410156
2023-05-15,395.4387512207031,320.4081115722656,65.87159729003906,36.27070999145508,89.5156478881836,92.50951385498047,187.2100067138672,71.28597259521484,20.072734832763672
2023-05-16,392.7961730957031,320.7708435058594,65.24596405029297,36.01203155517578,89.2467269897461,92.04584503173828,184.8699951171875,69.50143432617188,19.853885650634766
2023-05-17,397.5642395019531,324.65350341796875,65.54984283447266,36.178321838378906,88.98646545410156,92.03726959228516,184.22999572753906,70.44158172607422,20.090242385864258
2023-05-18,401.39410400390625,330.6833801269531,65.45152282714844,35.984310150146484,88.32719421386719,91.65087890625,181.83999633789062,70.10208892822266,19.906408309936523
2023-05-19,400.8100891113281,329.938232421875,65.83584594726562,36.01203155517578,87.7026138305664,91.53926849365234,183.63999938964844,69.9889144897461,19.88014793395996
2023-05-22,400.9729309082031,331.04620361328125,65.85372924804688,36.30765914916992,87.39030456542969,91.50492095947266,183.2100067138672,70.41547393798828,19.897653579711914
2023-05-23,396.4728088378906,326.84979248046875,64.88843536376953,35.74410629272461,87.64186096191406,91.69380187988281,183.42999267578125,69.75386810302734,19.9764404296875
2023-05-24,393.6004943847656,325.1731262207031,63.941036224365234,35.47618865966797,87.2081298828125,91.33317565917969,181.9499969482422,68.25660705566406,19.985193252563477
2023-05-25,397.0089111328125,333.0856018066406,63.851661682128906,35.40228271484375,86.99124145507812,91.03264617919922,180.1999969482422,68.2479019165039,19.670053482055664
2023-05-26,402.1504821777344,341.5960693359375,64.47731018066406,36.03050994873047,87.69393920898438,91.4190673828125,180.9199981689453,69.0313491821289,19.985193252563477
2023-05-30,402.3037109375,343.1451721191406,63.82485580444336,35.614768981933594,88.5700912475586,92.10595703125,182.0399932861328,69.2925033569336,19.521236419677734
2023-05-31,400.0728454589844,341.1940612792969,63.1634407043457,35.28218078613281,89.3421401977539,92.40648651123047,182.32000732421875,69.6407241821289,19.30238914489746
2023-06-01,403.8739013671875,345.1355285644531,64.1019287109375,35.910404205322266,89.69268798828125,92.68987274169922,183.75999450683594,69.6494140625,19.617528915405273
2023-06-02,409.7144470214844,347.72406005859375,64.93313598632812,36.52939224243164,88.70979309082031,92.4400863647461,181.0500030517578,71.34693145751953,19.87139320373535
2023-06-05,408.9292297363281,347.9691162109375,64.55774688720703,36.5201530456543,88.5445327758789,92.241943359375,182.13999938964844,70.85071563720703,19.81886863708496
2023-06-06,409.8197326660156,347.9103088378906,65.09400939941406,36.843502044677734,89.06641387939453,92.42285919189453,182.33999633789062,71.52971649169922,19.845130920410156
2023-06-07,408.4027099609375,342.0079040527344,64.52153015136719,36.68522262573242,87.74433135986328,91.59587860107422,180.14999389648438,72.84419250488281,19.923917770385742
2023-06-08,410.8729553222656,346.25323486328125,65.20414733886719,36.945926666259766,88.77068328857422,92.20748901367188,182.52999877929688,72.39151763916016,19.95893096923828
2023-06-09,411.6101379394531,347.5768737792969,65.09492492675781,37.113521575927734,88.64889526367188,91.9663314819336,182.0399932861328,71.97368621826172,19.836376190185547
2023-06-12,415.34429931640625,353.4499206542969,65.37708282470703,37.18800735473633,88.90988159179688,92.25916290283203,181.8800048828125,71.99109649658203,19.565006256103516
2023-06-13,418.08258056640625,356.1658630371094,65.9959945678711,37.560447692871094,88.03137969970703,91.8456802368164,180.5399932861328,72.45245361328125,19.82762336730957
2023-06-14,418.5804443359375,358.7543029785156,66.24172973632812,37.839778900146484,88.73590087890625,92.12996673583984,180.63999938964844,72.72232055664062,19.87139320373535
2023-06-15,423.7698669433594,363.0291748046875,66.94255828857422,38.19359588623047,89.58829498291016,92.93108367919922,181.91000366210938,73.1053466796875,20.291582107543945
2023-06-16,422.326416015625,360.74462890625,66.79693603515625,38.06324768066406,89.2403564453125,92.76742553710938,181.6300048828125,73.05311584472656,20.54544448852539
2023-06-20,420.13531494140625,360.2282409667969,65.91407775878906,37.318363189697266,89.8579330444336,93.1034164428711,179.75,72.19129180908203,20.36161231994629
2023-06-21,417.98272705078125,355.3191223144531,66.01420593261719,37.141456604003906,90.07538604736328,93.00001525878906,179.49000549316406,71.75605010986328,20.65924644470215
2023-06-22,419.491455078125,359.511474609375,65.60462188720703,37.011104583740234,88.98815155029297,92.5176010131836,177.7100067138672,70.72884368896484,20.274072647094727
2023-06-23,416.320068359375,355.94744873046875,64.5852279663086,36.47106170654297,89.87532806396484,92.7760238647461,178.1999969482422,69.75386810302734,20.055225372314453
2023-06-26,414.6191101074219,351.1758728027344,64.66715240478516,36.59210968017578,89.97100067138672,92.87940979003906,178.50999450683594,71.36433410644531,20.08148765563965
2023-06-27,419.1646728515625,357.2139892578125,65.23145294189453,36.96454620361328,89.73616027832031,92.7760238647461,177.69000244140625,72.24354553222656,19.757591247558594
2023-06-28,419.37615966796875,357.9111022949219,65.27696990966797,36.741085052490234,90.11885833740234,93.18091583251953,177.27999877929688,72.34800720214844,19.69631576538086
2023-06-29,421.0290222167969,357.1943664550781,65.18595123291016,36.545555114746094,88.49234771728516,92.47453308105469,177.08999633789062,73.15615844726562,19.705068588256836
2023-06-30,425.99755859375,362.7024230957031,65.98689270019531,36.83419418334961,89.5361099243164,93.15506744384766,178.27000427246094,73.56110382080078,19.87139320373535
2023-07-03,426.48760986328125,363.55657958984375,65.91407775878906,37.243873596191406,89.02851867675781,92.89408111572266,178.47000122070312,74.28296661376953,19.87139320373535
2023-07-05,425.8533020019531,363.5467224121094,65.17684173583984,37.02041244506836,88.18257141113281,92.22864532470703,177.83999633789062,74.45023345947266,19.993947982788086
2023-07-06,422.51861572265625,360.7779846191406,64.0482406616211,36.26622772216797,86.93537902832031,91.2952651977539,177.30999755859375,73.87803649902344,19.950180053710938
2023-07-07,421.45184326171875,359.58026123046875,64.53062438964844,36.6759033203125,86.41210174560547,91.20887756347656,178.63999938964844,73.71076965332031,20.116500854492188
2023-07-10,422.51861572265625,359.697998046875,64.71266174316406,36.70383834838867,86.52545928955078,91.68418884277344,178.77999877929688,74.0276870727539,20.160274505615234
2023-07-11,425.2095031738281,361.47515869140625,65.295166015625,37.07627868652344,86.97025299072266,92.11628723144531,179.4499969482422,75.08409118652344,20.396625518798828
2023-07-12,428.630615234375,366.0406188964844,66.5420913696289,37.90494918823242,87.9383316040039,92.92864227294922,181.8800048828125,75.48905181884766,20.54544448852539
2023-07-13,432.0326232910156,372.2554931640625,67.60697937011719,38.3984375,88.86279296875,93.58544158935547,182.00999450683594,75.97322082519531,20.83432388305664
2023-07-14,431.7635498046875,372.1769104003906,67.2247085571289,38.18428421020508,88.33954620361328,92.85950469970703,181.42999267578125,75.8235855102539,20.69426155090332
2023-07-17,433.2627258300781,375.65252685546875,67.14279174804688,38.2308464050293,88.38313293457031,93.01505279541016,181.55999755859375,75.3305892944336,20.527936935424805
2023-07-18,436.4821472167969,378.7255859375,67.57968139648438,37.95150375366211,88.78430938720703,93.2483901977539,183.63999938964844,74.91683197021484,20.79930877685547
2023-07-19,437.4527893066406,378.6372375488281,67.54326629638672,37.87702560424805,89.78726959228516,93.77556610107422,183.6699981689453,75.76194763183594,20.913108825683594
2023-07-20,434.55047607421875,369.908935546875,67.1974105834961,37.59769058227539,88.69710540771484,93.14469909667969,182.74000549316406,75.51544189453125,20.97438621520996
2023-07-21,434.55047607421875,368.7994689941406,67.33393859863281,37.54182815551758,88.72327423095703,93.30889129638672,182.17999267578125,75.86759185791016,21.08818817138672
2023-07-24,436.4917907714844,369.3885192871094,67.17010498046875,38.05392837524414,88.40056610107422,93.19656372070312,181.39999389648438,76.49263000488281,21.4646053314209
2023-07-25,437.6834411621094,371.89227294921875,67.24290466308594,38.37050247192383,88.2348861694336,93.04963684082031,182.41000366210938,75.94681549072266,21.543392181396484
2023-07-26,437.750732421875,370.655029296875,67.4249496459961,38.59396743774414,88.32208251953125,93.48175048828125,183.3000030517578,76.29015350341797,21.438344955444336
2023-07-27,434.848388671875,369.7714538574219,67.27022552490234,38.11910629272461,86.60395812988281,92.34099578857422,180.4199981689453,74.63512420654297,21.385820388793945
2023-07-28,439.10577392578125,376.5067443847656,67.75261688232422,39.0408935546875,87.04873657226562,92.94593048095703,181.86000061035156,74.57349395751953,21.51712989807129
2023-07-31,439.9418029785156,376.7030944824219,67.77080535888672,39.05951690673828,87.258056640625,93.2052001953125,182.35000610351562,75.05768585205078,21.60466957092285
2023-08-01,438.6828918457031,375.82928466796875,66.92436218261719,38.56603240966797,85.82817077636719,92.27645111083984,180.4600067138672,74.93443298339844,21.490867614746094
2023-08-02,432.5804443359375,367.58209228515625,65.67743682861328,37.64424514770508,84.9098892211914,91.7127685546875,179.60000610351562,74.50306701660156,21.16697120666504
2023-08-03,431.34075927734375,366.9929504394531,65.49539184570312,37.79322814941406,82.950927734375,90.88896179199219,179.5399932861328,73.6931381225586,21.36831283569336
2023-08-04,429.3899230957031,365.2747802734375,65.67743682861328,37.74666976928711,84.42013549804688,91.83417510986328,180.19000244140625,73.09452819824219,21.403329849243164
2023-08-07,433.1378479003906,368.3675231933594,66.23262786865234,37.690799713134766,83.58934783935547,91.60868835449219,179.77999877929688,74.01007080078125,21.412080764770508
2023-08-08,431.2542419433594,365.2354431152344,65.83216094970703,37.23456954956055,84.5600814819336,91.97291564941406,178.63999938964844,73.53468322753906,21.385820388793945
2023-08-09,428.3711853027344,361.2198791503906,65.81395721435547,37.327674865722656,84.99734497070312,92.05966186523438,177.7899932861328,73.52588653564453,21.534637451171875
2023-08-10,428.5249328613281,361.887451171875,66.09610748291016,37.383541107177734,83.59808349609375,91.40929412841797,177.60000610351562,73.24417114257812,21.42083740234375
2023-08-11,428.2750549316406,359.58026123046875,65.6501235961914,36.83419418334961,83.40569305419922,91.09708404541016,177.60000610351562,73.35863494873047,21.385820388793945
2023-08-14,430.6391906738281,363.6155090332031,65.35887145996094,36.657283782958984,83.22201538085938,91.06239318847656,177.05999755859375,72.87443542480469,21.280773162841797
2023-08-15,425.6226806640625,359.7569274902344,64.54882049560547,36.23828887939453,82.71478271484375,90.58543395996094,176.58999633789062,72.05573272705078,21.02691078186035
2023-08-16,422.4994201660156,355.94744873046875,64.02093505859375,35.912410736083984,82.06761169433594,90.17788696289062,175.57000732421875,71.16657257080078,20.93937110900879
2023-08-17,419.2799987792969,352.0594787597656,63.565853118896484,35.99620819091797,81.7177963256836,89.93505096435547,175.3000030517578,70.59437561035156,20.99189567565918
2023-08-18,419.48187255859375,351.61767578125,63.565853118896484,35.754119873046875,82.00640106201172,90.27325439453125,175.3300018310547,70.814453125,21.14071273803711
2023-08-21,422.2111511230469,357.28277587890625,63.802494049072266,35.83791732788086,80.91320037841797,89.7356185913086,175.80999755859375,70.16299438476562,21.08818817138672
2023-08-22,421.0675964355469,356.7721862792969,63.68416976928711,35.76343536376953,81.53414154052734,90.01311492919922,176.10000610351562,70.365478515625,21.096940994262695
2023-08-23,425.75726318359375,362.3979797363281,64.37590026855469,36.33140563964844,83.55437469482422,91.27919006347656,177.88999938964844,71.47470092773438,21.14071273803711
2023-08-24,419.8565979003906,354.6514587402344,63.493045806884766,36.191734313964844,83.0033950805664,90.96701049804688,177.85000610351562,71.20179748535156,21.158218383789062
2023-08-25,422.8165588378906,357.4005432128906,63.92081069946289,36.228981018066406,83.2745361328125,91.0190200805664,177.6199951171875,71.2546157836914,21.36831283569336
2023-08-28,425.49774169921875,360.0908203125,64.59432983398438,36.58279800415039,83.36194610595703,91.30523681640625,178.1300048828125,71.92366790771484,21.333297729492188
2023-08-29,431.64825439453125,367.955078125,65.39527893066406,37.0483512878418,84.22776794433594,92.03363037109375,179.8699951171875,72.79521942138672,21.412080764770508
2023-08-30,433.4261474609375,370.007080078125,65.35887145996094,36.927303314208984,84.1402816772461,91.90355682373047,180.32000732421875,73.05931854248047,21.438344955444336
2023-08-31,432.7918701171875,371.1165771484375,65.1040267944336,36.47106170654297,84.516357421875,92.05966186523438,180.02000427246094,72.52229309082031,21.525882720947266
2023-09-01,433.5990295410156,370.72381591796875,65.067626953125,36.89937210083008,83.1997299194336,91.40432739257812,180.11000061035156,72.64556121826172,21.779747009277344
2023-09-05,431.72515869140625,371.1950378417969,64.50332641601562,36.60142135620117,82.03308868408203,90.75163269042969,178.63999938964844,71.80043029785156,21.884794235229492
2023-09-06,428.8228759765625,367.9255676269531,64.3667984008789,36.39657974243164,82.2348403930664,90.66459655761719,177.8300018310547,71.65077209472656,21.937314987182617
2023-09-07,427.50628662109375,365.29437255859375,64.15745544433594,35.9682731628418,82.46289825439453,91.06497192382812,178.02000427246094,72.0997314453125,21.8935489654541
2023-09-08,428.150146484375,365.8049621582031,64.06644439697266,36.042762756347656,82.77869415283203,91.13455963134766,178.0800018310547,71.81803894042969,21.937314987182617
2023-09-11,430.9659118652344,370.1150207519531,64.73086547851562,36.489681243896484,82.18219757080078,90.96048736572266,178.41000366210938,71.82682800292969,22.068626403808594
2023-09-12,428.6017761230469,366.0111389160156,64.4669189453125,36.37795639038086,82.65589141845703,90.93439483642578,177.49000549316406,71.79161834716797,22.147409439086914
2023-09-13,429.10162353515625,367.4052429199219,64.26667785644531,36.33140563964844,82.63833618164062,91.13455963134766,177.0800018310547,71.00813293457031,22.21744155883789
2023-09-14,432.8014221191406,370.40966796875,65.1131362915039,36.573486328125,82.0418472290039,90.96923065185547,177.1699981689453,72.29341888427734,22.401277542114258
2023-09-15,427.5869140625,364.067138671875,64.96749877929688,36.43382263183594,81.54186248779297,90.82996368408203,178.33999633789062,72.02050018310547,22.348752975463867
2023-09-18,427.837646484375,364.44659423828125,64.73995971679688,36.387271881103516,82.00678253173828,91.00401306152344,179.38999938964844,71.37786865234375,22.34000015258789
2023-09-19,426.9504699707031,363.66986083984375,64.79457092285156,36.173118591308594,81.40151977539062,90.69939422607422,179.22000122070312,71.05213928222656,22.357505798339844
2023-09-20,423.0252990722656,358.4292907714844,64.63984680175781,36.02413558959961,81.65591430664062,90.7342300415039,179.35000610351562,71.11377716064453,22.173673629760742
2023-09-21,416.0334167480469,351.8612365722656,63.565853118896484,35.400299072265625,79.5594482421875,89.82044982910156,178.0500030517578,68.69282531738281,22.103641510009766
2023-09-22,415.097900390625,351.910400390625,63.62046813964844,35.819297790527344,80.19979858398438,90.36872100830078,178.6199951171875,68.1734390258789,22.12114906311035
2023-09-25,416.843505859375,353.5818176269531,63.33831024169922,35.6610107421875,78.22616577148438,89.48976135253906,177.6999969482422,68.11180114746094,22.016101837158203
2023-09-26,410.7195739746094,348.27239990234375,62.51915740966797,35.1582145690918,77.9542236328125,89.23735809326172,176.27999877929688,66.87052917480469,21.98984146118164
2023-09-27,410.8834533691406,349.08843994140625,62.400840759277344,35.214080810546875,77.55075073242188,88.81965637207031,174.10000610351562,66.42156219482422,22.112396240234375
2023-09-28,413.26556396484375,352.0086975097656,62.91053771972656,35.307193756103516,77.78758239746094,88.97628784179688,173.22999572753906,67.05890655517578,22.086132049560547
2023-09-29,412.2625732421875,352.26434326171875,62.72850036621094,35.33512878417969,77.79637145996094,88.78485107421875,171.4499969482422,67.25445556640625,21.84977912902832
2023-10-02,412.0986022949219,355.2042541503906,61.80924606323242,35.1582145690918,76.49400329589844,87.9714126586914,169.64999389648438,66.01888275146484,21.683454513549805
2023-10-03,406.58221435546875,348.97052001953125,61.03560256958008,34.69266891479492,74.84852600097656,86.95794677734375,169.16000366210938,64.72998046875,21.587160110473633
2023-10-04,409.5429992675781,353.7195129394531,61.14481735229492,34.590248107910156,75.90447998046875,87.71807098388672,169.13999938964844,65.52110290527344,20.983139038085938
2023-10-05,409.388671875,352.67730712890625,61.681800842285156,34.720603942871094,75.5261001586914,87.61321258544922,168.8300018310547,65.88555145263672,20.860586166381836
2023-10-06,414.2492980957031,358.58648681640625,62.36442565917969,35.2234001159668,74.61092376708984,87.35111236572266,169.6999969482422,66.0633316040039,20.93937110900879
2023-10-09,416.90142822265625,360.41534423828125,62.273414611816406,35.0557975769043,76.36204528808594,88.43448638916016,172.82000732421875,66.78334045410156,21.377065658569336
2023-10-10,419.0712585449219,362.411376953125,63.12897872924805,35.55859375,76.25645446777344,88.46942138671875,172.52999877929688,67.10334777832031,21.324542999267578
2023-10-11,420.78790283203125,364.9972229003906,63.39292526245117,35.78205490112305,77.84913635253906,89.0111083984375,173.7899932861328,68.26781463623047,21.201988220214844
2023-10-12,418.2226257324219,363.7288513183594,62.86503219604492,35.38167953491211,75.73725891113281,88.08503723144531,173.25999450683594,67.2722396850586,21.193233489990234
2023-10-13,416.139404296875,359.1568603515625,62.28253173828125,35.2513313293457,77.0923843383789,88.57427215576172,178.8300018310547,67.10334777832031,21.75348472595215
2023-10-16,420.51788330078125,363.2176208496094,62.73760223388672,35.51203536987305,75.85164642333984,87.96269226074219,177.9600067138672,67.90336608886719,21.683454513549805
2023-10-17,420.49859619140625,362.0278625488281,62.77401351928711,35.41892623901367,75.01567840576172,87.26376342773438,178.2899932861328,67.80557250976562,21.744731903076172
2023-10-18,414.8953857421875,357.27886962890625,61.681800842285156,34.87889099121094,74.35574340820312,86.56481170654297,180.8699951171875,66.36555480957031,21.937314987182617
2023-10-19,411.24993896484375,353.9358825683594,61.13571548461914,34.674049377441406,72.83343505859375,85.86585235595703,183.08999633789062,64.79218292236328,22.164918899536133
2023-10-20,406.1965026855469,348.6558837890625,60.58961486816406,34.25505828857422,73.24701690673828,86.20658111572266,183.58999633789062,64.35662841796875,21.998594284057617
2023-10-23,405.4924621582031,349.7079162597656,60.635128021240234,34.22712326049805,74.12694549560547,86.87934112548828,182.97000122070312,63.72550582885742,21.858531951904297
2023-10-24,408.5496520996094,353.1098937988281,60.98098373413086,34.66473388671875,75.10369873046875,87.36858367919922,182.9499969482422,64.54330444335938,21.622177124023438
2023-10-25,402.6860046386719,344.46722412109375,60.54410171508789,34.20850372314453,73.4317855834961,86.57353973388672,183.72000122070312,63.1566162109375,21.779747009277344
2023-10-26,397.86407470703125,337.8992614746094,60.10722732543945,34.0409049987793,74.5581283569336,87.20259094238281,184.00999450683594,64.36552429199219,21.59591293334961
2023-10-27,396.06060791015625,339.5216064453125,59.925193786621094,34.012969970703125,74.2413558959961,87.02783203125,186.14999389648438,63.33440017700195,21.884794235229492
2023-10-30,400.7958068847656,343.346435546875,60.689735412597656,34.36678695678711,73.90697479248047,86.7657470703125,185.10000610351562,63.73439025878906,21.534637451171875
2023-10-31,403.31298828125,344.9883728027344,60.90817642211914,34.17125701904297,73.54619598388672,86.64342498779297,184.08999633789062,64.81886291503906,21.455852508544922
2023-11-01,407.61419677734375,350.97625732421875,61.4815788269043,34.487831115722656,75.14083099365234,87.88338470458984,183.50999450683594,65.2188720703125,21.490867614746094
2023-11-02,415.42578125,357.34765625,62.73760223388672,35.093040466308594,76.85380554199219,88.92688751220703,184.1199951171875,67.36112213134766,21.718469619750977
2023-11-03,419.2159423828125,361.5461120605469,63.40203094482422,35.80998229980469,77.37472534179688,89.3653564453125,184.7899932861328,68.97004699707031,21.60466957092285
2023-11-06,420.1802978515625,363.0209655761719,63.08346939086914,36.098628997802734,76.62423706054688,88.8918228149414,183.35000610351562,67.97447204589844,21.69220733642578
2023-11-07,421.3761901855469,366.4525146484375,62.70119094848633,36.033451080322266,77.75440216064453,89.60209655761719,182.58999633789062,67.41445922851562,21.228248596191406
2023-11-08,421.6847229003906,366.6884460449219,62.619293212890625,35.79136657714844,79.07888793945312,90.0580825805664,180.77000427246094,67.63668823242188,20.99189567565918
2023-11-09,418.3961181640625,363.8665466308594,62.61017990112305,35.456172943115234,77.25995635986328,89.1460952758789,181.49000549316406,66.57000732421875,20.93937110900879
2023-11-10,424.9252014160156,372.047119140625,62.8923225402832,35.70756530761719,77.692626953125,89.59334564208984,179.50999450683594,67.19224548339844,21.044418334960938
2023-11-13,424.5201416015625,370.88677978515625,63.05617141723633,35.69825744628906,77.51602935791016,89.60209655761719,180.50999450683594,66.63224029541016,21.350805282592773
2023-11-14,432.756103515625,378.8706970214844,64.66715240478516,36.64796829223633,79.27313995361328,91.00514221191406,182.1199951171875,70.33006286621094,21.31578826904297
2023-11-15,433.67236328125,379.1558532714844,64.56703186035156,36.955238342285156,78.16061401367188,90.5316162109375,181.63999938964844,70.53450775146484,21.17572784423828
2023-11-16,434.2027587890625,379.48028564453125,64.52153015136719,36.60142135620117,79.13184356689453,91.2770004272461,183.69000244140625,70.38340759277344,20.667999267578125
2023-11-17,434.7427978515625,379.56884765625,65.39527893066406,36.64796829223633,79.50272369384766,91.54005432128906,183.6699981689453,70.33006286621094,20.965633392333984
2023-11-20,438.0892639160156,384.1900329589844,65.64102935791016,37.104209899902344,79.98836517333984,91.90836334228516,183.3699951171875,70.84561920166016,21.228248596191406
2023-11-21,437.13446044921875,381.95806884765625,65.38617706298828,36.871429443359375,79.95304870605469,91.9346694946289,185.35000610351562,70.34783935546875,21.350805282592773
2023-11-22,438.82220458984375,383.521484375,65.5409164428711,36.79695510864258,80.23560333251953,92.30298614501953,184.55999755859375,70.69452667236328,21.16697120666504
2023-11-24,439.0921936035156,382.9806823730469,66.04149627685547,36.81557083129883,79.29081726074219,91.82942962646484,185.52000427246094,70.89895629882812,21.02691078186035
2023-11-27,438.30145263671875,382.6463623046875,65.81395721435547,36.66659927368164,80.61524963378906,92.57482147216797,186.77000427246094,71.15674591064453,20.8868465423584
2023-11-28,438.7354431152344,383.6492614746094,65.83216094970703,36.97385787963867,80.7741928100586,92.94308471679688,189.25999450683594,71.62787628173828,21.14071273803711
2023-11-29,438.4267272949219,383.275634765625,65.96869659423828,36.759708404541016,81.78962707519531,93.69722747802734,189.5399932861328,72.12565612792969,21.289527893066406
2023-11-30,440.153076171875,382.31207275390625,65.91407775878906,36.83419418334961,80.84481811523438,93.20616912841797,188.75,72.65010070800781,20.930618286132812
2023-12-01,442.7569885253906,383.4034729003906,66.60579681396484,36.99248123168945,82.36746978759766,94.32837677001953,192.00999450683594,74.4367904663086,20.83432388305664
2023-12-04,440.4327392578125,379.8441162109375,66.08700561523438,36.573486328125,82.03972625732422,93.89708709716797,187.86000061035156,74.97903442382812,20.69426155090332
2023-12-05,440.34600830078125,380.7978820800781,65.85035705566406,36.35002517700195,83.80239868164062,94.64525604248047,187.14999389648438,74.48125457763672,20.51042938232422
2023-12-06,438.57147216796875,378.5954284667969,66.05060577392578,36.303466796875,84.91846466064453,94.9973373413086,187.83999633789062,74.25901794433594,20.011457443237305
2023-12-07,441.91796875,383.8852233886719,66.36915588378906,36.480377197265625,84.43131256103516,95.00613403320312,188.14999389648438,74.47235107421875,20.046470642089844
2023-12-08,443.8178405761719,385.59600830078125,66.56938171386719,36.32209014892578,83.74040985107422,94.4956283569336,185.63999938964844,74.34791564941406,20.134010314941406
2023-12-11,445.5440979003906,388.889892578125,66.73322296142578,36.5362434387207,83.56326293945312,94.46925354003906,183.58999633789062,74.55235290527344,20.063980102539062
2023-12-12,447.5789489746094,391.9870910644531,66.8515396118164,36.545555114746094,83.81126403808594,95.00613403320312,183.49000549316406,74.50790405273438,19.757591247558594
2023-12-13,453.7511291503906,396.9721374511719,67.8254165649414,36.9086799621582,85.77766418457031,96.59923553466797,187.6300048828125,77.36129760742188,19.985193252563477
2023-12-14,455.2074279785156,396.6280212402344,68.32601165771484,37.448726654052734,88.00899505615234,97.62660217285156,188.72999572753906,79.59243774414062,20.317842483520508
2023-12-15,454.45794677734375,398.5453186035156,67.66158294677734,37.225257873535156,88.10673522949219,97.48524475097656,187.0,78.47241973876953,20.352859497070312
2023-12-18,457.0142517089844,401.0555419921875,67.8254165649414,37.20663070678711,87.40473175048828,97.07892608642578,187.85000610351562,78.29463195800781,20.498884201049805
2023-12-19,459.7933044433594,403.10479736328125,68.39881896972656,37.5232048034668,87.8757095336914,97.20257568359375,189.1300048828125,78.89021301269531,20.655014038085938
2023-12-20,453.42181396484375,397.11480712890625,67.70855712890625,36.84772872924805,88.47105407714844,97.45875549316406,188.10000610351562,77.93019104003906,20.416229248046875
2023-12-21,457.7210998535156,401.7353820800781,68.80524444580078,37.540283203125,87.9112548828125,97.42341613769531,189.42999267578125,78.62128448486328,20.452964782714844
2023-12-22,458.6409912109375,402.33642578125,68.8697509765625,37.36002731323242,87.51136016845703,97.25556945800781,190.27000427246094,78.92723846435547,20.416229248046875
2023-12-26,460.5776062011719,404.79937744140625,69.18309020996094,37.65412521362305,87.76020050048828,97.45875549316406,191.72000122070312,79.51216125488281,20.61827850341797
2023-12-27,461.410400390625,405.62347412109375,69.55172729492188,37.8723258972168,89.31525421142578,98.36857604980469,192.58999633789062,79.89910125732422,20.526437759399414
2023-12-28,461.5846862792969,405.42633056640625,69.36740112304688,38.16642761230469,88.66655731201172,98.11241149902344,191.47000122070312,80.46601867675781,20.351940155029297
2023-12-29,460.24835205078125,403.6716613769531,69.44112396240234,38.1474494934082,87.86681365966797,97.750244140625,191.1699981689453,79.51216125488281,20.241731643676758
2024-01-02,457.6727294921875,396.8406677246094,68.66700744628906,37.70156478881836,87.36029052734375,97.0877456665039,190.72000122070312,80.19606018066406,20.076417922973633
2024-01-03,453.9350280761719,392.6415100097656,68.15091705322266,37.49284744262695,87.7246322631836,96.86691284179688,189.1300048828125,78.27935028076172,20.33357048034668
2024-01-04,452.4728698730469,390.6208190917969,68.3075942993164,37.36951446533203,86.39170837402344,96.32804107666016,189.32000732421875,78.13536834716797,20.223363876342773
2024-01-05,453.0926513671875,391.0841064453125,68.35365295410156,37.41695022583008,85.56529235839844,95.98358917236328,189.35000610351562,77.93739318847656,20.324386596679688
2024-01-08,459.5609436035156,399.1669921875,69.08171081542969,37.521305084228516,86.40947723388672,96.71673583984375,187.8699951171875,79.05322265625,20.03049659729004
2024-01-09,458.86376953125,399.95556640625,68.4642562866211,36.99003219604492,85.85852813720703,96.88455963134766,187.92999267578125,78.52230834960938,20.177440643310547
2024-01-10,461.4588317871094,402.6662902832031,68.90660858154297,36.9046516418457,85.45864868164062,96.76091003417969,187.5,78.6122817993164,20.03968048095703
2024-01-11,461.2555236816406,403.5041198730469,68.89739990234375,37.05644607543945,85.9384994506836,97.34390258789062,187.8699951171875,77.88340759277344,20.186626434326172
2024-01-12,461.57501220703125,403.7111511230469,69.18309020996094,37.18926239013672,85.76966857910156,97.55590057373047,189.7100067138672,78.35132598876953,20.260099411010742
2024-01-16,459.88043212890625,403.6716613769531,68.02188873291016,36.28799057006836,84.25901794433594,96.56655883789062,187.91000366210938,77.77542877197266,20.085603713989258
2024-01-17,457.32415771484375,401.3946533203125,67.37678527832031,35.747230529785156,84.12571716308594,96.3634033203125,185.83999633789062,76.35362243652344,20.05805015563965
2024-01-18,461.3909912109375,407.0921325683594,67.97581481933594,36.04132843017578,83.34375,96.17790985107422,187.3699951171875,75.93968200683594,20.186626434326172
2024-01-19,467.142822265625,415.16522216796875,68.13248443603516,36.42081069946289,83.61032104492188,96.27508544921875,187.92999267578125,76.84855651855469,20.149890899658203
2024-01-22,468.1305236816406,415.7073974609375,68.34445190429688,36.098243713378906,84.10795593261719,96.54007720947266,187.22000122070312,77.3074951171875,20.232547760009766
2024-01-23,469.4958190917969,417.432373046875,68.15091705322266,36.41132736206055,83.44149780273438,96.18673706054688,187.9499969482422,76.77656555175781,20.342756271362305
2024-01-24,470.009033203125,419.7488098144531,68.66700744628906,36.81926345825195,82.95272827148438,96.00122833251953,186.39999389648438,75.67871856689453,20.517253875732422
2024-01-25,472.5653381347656,420.2613830566406,68.86052703857422,36.866703033447266,83.49478149414062,96.63724517822266,187.13999938964844,76.65058135986328,20.673383712768555
2024-01-26,471.9650573730469,417.7576599121094,69.16466522216797,36.89516067504883,83.33484649658203,96.3634033203125,187.00999450683594,76.43462371826172,20.76522445678711
2024-01-29,475.7026672363281,422.03564453125,69.57015991210938,36.91413497924805,84.2945556640625,96.76091003417969,188.3300018310547,76.93854522705078,20.59072494506836
2024-01-30,475.3346862792969,419.2263488769531,69.47798919677734,36.62003707885742,85.05877685546875,97.0700912475586,188.58999633789062,76.21864318847656,20.72848892211914
2024-01-31,467.5785217285156,411.01531982421875,69.12779998779297,36.42081069946289,85.89409637451172,97.31741333007812,188.4499969482422,75.48976135253906,20.50806999206543
2024-02-01,473.6982727050781,415.8552551269531,69.80976104736328,36.77183151245117,87.5789794921875,98.07002258300781,190.41000366210938,76.85755920410156,20.260099411010742
2024-02-02,478.6850891113281,422.8833312988281,69.25680541992188,36.66747283935547,85.64446258544922,97.17469787597656,188.61000061035156,75.90369415283203,20.03049659729004
2024-02-05,476.942138671875,422.3314208984375,68.88818359375,36.71490478515625,83.91499328613281,96.24390411376953,187.57000732421875,74.31094360351562,20.11315155029297
2024-02-06,478.32684326171875,421.4836730957031,69.31210327148438,37.54977035522461,84.73514556884766,96.7846450805664,188.5500030517578,75.3097915649414,20.186626434326172
2024-02-07,482.3162841796875,425.8208312988281,69.27523040771484,37.59720230102539,84.32506561279297,96.5009765625,188.5,75.20179748535156,20.278467178344727
2024-02-08,482.5293273925781,426.609375,69.15544128417969,37.388484954833984,83.83477020263672,96.0045394897461,188.3300018310547,75.81370544433594,20.3886775970459
2024-02-09,485.3179931640625,430.8085021972656,69.39505004882812,37.54977035522461,83.66537475585938,95.88045501708984,187.60000610351562,75.93067932128906,20.44378089904785
2024-02-12,485.1050109863281,429.1229553222656,69.51485443115234,37.84386444091797,83.76345825195312,95.88932037353516,187.11000061035156,75.94869232177734,20.452964782714844
2024-02-13,478.42364501953125,422.4299621582031,68.44581604003906,37.13233947753906,82.3281478881836,94.83441162109375,184.52999877929688,74.3829345703125,20.33357048034668
2024-02-14,482.77142333984375,427.0332946777344,69.21073150634766,37.66361618041992,82.74714660644531,95.27765655517578,184.4199981689453,74.96781921386719,20.140705108642578
2024-02-15,486.1023864746094,428.3048400878906,69.99407196044922,37.84386444091797,83.17507934570312,95.62337493896484,185.66000366210938,76.71357727050781,20.186626434326172
2024-02-16,483.68157958984375,424.4211120605469,70.10467529296875,38.02412414550781,82.69366455078125,95.27765655517578,186.33999633789062,75.92169952392578,20.232547760009766
2024-02-20,481.0187072753906,421.2174987792969,70.3903579711914,38.0810432434082,82.76499938964844,95.59676361083984,187.47000122070312,75.78671264648438,20.122337341308594
2024-02-21,481.4544372558594,419.5318908691406,70.4456558227539,38.1474494934082,82.17658996582031,95.35743713378906,187.47999572753906,76.20966339111328,20.204994201660156
2024-02-22,491.41839599609375,431.8139953613281,71.23820495605469,38.53642272949219,82.57775115966797,95.50811004638672,187.55999755859375,76.35362243652344,20.260099411010742
2024-02-23,491.7572937011719,430.5423889160156,71.33036041259766,38.51744842529297,83.68321990966797,95.79181671142578,188.6199951171875,76.317626953125,19.96620750427246
2024-02-26,489.9561767578125,430.3157043457031,71.22898864746094,38.3466796875,83.43359375,95.49039459228516,188.1999969482422,75.48075103759766,20.149890899658203
2024-02-27,490.866455078125,431.3507385253906,71.42253112792969,38.422576904296875,82.84520721435547,95.35743713378906,188.0,75.57075500488281,20.306018829345703
2024-02-28,490.21771240234375,429.053955078125,71.00782012939453,37.91976547241211,83.37118530273438,95.34857177734375,188.33999633789062,76.33563995361328,20.223363876342773
2024-02-29,491.98004150390625,432.730712890625,71.192138671875,37.93873596191406,83.95954895019531,95.43724060058594,189.30999755859375,76.98353576660156,20.195810317993164
2024-03-01,496.5989074707031,439.246337890625,71.88331604003906,38.40360641479492,84.48270416259766,96.0181884765625,192.88999938964844,77.9013900756836,20.29683494567871
2024-03-04,496.0662536621094,437.67901611328125,71.69900512695312,38.31821823120117,84.14290618896484,95.84024810791016,196.00999450683594,78.63027954101562,20.36112403869629
2024-03-05,491.1085510253906,429.82281494140625,71.56998443603516,37.976680755615234,85.34124755859375,96.36517333984375,197.19000244140625,77.67642974853516,20.204994201660156
2024-03-06,493.5970764160156,432.523681640625,72.41783905029297,38.52693176269531,85.842041015625,96.6231918334961,198.80999755859375,78.0633773803711,20.37030792236328
2024-03-07,498.49676513671875,439.0885925292969,73.27490997314453,38.76411437988281,85.76153564453125,96.86341857910156,199.94000244140625,78.0453872680664,20.425413131713867
2024-03-08,495.5047302246094,432.7503967285156,73.03529357910156,38.726165771484375,85.6095199584961,96.99687194824219,201.6300048828125,78.94524383544922,20.36112403869629
2024-03-11,495.07861328125,431.1437072753906,72.62059020996094,38.811546325683594,85.56480407714844,97.0146484375,202.0,78.56729888916016,20.53562355041504
2024-03-12,500.4044494628906,437.32415771484375,73.20117950439453,39.23846435546875,84.8493881225586,96.70327758789062,199.7899932861328,78.39632415771484,20.48051643371582
2024-03-13,499.6199951171875,433.96282958984375,73.21039581298828,39.11513137817383,84.43800354003906,96.60540771484375,201.19000244140625,78.0003890991211,20.76522445678711
2024-03-14,498.63232421875,432.8687438964844,72.6758804321289,38.9159049987793,83.14128875732422,95.8936538696289,200.35000610351562,76.8305435180664,20.829513549804688
2024-03-15,495.2084045410156,427.7232666015625,72.70352172851562,38.67873001098633,83.1144790649414,95.92034912109375,199.7100067138672,76.65959167480469,20.902986526489258
2024-03-18,498.15155029296875,431.8026428222656,72.68509674072266,38.745140075683594,82.86406707763672,95.76016235351562,200.02999877929688,76.69558715820312,21.095849990844727
2024-03-19,500.91973876953125,432.8785095214844,72.81411743164062,38.555397033691406,83.0965805053711,96.03597259521484,199.8000030517578,76.6685791015625,21.086666107177734
2024-03-20,505.55303955078125,438.010986328125,73.58824157714844,38.99180221557617,83.06974792480469,96.21393585205078,202.17999267578125,77.17250061035156,21.03156280517578
2024-03-21,507.22369384765625,440.083740234375,73.55137634277344,39.03923797607422,83.24861145019531,96.35626220703125,201.97000122070312,77.73043060302734,21.004011154174805
2024-03-22,506.26202392578125,440.587158203125,73.39470672607422,38.76411437988281,84.04450988769531,96.68550109863281,200.35000610351562,76.75208282470703,20.857065200805664
2024-03-25,504.86334228515625,438.9881896972656,73.238037109375,38.792572021484375,83.62419891357422,96.35626220703125,200.99000549316406,76.2801513671875,21.03156280517578
2024-03-26,503.9308776855469,437.5668640136719,73.32098388671875,38.76411437988281,83.85671997070312,96.32958984375,201.63999938964844,75.9715805053711,20.866249084472656
2024-03-27,508.1658935546875,439.0572814941406,73.76334381103516,38.83052062988281,84.68839263916016,96.99687194824219,203.10000610351562,77.93189239501953,20.847881317138672
2024-03-28,508.0687255859375,438.2479248046875,73.59746551513672,38.97283172607422,84.61685943603516,96.90789794921875,205.72000122070312,78.48551177978516,21.095849990844727
2024-04-01,507.184814453125,439.17572021484375,73.28411865234375,39.03923797607422,83.03952026367188,95.97998809814453,207.82000732421875,77.1695556640625,21.196876525878906
2024-04-02,503.96014404296875,435.3854675292969,72.76803588867188,39.162567138671875,82.58191680908203,95.83708953857422,210.88999938964844,76.1984634399414,21.389741897583008
2024-04-03,504.5136413574219,436.3626708984375,73.17353820800781,39.1910285949707,82.56397247314453,95.89961242675781,212.74000549316406,76.2801513671875,21.646896362304688
2024-04-04,498.35552978515625,429.6904296875,72.54685974121094,39.04872512817383,83.1561508178711,96.00677490234375,211.52000427246094,75.79005432128906,21.702001571655273
2024-04-05,503.561767578125,434.75384521484375,72.77725982666016,39.13410568237305,81.99872589111328,95.58704376220703,215.13999938964844,76.1803207397461,21.812210083007812
2024-04-08,503.8433837890625,434.8821105957031,73.13667297363281,39.390262603759766,81.98974609375,95.57810974121094,216.47999572753906,76.99711608886719,21.80302619934082
2024-04-09,504.42620849609375,436.4909362792969,73.12744903564453,39.6558952331543,82.75238800048828,96.06929779052734,217.6699981689453,78.02266693115234,21.68363380432129
2024-04-10,499.3753662109375,432.68109130859375,72.1597900390625,39.11513137817383,80.9489517211914,94.70287322998047,215.61000061035156,74.7917709350586,21.793842315673828
2024-04-11,503.1441650390625,439.59027099609375,72.35333251953125,39.35231399536133,80.58108520507812,94.50638580322266,219.8000030517578,75.04586029052734,21.757104873657227
2024-04-12,496.1991882324219,432.5823974609375,71.18292236328125,38.45103454589844,81.01174926757812,94.72073364257812,216.88999938964844,74.15646362304688,21.784656524658203
2024-04-15,489.9827880859375,425.4659118652344,70.970947265625,38.204376220703125,79.75560760498047,93.67584228515625,220.9499969482422,72.89495849609375,21.812210083007812
2024-04-16,489.089111328125,425.50543212890625,70.27055358886719,37.70156478881836,79.22624206542969,93.36325073242188,221.22000122070312,71.86941528320312,21.77547264099121
2024-04-17,486.1945495605469,420.31365966796875,70.31663513183594,37.673099517822266,80.10555267333984,93.87230682373047,219.58999633789062,71.34304809570312,21.43566131591797
2024-04-18,485.1941223144531,417.9151611328125,70.12310028076172,37.82489013671875,79.7018051147461,93.68476867675781,220.33999633789062,71.35212707519531,21.426477432250977
2024-04-19,480.95916748046875,409.2688903808594,70.15074157714844,37.673099517822266,79.9888916015625,93.78299713134766,221.02999877929688,71.69697570800781,21.527503967285156
2024-04-22,485.38836669921875,413.3847961425781,70.970947265625,38.0810432434082,79.85433197021484,94.01519775390625,215.57000732421875,72.33226776123047,21.527503967285156
2024-04-23,491.1483154296875,419.55364990234375,71.74507904052734,38.39411926269531,79.88125610351562,94.17595672607422,215.0399932861328,72.99478912353516,21.61934471130371
2024-04-24,490.9151916503906,420.97503662109375,71.60684967041016,38.52693176269531,79.31597900390625,93.80979919433594,214.63999938964844,73.13092041015625,21.5917911529541
2024-04-25,489.0502014160156,418.9417419433594,71.27507019042969,38.61231994628906,78.75968933105469,93.53292846679688,215.9199981689453,72.71343994140625,21.711183547973633
2024-04-26,493.6835021972656,425.4067077636719,71.8464584350586,39.05820846557617,79.17240905761719,93.89017486572266,216.6199951171875,72.74974822998047,21.72955322265625
2024-04-29,495.4318542480469,427.1340026855469,72.12293243408203,39.43769073486328,79.83636474609375,94.28313446044922,216.17999267578125,73.49394989013672,21.711183547973633
2024-04-30,487.58355712890625,419.0799255371094,71.21056365966797,38.88744354248047,79.15445709228516,93.76513671875,211.8699951171875,72.25060272216797,21.43566131591797
2024-05-01,486.0003356933594,416.04974365234375,71.05389404296875,38.92538833618164,79.7379150390625,94.1551742553711,213.7899932861328,72.27782440185547,21.123403549194336
2024-05-02,490.546142578125,421.3599548339844,72.01234436035156,39.93101501464844,80.0800552368164,94.73799896240234,213.1300048828125,73.2942886352539,21.196876525878906
2024-05-03,496.6266174316406,429.8285827636719,72.73117065429688,40.29153060913086,80.8904037475586,95.4014892578125,212.9600067138672,73.78436279296875,21.224430084228516
2024-05-06,501.755126953125,434.5367126464844,73.22882080078125,40.32947540283203,81.20553588867188,95.67047882080078,215.1999969482422,73.847900390625,21.463214874267578
2024-05-07,502.30877685546875,434.6058044433594,73.42236328125,40.101783752441406,81.70074462890625,95.71530151367188,214.2100067138672,74.54671478271484,21.444847106933594
2024-05-08,502.3573303222656,434.34912109375,73.33941650390625,40.11127471923828,81.20553588867188,95.47323608398438,213.5800018310547,73.92049407958984,21.334636688232422
2024-05-09,505.25189208984375,435.29669189453125,73.9015884399414,40.23460006713867,81.60173034667969,95.62564086914062,216.9499969482422,75.43612670898438,21.417293548583984
2024-05-10,505.90264892578125,436.32318115234375,74.0398178100586,40.31999206542969,81.14251708984375,95.3207778930664,218.7100067138672,75.22738647460938,21.38055992126465
2024-05-13,505.97064208984375,437.3299560546875,74.0398178100586,40.62357711791992,81.34959411621094,95.35665893554688,216.25999450683594,75.47241973876953,21.518320083618164
2024-05-14,508.2921447753906,440.1429443359375,74.59276580810547,40.841773986816406,81.80879211425781,95.63460540771484,218.08999633789062,76.05326843261719,21.426477432250977
2024-05-15,514.5863037109375,447.02252197265625,75.38533020019531,41.27817916870117,82.92527770996094,96.48641204833984,220.88999938964844,77.10602569580078,21.499950408935547
2024-05-16,513.5274658203125,446.1144714355469,74.9798355102539,41.363563537597656,82.84425354003906,96.3339614868164,220.02999877929688,77.05157470703125,21.5550537109375
2024-05-17,514.2657470703125,445.8973388671875,75.23788452148438,41.543819427490234,82.28600311279297,96.1098403930664,223.66000366210938,77.04248809814453,21.77547264099121
2024-05-20,514.8582153320312,449.0064392089844,75.29316711425781,41.392024993896484,82.04289245605469,96.06498718261719,224.55999755859375,76.5887222290039,21.968339920043945
2024-05-21,516.1209106445312,449.88482666015625,75.1733627319336,41.1358757019043,82.46607208251953,96.22639465332031,224.22999572753906,76.56149291992188,21.876497268676758
2024-05-22,514.634765625,449.79608154296875,74.46375274658203,41.00305938720703,82.56511688232422,96.08292388916016,220.11000061035156,75.87174987792969,21.564237594604492
2024-05-23,510.8758239746094,447.7726745605469,74.08589935302734,40.6994743347168,82.03390502929688,95.66152954101562,215.72000122070312,74.23815155029297,21.454030990600586
2024-05-24,514.2560424804688,452.0069885253906,74.69413757324219,40.813316345214844,82.2770004272461,95.92153930664062,215.9199981689453,74.29259490966797,21.600976943969727
2024-05-28,514.6153564453125,453.7145080566406,74.66648864746094,40.75639343261719,81.09751892089844,95.3476791381836,218.19000244140625,73.8025131225586,21.986709594726562
2024-05-29,511.0118713378906,450.5166015625,73.48686218261719,40.14922332763672,80.11607360839844,94.83660125732422,216.16000366210938,73.08554077148438,21.757104873657227
2024-05-30,507.6219787597656,445.69000244140625,74.10433197021484,40.03538131713867,80.8904037475586,95.41940307617188,216.57000732421875,74.15646362304688,21.47239875793457
2024-05-31,512.245361328125,444.8609619140625,74.81394958496094,39.64640808105469,81.43960571289062,95.84083557128906,215.3000030517578,75.5450210571289,21.371374130249023
2024-06-03,512.6630859375,447.24957275390625,75.02590942382812,40.06383514404297,82.75690460205078,96.50237274169922,217.22000122070312,75.37258911132812,21.06829833984375
2024-06-04,513.2362060546875,448.4734802246094,74.93374633789062,39.50410079956055,83.72360229492188,96.88037109375,215.27000427246094,75.95343017578125,20.857065200805664
2024-06-05,519.3359985351562,457.51458740234375,75.45904541015625,40.13973617553711,84.33796691894531,97.20437622070312,217.82000732421875,75.8626708984375,20.930538177490234
2024-06-06,519.3263549804688,457.3566589355469,75.71710205078125,40.33896255493164,84.2114486694336,97.14139556884766,219.42999267578125,76.00787353515625,21.2060604095459
2024-06-07,518.6949462890625,456.9519958496094,74.89689636230469,39.883583068847656,82.66653442382812,96.26837158203125,211.60000610351562,75.29090881347656,20.902986526489258
2024-06-10,520.297607421875,458.7976989746094,74.84159851074219,40.12076187133789,82.11542510986328,96.07035064697266,213.5399932861328,75.5450210571289,21.2060604095459
2024-06-11,521.5507202148438,461.9463195800781,73.99114227294922,39.98702621459961,82.96468353271484,96.48436737060547,214.14999389648438,75.27275848388672,21.178508758544922
2024-06-12,525.834228515625,467.9967346191406,74.8631591796875,40.38823318481445,83.58806610107422,97.07841491699219,214.72000122070312,75.94435119628906,21.25197982788086
2024-06-13,526.892822265625,470.53338623046875,73.79421997070312,40.29270553588867,84.81676483154297,97.53741455078125,212.97000122070312,76.25291442871094,21.270347595214844
2024-06-14,527.2135009765625,472.9713439941406,72.97845458984375,40.34046936035156,85.530517578125,97.6184310913086,215.72999572753906,76.2347640991211,21.187692642211914
2024-06-17,531.4095458984375,478.76513671875,73.26912689208984,40.598384857177734,84.68125915527344,97.15940856933594,214.61000061035156,75.9352798461914,21.26116371154785
2024-06-18,532.7597045898438,478.9132385253906,73.55979919433594,40.97093963623047,85.45821380615234,97.60940551757812,215.47000122070312,76.2347640991211,21.43566131591797
2024-06-20,531.3123168945312,475.22174072265625,73.606689453125,40.904075622558594,84.88904571533203,97.28538513183594,218.16000366210938,76.0169448852539,21.481582641601562
2024-06-21,530.60009765625,473.9485168457031,73.09097290039062,40.760780334472656,84.88904571533203,97.31240844726562,214.77999877929688,76.2075424194336,21.307085037231445
2024-06-24,528.875244140625,468.5527648925781,73.67232513427734,40.760780334472656,85.23236083984375,97.41141510009766,215.6300048828125,76.79745483398438,21.481582641601562
2024-06-25,530.9119262695312,473.9109191894531,73.8504867553711,40.66525650024414,85.37694549560547,97.3753890991211,214.55999755859375,75.85359191894531,21.27953338623047
2024-06-26,531.5745239257812,474.8896484375,73.306640625,40.579280853271484,84.15723419189453,96.84437561035156,212.5800018310547,75.61762237548828,21.316268920898438
2024-06-27,532.4125366210938,476.1154479980469,73.3628921508789,40.60793685913086,84.49152374267578,97.03339385986328,214.99000549316406,76.3527603149414,21.426477432250977
2024-06-28,530.3174438476562,473.64398193359375,73.44729614257812,40.68436050415039,82.91952514648438,96.41236877441406,215.00999450683594,76.9619369506836,21.334636688232422
2024-07-01,531.4088745117188,476.42193603515625,73.57856750488281,40.77988052368164,81.48841094970703,95.83971405029297,215.57000732421875,76.2360610961914,21.61016082763672
2024-07-02,534.9852294921875,481.42425537109375,73.75672912597656,40.904075622558594,82.12283325195312,96.45391082763672,215.55999755859375,76.59439849853516,21.637712478637695
2024-07-03,537.37255859375,485.4378662109375,74.60061645507812,41.50587844848633,83.20136260986328,97.16744995117188,217.99000549316406,76.5208969116211,21.757104873657227
2024-07-05,540.4713134765625,490.4994812011719,75.09757232666016,41.677825927734375,83.89019775390625,97.6732406616211,220.92999267578125,76.73223114013672,21.839763641357422
2024-07-08,541.094970703125,491.666015625,74.72251892089844,41.687381744384766,84.07146453857422,97.66419982910156,218.19000244140625,76.9803237915039,21.54587173461914
2024-07-09,541.62109375,492.0911560058594,74.4224624633789,41.85932540893555,83.69986724853516,97.48355865478516,218.55999755859375,76.9619369506836,21.398923873901367
2024-07-10,546.9806518554688,497.2218933105469,75.47264099121094,42.09813690185547,83.96267700195312,97.71839904785156,219.36000061035156,77.53162384033203,21.398923873901367
2024-07-11,542.2642822265625,486.3177795410156,75.68831634521484,42.34651184082031,84.77841186523438,98.24225616455078,223.25,79.75521087646484,21.47239875793457
2024-07-12,545.6847534179688,489.1747741699219,76.49470520019531,42.51845169067383,85.14090728759766,98.60354614257812,223.11000061035156,80.36163330078125,21.389741897583008
2024-07-15,547.185302734375,490.4896240234375,75.81957244873047,42.069480895996094,84.1620864868164,98.0616226196289,223.8300018310547,80.90376281738281,21.233612060546875
2024-07-16,550.4302978515625,490.6774597167969,76.18527221679688,42.30829620361328,85.349365234375,98.63065338134766,228.2899932861328,81.89610290527344,21.178508758544922
2024-07-17,542.7125244140625,476.273681640625,75.78207397460938,41.62051010131836,85.36751556396484,98.67581939697266,227.22999572753906,82.45660400390625,21.178508758544922
2024-07-18,538.5419311523438,474.0196533203125,75.03194427490234,41.22885513305664,84.71495056152344,98.25129699707031,225.77999877929688,81.73070526123047,21.02237892150879
2024-07-19,534.9656372070312,469.81817626953125,74.5724868774414,40.82765197753906,84.21650695800781,97.89000701904297,221.72999572753906,81.58369445800781,20.737672805786133
2024-07-22,540.481201171875,476.8173828125,75.3601303100586,41.17154312133789,83.97174835205078,97.83580780029297,221.8000030517578,82.42902374267578,20.792776107788086
2024-07-23,539.6334228515625,475.1367492675781,74.93817901611328,40.80854034423828,83.85393524169922,97.76356506347656,222.5800018310547,82.36470794677734,20.599910736083984
2024-07-24,527.4039306640625,458.09344482421875,73.99114227294922,40.216285705566406,82.94758605957031,97.16744995117188,221.8000030517578,81.15184020996094,20.59072494506836
2024-07-25,524.6558837890625,453.0417785644531,73.52230834960938,40.053890228271484,83.62734985351562,97.55583953857422,218.3300018310547,80.88538360595703,20.636646270751953
2024-07-26,530.5319213867188,457.68817138671875,74.45997619628906,40.46464920043945,84.27992248535156,98.09774780273438,220.6300048828125,82.30040740966797,20.425413131713867
2024-07-29,530.8438110351562,458.6075439453125,74.13179016113281,40.3309211730957,84.73307800292969,98.30548095703125,220.32000732421875,82.72306823730469,20.33357048034668
2024-07-30,528.1542358398438,452.3102111816406,74.3005599975586,40.149410247802734,85.05935668945312,98.38675689697266,222.52000427246094,83.36624908447266,20.2692813873291
2024-07-31,536.7391967773438,465.6957092285156,75.35074615478516,41.028255462646484,85.92942810058594,98.95577239990234,226.5500030517578,83.07222747802734,20.737672805786133
2024-08-01,529.138427734375,454.4159240722656,73.35352325439453,40.31181335449219,86.67056274414062,99.283935546875,225.77000427246094,83.90837097167969,20.489700317382812
2024-08-02,519.2867431640625,443.6304016113281,72.2001953125,39.73865509033203,89.37135314941406,100.25384521484375,225.33999633789062,83.86241149902344,20.11315155029297
2024-08-05,504.1632080078125,430.403076171875,70.62491607666016,38.611454010009766,89.84420776367188,100.00004577636719,222.47999572753906,81.4642562866211,20.076417922973633
2024-08-06,508.81134033203125,434.51556396484375,70.74681091308594,38.8311653137207,87.83451080322266,99.3473892211914,220.6999969482422,83.07222747802734,19.911104202270508
2024-08-07,505.41046142578125,429.809814453125,71.0843734741211,39.069984436035156,87.21617889404297,98.89414978027344,220.5500030517578,82.50253295898438,20.094785690307617
2024-08-08,517.09423828125,442.9581604003906,72.27520751953125,39.958370208740234,86.6796646118164,98.93946838378906,224.00999450683594,83.31111145019531,20.278467178344727
2024-08-09,519.3743286132812,445.2714538574219,72.5564956665039,40.17807388305664,87.53446197509766,99.44708251953125,224.55999755859375,83.69703674316406,20.397859573364258
2024-08-12,519.647216796875,446.2303771972656,72.4908676147461,40.31181335449219,87.85272216796875,99.65557861328125,228.41000366210938,83.08141326904297,20.682567596435547
2024-08-13,528.1932373046875,457.3025817871094,73.73796081542969,40.760780334472656,88.46198272705078,100.35356140136719,228.05999755859375,83.80728149414062,20.489700317382812
2024-08-14,529.8594360351562,457.4508972167969,74.0098876953125,40.541072845458984,89.01670837402344,100.7977066040039,226.1999969482422,84.02781677246094,20.36112403869629
2024-08-15,538.94140625,469.007568359375,74.91004180908203,40.99004364013672,88.29830932617188,100.48953247070312,226.91000366210938,83.96349334716797,20.526437759399414
2024-08-16,540.149658203125,469.610595703125,75.32261657714844,41.46766662597656,88.60746765136719,100.78865814208984,231.99000549316406,83.91755676269531,20.397859573364258
2024-08-19,545.3143310546875,475.7793884277344,76.24152374267578,41.86888122558594,89.01670837402344,101.02432250976562,231.61000061035156,84.61585998535156,20.28765106201172
2024-08-20,544.4276123046875,474.7808837890625,76.00711059570312,41.54409408569336,89.72599029541016,101.28721618652344,232.4600067138672,84.51480102539062,20.204994201660156
2024-08-21,546.2984619140625,476.99530029296875,76.71035766601562,41.706485748291016,89.78056335449219,101.51383209228516,232.14999389648438,84.96504211425781,20.10396957397461
2024-08-22,542.0109252929688,469.4326171875,76.26028442382812,41.190643310546875,88.88938903808594,101.09684753417969,229.3699951171875,85.2131118774414,20.085603713989258
2024-08-23,547.7699584960938,474.52386474609375,77.65740203857422,41.87843322753906,89.47135925292969,101.67696380615234,232.02000427246094,87.08753967285156,20.44378089904785
2024-08-26,546.4642333984375,469.9170227050781,77.31046295166016,41.52499008178711,89.2440185546875,101.55007934570312,232.75999450683594,87.05078887939453,20.655014038085938
2024-08-27,547.2144775390625,471.32086181640625,77.66678619384766,41.58230209350586,89.08946228027344,101.468505859375,233.38999938964844,87.1794204711914,20.55398941040039
2024-08-28,544.0377197265625,465.9725341796875,77.39485931396484,41.32438278198242,88.98031616210938,101.26000213623047,231.75,86.8394546508789,20.306018829345703
2024-08-29,544.0865478515625,465.2904052734375,77.68553161621094,41.34348678588867,88.68933868408203,101.0877685546875,232.9499969482422,86.57300567626953,20.53562355041504
2024-08-30,549.2803955078125,470.8364562988281,77.80743408203125,41.42945861816406,87.74360656738281,100.80677032470703,231.2899932861328,87.40914154052734,20.306018829345703
2024-09-03,537.9766845703125,456.5413818359375,76.57908630371094,40.60793685913086,89.17867279052734,101.11155700683594,230.2899932861328,87.36318969726562,19.901920318603516
2024-09-04,536.8756103515625,455.3551025390625,76.24152374267578,40.598384857177734,90.32819366455078,101.7392807006836,230.42999267578125,87.61128234863281,19.754974365234375
2024-09-05,535.5697631835938,455.7801818847656,76.26028442382812,40.655704498291016,90.83908081054688,102.23966217041016,232.35000610351562,87.32645416259766,19.800893783569336
2024-09-06,526.5560913085938,443.571044921875,74.8256607055664,39.91060256958008,90.8299560546875,102.1941909790039,230.6300048828125,87.24373626708984,19.534557342529297
2024-09-09,532.4515380859375,449.27520751953125,75.5757827758789,40.24494934082031,91.22225189208984,102.42164611816406,231.60000610351562,88.21772766113281,19.58966064453125
2024-09-10,534.7706909179688,453.4273681640625,75.20071411132812,40.09210205078125,91.8608627319336,102.7036361694336,232.6199951171875,89.49490356445312,19.304954528808594
2024-09-11,540.2568969726562,463.273681640625,75.65080261230469,40.38823318481445,91.78790283203125,102.7491455078125,232.25,89.32032012939453,19.479450225830078
2024-09-12,544.8076171875,467.82122802734375,76.2696533203125,40.722572326660156,91.35910034179688,102.67635345458984,236.3300018310547,89.69705963134766,19.855998992919922
2024-09-13,547.6530151367188,469.9170227050781,76.44781494140625,40.91362380981445,91.60543823242188,102.99478149414062,238.67999267578125,90.63426208496094,19.892736434936523
2024-09-16,548.4618530273438,467.84100341796875,77.06668090820312,41.04736328125,92.44474792480469,103.44964599609375,238.66000366210938,90.93746948242188,20.03968048095703
2024-09-17,548.6859130859375,468.088134765625,76.6353530883789,41.09511947631836,91.99771118164062,103.4587631225586,237.33999633789062,90.30347442626953,20.177440643310547
2024-09-18,547.0587158203125,466.0615539550781,76.39156341552734,40.95183181762695,90.85731506347656,103.03116607666016,235.50999450683594,90.1932144165039,20.048864364624023
2024-09-19,556.3939819335938,477.84552001953125,77.90119934082031,41.82111358642578,90.55625915527344,103.12214660644531,239.1699981689453,90.21160888671875,20.407045364379883
2024-09-20,555.4320678710938,476.9360656738281,77.13230895996094,41.73514175415039,90.2095718383789,103.21309661865234,242.2100067138672,89.85323333740234,20.407045364379883
2024-09-23,556.8200073242188,478.2001953125,77.42298889160156,42.05992889404297,90.01798248291016,103.06757354736328,242.67999267578125,90.74451446533203,20.416229248046875
2024-09-24,558.4132690429688,480.50689697265625,77.88243865966797,43.49281311035156,89.99974822998047,103.24040985107422,246.07000732421875,90.87317657470703,20.756038665771484
2024-09-25,557.181640625,480.9523620605469,77.46049499511719,43.0342903137207,89.25166320800781,102.630859375,245.72999572753906,90.26673126220703,20.58154296875
2024-09-26,559.3907470703125,484.5657653808594,79.16704559326172,44.61046600341797,89.46148681640625,102.630859375,246.97999572753906,89.4489517211914,20.397859573364258
2024-09-27,558.579345703125,481.873046875,78.68882751464844,44.52449035644531,89.9267578125,103.04024505615234,245.02000427246094,89.56294250488281,20.498884201049805
2024-09-30,560.81787109375,483.1798400878906,78.41691589355469,43.808048248291016,89.49797058105469,102.7855453491211,243.05999755859375,90.26712799072266,20.452964782714844
2024-10-01,555.793701171875,476.44793701171875,77.83555603027344,44.12328338623047,90.14413452148438,103.27949523925781,245.61000061035156,89.68338775634766,20.81114387512207
2024-10-02,556.0282592773438,477.12115478515625,77.67615509033203,44.9925651550293,89.3844985961914,103.05123138427734,245.66000366210938,89.36834716796875,20.98564338684082
2024-10-03,555.0118408203125,476.7647705078125,76.95414733886719,44.45762252807617,88.54244232177734,102.38467407226562,245.49000549316406,88.55296325683594,21.28871726989746
2024-10-04,560.0552978515625,482.43731689453125,77.40422821044922,44.868385314941406,87.45329284667969,101.82766723632812,245.0,88.12673950195312,21.343822479248047
2024-10-07,554.9923095703125,477.2696533203125,76.97290802001953,45.24093246459961,86.79430389404297,101.30723571777344,244.1699981689453,87.3484115600586,21.637712478637695
2024-10-08,560.2410278320312,484.3974609375,76.85100555419922,44.12328338623047,86.94073486328125,101.50812530517578,242.3699951171875,87.52447509765625,21.132587432861328
2024-10-09,564.1215209960938,488.2088623046875,76.86976623535156,43.88446807861328,86.44648742675781,101.30723571777344,241.0500030517578,87.61712646484375,20.948904037475586
2024-10-10,563.1343994140625,487.65447998046875,76.7760009765625,43.97043991088867,86.10784912109375,101.19766235351562,242.82000732421875,86.83880615234375,21.36219024658203
2024-10-11,566.5065307617188,488.41680908203125,77.16981506347656,44.28567886352539,85.76005554199219,101.17940521240234,245.47000122070312,87.82096862792969,21.38055992126465
2024-10-14,571.1395874023438,492.51531982421875,77.39485931396484,44.10417938232422,85.82413482666016,101.18852996826172,245.07000732421875,88.34912109375,21.0499324798584
2024-10-15,566.7019653320312,485.9320068359375,76.11026000976562,43.16802215576172,86.86752319335938,101.68160247802734,245.9199981689453,89.41468048095703,20.645830154418945
2024-10-16,569.1652221679688,485.99139404296875,76.30716705322266,43.50237274169922,87.23363494873047,102.00119018554688,247.14999389648438,90.39685821533203,20.59072494506836
2024-10-17,569.2140502929688,486.3279113769531,76.31654357910156,43.43549728393555,85.8515853881836,101.2433090209961,248.6300048828125,89.68338775634766,20.61827850341797
2024-10-18,571.4034423828125,489.51568603515625,76.83226776123047,43.865360260009766,85.91564178466797,101.12461853027344,251.27000427246094,90.35053253173828,20.50806999206543
2024-10-21,570.4652099609375,490.4561767578125,75.9227294921875,43.55968475341797,84.41464233398438,100.09283447265625,251.22000122070312,88.58075714111328,20.572359085083008
2024-10-22,570.1621704101562,490.9907531738281,75.49139404296875,43.46415710449219,84.49700164794922,100.08370208740234,253.92999267578125,88.71048736572266,20.930538177490234
2024-10-23,564.952392578125,483.4669189453125,74.73188018798828,43.206233978271484,84.26815032958984,99.745849609375,250.8699951171875,89.35908508300781,20.81114387512207
2024-10-24,566.1741943359375,487.3872375488281,75.15383911132812,43.13936996459961,84.80818939208984,100.04716491699219,252.8000030517578,89.55367279052734,20.801959991455078
2024-10-25,565.9786987304688,490.3572082519531,74.90067291259766,43.101158142089844,84.33222961425781,99.8097915649414,253.32000732421875,88.71048736572266,20.948904037475586
2024-10-28,567.728271484375,490.4364013671875,75.50077056884766,43.29220962524414,84.10343170166016,99.72759246826172,253.3300018310547,88.98846435546875,20.3886775970459
2024-10-29,568.6471557617188,495.1487121582031,75.22885131835938,43.158477783203125,84.2315673828125,99.8462905883789,256.0899963378906,88.34912109375,20.351940155029297
2024-10-30,566.9268798828125,491.4065856933594,74.74126434326172,42.738162994384766,84.47868347167969,99.71846771240234,257.5,88.73828887939453,20.609094619750977
2024-10-31,555.8132934570312,479.0021057128906,74.28181457519531,42.46113967895508,84.6159896850586,99.517578125,253.50999450683594,87.23722076416016,20.746854782104492
2024-11-01,558.1591186523438,482.54620361328125,74.43183898925781,42.499351501464844,83.42304229736328,98.97236633300781,252.47000122070312,86.27359008789062,20.526437759399414
2024-11-04,556.9569091796875,481.1404724121094,74.48809814453125,42.738162994384766,84.71790313720703,99.70541381835938,252.8300018310547,87.21868896484375,20.87543296813965
2024-11-05,563.6915283203125,487.2783203125,75.22885131835938,43.320865631103516,85.16790008544922,100.18191528320312,253.39999389648438,88.37691497802734,21.004011154174805
2024-11-06,577.7080078125,500.514404296875,74.14115905761719,42.78592300415039,82.8353042602539,99.1373062133789,245.6999969482422,86.49596405029297,20.7744083404541
2024-11-07,582.1749877929688,508.39459228515625,75.266357421875,43.73162841796875,83.87303161621094,100.31021118164062,249.64999389648438,87.53372192382812,20.98564338684082
2024-11-08,584.69677734375,508.98870849609375,74.2255630493164,42.65218734741211,84.93832397460938,100.65838623046875,247.9600067138672,88.84020233154297,20.664199829101562
2024-11-11,585.2540283203125,508.6916809082031,74.24430847167969,42.32740783691406,84.52507019042969,100.4659652709961,242.13999938964844,88.39544677734375,20.33357048034668
2024-11-12,583.4359130859375,507.7708740234375,72.86593627929688,41.52499008178711,83.25773620605469,99.5588150024414,240.0500030517578,87.17236328125,20.223363876342773
2024-11-13,583.7192993164062,507.1175537109375,72.43461608886719,41.257511138916016,82.46794891357422,99.1831283569336,237.6300048828125,87.65418243408203,20.159074783325195
2024-11-14,579.9659423828125,503.5932312011719,72.58463287353516,41.028255462646484,82.94548797607422,99.1556396484375,237.00999450683594,86.86658477783203,20.140705108642578
2024-11-15,572.537353515625,491.59466552734375,72.32208251953125,41.028255462646484,82.72509765625,99.20143127441406,236.58999633789062,86.91293334960938,20.03968048095703
2024-11-18,574.8832397460938,495.01007080078125,72.7159194946289,41.4963264465332,82.87200927734375,99.38471984863281,241.08999633789062,87.5429916381836,20.498884201049805
2024-11-19,576.9848022460938,498.4156188964844,72.62213897705078,41.46766662597656,83.29446411132812,99.59546661376953,243.25,87.96922302246094,20.563173294067383
2024-11-20,577.1802368164062,498.1285705566406,72.42523193359375,41.41990661621094,83.02813720703125,99.35722351074219,244.6199951171875,87.85802459716797,20.55398941040039
2024-11-21,580.2786865234375,499.92041015625,72.44398498535156,41.33393096923828,82.9638671875,99.23809051513672,246.66000366210938,88.50662994384766,20.700937271118164
2024-11-22,582.0772094726562,500.7222900390625,72.72528839111328,41.34348678588867,83.0097885131836,99.32972717285156,249.83999633789062,89.17376708984375,20.719303131103516
2024-11-25,584.051513671875,501.5142517089844,73.10035705566406,41.37214660644531,85.15873718261719,100.56675720214844,242.47999572753906,90.4153823852539,20.425413131713867
2024-11-26,587.101318359375,504.20703125,72.67840576171875,41.200199127197266,84.8281021118164,100.31021118164062,242.9499969482422,90.77674865722656,20.425413131713867
2024-11-27,585.3223876953125,500.2371520996094,73.07221984863281,41.257511138916016,85.41586303710938,100.6767349243164,243.49000549316406,91.36048126220703,20.315204620361328
2024-11-29,588.9583740234375,504.6327209472656,74.04739379882812,41.32438278198242,86.29749298095703,101.29984283447266,245.58999633789062,90.95280456542969,20.33357048034668
2024-12-02,590.0140991210938,510.1271057128906,74.2536849975586,41.486778259277344,86.50482177734375,101.4588851928711,243.44000244140625,89.62779235839844,20.186626434326172
2024-12-03,590.2877197265625,511.69122314453125,74.67562866210938,41.572750091552734,85.75838470458984,101.10029602050781,243.92999267578125,89.17376708984375,20.416229248046875
2024-12-04,593.953125,518.0172729492188,74.73188018798828,41.677825927734375,86.67990112304688,101.58763885498047,244.6699981689453,88.93286895751953,20.306018829345703
2024-12-05,592.9757080078125,516.5816650390625,75.09757232666016,41.95484924316406,86.8550033569336,101.56005096435547,242.86000061035156,88.7197494506836,20.278467178344727
2024-12-06,594.099853515625,521.2048950195312,75.08820343017578,41.88798141479492,86.98401641845703,101.7899169921875,242.9499969482422,88.59002685546875,20.122337341308594
2024-12-09,591.0403442382812,517.1461181640625,75.04132080078125,42.74771499633789,86.1822738647461,101.532470703125,245.36000061035156,88.84020233154297,20.315204620361328
2024-12-10,589.2026977539062,515.3839111328125,74.36620330810547,42.05992889404297,85.77680206298828,101.37616729736328,248.58999633789062,87.55225372314453,20.36112403869629
2024-12-11,593.757568359375,524.6105346679688,74.83503723144531,42.231876373291016,84.9658432006836,101.10029602050781,250.9600067138672,87.3484115600586,20.61827850341797
2024-12-12,590.6982421875,521.2247314453125,74.17866516113281,42.0217170715332,83.93372344970703,100.53020477294922,247.27999877929688,87.20941925048828,20.53562355041504
2024-12-13,590.5809936523438,525.2144165039062,73.97237396240234,42.05992889404297,83.07669830322266,99.96929931640625,244.2899932861328,86.9592514038086,20.526437759399414
2024-12-16,593.1026611328125,532.77783203125,73.72857666015625,41.83066940307617,83.32551574707031,100.0980453491211,244.8800048828125,86.65348052978516,20.416229248046875
2024-12-17,590.6591186523438,530.4315185546875,73.61167907714844,41.73061752319336,83.52825164794922,100.10723114013672,243.94000244140625,86.23651885986328,20.278467178344727
2024-12-18,573.055419921875,511.2953186035156,71.80584716796875,40.75923156738281,82.48379516601562,98.86609649658203,239.25999450683594,82.678466796875,20.094785690307617
2024-12-19,572.8794555664062,509.01824951171875,71.5777359008789,40.895225524902344,81.23484802246094,98.33087921142578,239.60000610351562,81.39979553222656,20.094785690307617
2024-12-20,579.76025390625,513.46337890625,71.3781509399414,41.06036376953125,81.69742584228516,98.71846771240234,242.10000610351562,82.77113342285156,20.223363876342773
2024-12-23,583.2321166992188,518.4657592773438,71.84385681152344,41.29349136352539,80.94808959960938,98.4323959350586,240.9600067138672,83.09481811523438,20.238842010498047
2024-12-24,589.7146606445312,525.4962158203125,72.10047912597656,41.41977310180664,81.2903823852539,98.7369155883789,241.44000244140625,83.64678955078125,20.354934692382812
2024-12-26,589.75390625,525.1390991210938,72.4426498413086,41.274070739746094,81.244140625,98.82919311523438,243.07000732421875,83.8713150024414,20.296886444091797
2024-12-27,583.5458984375,518.1585083007812,72.33808898925781,41.08950424194336,80.57804870605469,98.41393280029297,241.39999389648438,83.02933502197266,20.393630981445312
2024-12-30,576.88671875,511.2670593261719,71.86287689208984,40.75923156738281,81.22561645507812,98.83840942382812,240.6300048828125,82.6176986694336,20.57744598388672
2024-12-31,574.7879638671875,506.9238586425781,71.86287689208984,40.62323760986328,80.79083251953125,98.58927154541016,242.1300048828125,83.33807373046875,20.683862686157227
2025-01-02,573.3756713867188,505.93231201171875,71.61576080322266,40.5649528503418,81.01284790039062,98.59848022460938,245.4199981689453,82.59898376464844,20.887025833129883
2025-01-03,580.5448608398438,514.2119750976562,71.92939758300781,40.94379806518555,80.75379943847656,98.36780548095703,243.49000549316406,83.68421173095703,20.780607223510742
2025-01-06,583.88916015625,520.1217651367188,72.61371612548828,41.08950424194336,80.39302825927734,98.11864471435547,243.19000244140625,82.60835266113281,20.819305419921875
2025-01-07,577.2889404296875,510.840576171875,72.55669403076172,40.79808807373047,79.48638916015625,97.66647338867188,244.55999755859375,81.82247924804688,20.91604995727539
2025-01-08,578.13232421875,510.9298400878906,72.4426498413086,40.60381317138672,79.5881576538086,97.82335662841797,245.86000061035156,82.03766632080078,20.877351760864258
2025-01-10,569.3057250976562,502.9179382324219,71.34012603759766,39.91413116455078,79.06082916259766,97.2604751586914,248.2100067138672,80.03559875488281,21.438467025756836
2025-01-13,570.1883544921875,501.3016357421875,71.1405258178711,39.642147064208984,79.03308868408203,96.98362731933594,245.74000549316406,81.01790618896484,21.5932559967041
2025-01-14,570.972900390625,500.82568359375,71.39715576171875,40.0889778137207,78.9035873413086,97.09436798095703,247.02999877929688,81.75698852539062,21.583581924438477
2025-01-15,581.3588256835938,512.3477783203125,72.30958557128906,40.613525390625,80.26351165771484,98.25707244873047,248.8800048828125,82.22476196289062,21.931861877441406
2025-01-16,580.2408447265625,508.75830078125,72.68025207519531,40.5649528503418,80.52254486083984,98.45085144042969,250.60000610351562,83.92745208740234,21.83511734008789
2025-01-17,586.06640625,517.3453979492188,72.97489166259766,40.8855094909668,80.66128540039062,98.53388977050781,249.27000427246094,83.8713150024414,21.738372802734375
2025-01-21,591.4310302734375,520.379638671875,74.44808197021484,41.322635650634766,81.38288879394531,99.10601806640625,253.1300048828125,85.44303131103516,21.631956100463867
2025-01-22,594.7557373046875,527.0330810546875,74.27699279785156,41.351776123046875,80.95734405517578,98.79227447509766,254.42999267578125,83.95552062988281,21.612606048583984
2025-01-23,598.001953125,528.1536254882812,74.88526916503906,41.44891357421875,80.3282699584961,98.65386199951172,254.07000732421875,84.57296752929688,21.53521156311035
2025-01-24,596.2562255859375,525.1689453125,75.303466796875,41.72090530395508,80.68905639648438,98.84764099121094,255.64999389648438,84.86299133300781,21.544885635375977
2025-01-27,587.8218994140625,509.8787841796875,75.303466796875,40.96322250366211,81.64192962646484,99.53050231933594,252.99000549316406,85.9949951171875,21.21595573425293
2025-01-28,592.8726806640625,517.4147338867188,75.20841979980469,41.26435089111328,81.58642578125,99.39208984375,255.17999267578125,84.95654296875,21.235305786132812
2025-01-29,590.2147827148438,516.443115234375,75.19892120361328,41.274070739746094,81.41991424560547,99.26288604736328,254.1999969482422,83.83389282226562,21.274002075195312
2025-01-30,593.3826293945312,518.6443481445312,76.02580261230469,41.97346115112305,81.72518157958984,99.48436737060547,258.04998779296875,84.9004135131836,21.293350219726562
2025-01-31,590.2247314453125,517.890625,75.3129653930664,41.49748229980469,81.18862915039062,99.16140747070312,258.55999755859375,84.71331024169922,21.25465202331543
2025-02-03,586.2527465820312,513.7459106445312,74.42906188964844,41.19635772705078,81.84967041015625,99.31788635253906,259.94000244140625,84.53556823730469,21.419116973876953
2025-02-04,590.185546875,520.0523071289062,75.2939682006836,41.93460464477539,82.10032653808594,99.51238250732422,262.5,84.6010513305664,21.47716522216797
2025-02-05,592.5784301757812,522.4122314453125,76.02580261230469,41.827754974365234,83.455810546875,100.20696258544922,264.1300048828125,85.78917694091797,21.34172248840332
2025-02-06,594.637939453125,525.1390991210938,76.38697814941406,42.002601623535156,83.41868591308594,100.02173614501953,263.42999267578125,86.00435638427734,21.351396560668945
2025-02-07,589.1950073242188,518.5153198242188,75.66463470458984,41.963748931884766,82.88019561767578,99.58648681640625,263.8999938964844,85.72368621826172,21.36107063293457
2025-02-10,593.1962890625,524.7921142578125,76.1778793334961,42.468868255615234,82.6295394897461,99.6142578125,268.3699951171875,85.68627166748047,21.670652389526367
2025-02-11,593.6473999023438,523.5426635742188,76.5390396118164,42.303733825683594,82.10032653808594,99.39199829101562,267.3900146484375,86.06049346923828,21.83511734008789
2025-02-12,591.7350463867188,523.85009765625,76.82417297363281,42.536865234375,80.98623657226562,98.85482788085938,267.6700134277344,85.26527404785156,21.5932559967041
2025-02-13,597.9823608398438,531.3861083984375,77.75560760498047,42.8088493347168,82.33243560791016,99.62351989746094,270.30999755859375,86.11663055419922,21.699676513671875
2025-02-14,597.952880859375,533.6171875,77.86965942382812,43.139122009277344,82.768798828125,100.01250457763672,266.2900085449219,85.72368621826172,21.7093505859375
2025-02-18,599.7083740234375,534.8268432617188,78.43041229248047,43.411109924316406,81.79396057128906,99.6050033569336,270.70001220703125,86.10726928710938,22.02860450744629
2025-02-19,601.1206665039062,534.9755859375,77.62254333496094,43.343109130859375,81.89608001708984,99.66056823730469,270.8500061035156,86.1727523803711,22.20274543762207
2025-02-20,598.6198120117188,532.704833984375,77.98371124267578,43.74137878417969,82.20246124267578,99.90135192871094,270.989990234375,86.58438873291016,22.231767654418945
2025-02-21,588.380859375,521.6488647460938,77.49898529052734,43.6151008605957,83.19585418701172,100.2532958984375,270.739990234375,85.7330551147461,21.92218589782715
2025-02-24,585.7035522460938,515.4910888671875,77.45146179199219,42.944847106933594,83.4372787475586,100.5125961303711,272.2099914550781,86.06985473632812,21.844791412353516
2025-02-25,582.790771484375,508.9963073730469,78.15479278564453,42.97399139404297,84.8763198852539,101.28129577636719,268.6199951171875,87.12700653076172,21.60293197631836
2025-02-26,583.0848999023438,510.225830078125,78.25933074951172,43.40139389038086,85.37765502929688,101.49430084228516,269.0299987792969,86.76213836669922,21.419116973876953
2025-02-27,573.7777709960938,496.0561828613281,77.37543487548828,42.55629348754883,84.77418518066406,101.06828308105469,264.92999267578125,87.1082992553711,21.44814109802246
2025-02-28,582.73193359375,503.8896789550781,77.5370101928711,41.97346115112305,85.81402587890625,101.51280975341797,263.2699890136719,87.84737396240234,21.283676147460938
2025-03-03,572.5224609375,492.86328125,78.39240264892578,41.604339599609375,86.21449279785156,101.83355712890625,266.739990234375,88.2590103149414,21.148235321044922
2025-03-04,565.74560546875,491.3759765625,78.3733901977539,41.95403289794922,85.15277099609375,101.4988784790039,269.05999755859375,87.23926544189453,21.21595573425293
2025-03-05,571.826171875,497.7815856933594,80.24576568603516,43.20711898803711,84.47289276123047,101.17350769042969,269.6199951171875,88.21222686767578,21.157909393310547
2025-03-06,561.675537109375,484.087890625,79.41887664794922,42.93513488769531,84.19347381591797,100.85741424560547,268.25,85.94822692871094,21.051490783691406
2025-03-07,564.82373046875,487.647705078125,80.24576568603516,43.14883804321289,83.92339324951172,100.69937133789062,268.3900146484375,86.4627685546875,21.235305786132812
2025-03-10,549.7792358398438,468.7481689453125,78.3543930053711,42.11916732788086,84.79884338378906,101.04335021972656,266.0400085449219,85.63014221191406,21.099863052368164
2025-03-11,545.2091064453125,467.6277160644531,78.08827209472656,42.468868255615234,84.19347381591797,100.38330841064453,269.1600036621094,84.62910461425781,21.21595573425293
2025-03-12,548.1022338867188,472.9028625488281,78.64901733398438,42.701995849609375,83.6905517578125,100.08582305908203,270.3299865722656,84.36714935302734,21.21595573425293
2025-03-13,540.7957763671875,464.3951416015625,78.12627410888672,42.52714920043945,84.42632293701172,100.4018783569336,275.1300048828125,82.70189666748047,21.138561248779297
2025-03-14,551.96630859375,475.6197509765625,79.56144714355469,43.30426025390625,83.97928619384766,100.35540771484375,275.239990234375,84.35779571533203,21.25465202331543
2025-03-17,556.2227172851562,478.70361328125,80.45486450195312,44.04250717163086,84.39836883544922,100.5599365234375,276.7300109863281,85.79853057861328,21.399770736694336
2025-03-18,550.2108764648438,470.54290771484375,80.44535827636719,43.819087982177734,84.48219299316406,100.8016357421875,279.9599914550781,85.3494873046875,21.351396560668945
2025-03-19,556.2030639648438,476.83941650390625,80.6829605102539,43.925941467285156,84.919921875,101.3966064453125,281.1099853515625,85.45238494873047,21.48683738708496
2025-03-20,554.5946044921875,475.22320556640625,80.00814819335938,43.51796340942383,84.97579956054688,101.24788665771484,280.75,85.39624786376953,21.525535583496094
2025-03-21,554.777587890625,476.7898254394531,79.51393127441406,43.30426025390625,84.47289276123047,101.10843658447266,278.489990234375,84.45135498046875,21.399770736694336
2025-03-24,564.7128295898438,487.252685546875,79.5044174194336,43.498531341552734,83.60672760009766,100.67147827148438,277.25,85.75176239013672,21.47716522216797
2025-03-25,566.0703735351562,490.033203125,79.9416275024414,43.37225341796875,83.5974349975586,100.77375793457031,278.4700012207031,84.78958129882812,21.506187438964844
2025-03-26,559.3125,481.0162658691406,78.90563201904297,43.109981536865234,83.0479507446289,100.36471557617188,278.239990234375,85.12039184570312,21.47716522216797
2025-03-27,557.8270874023438,478.2754821777344,79.07671356201172,43.32368469238281,82.80579376220703,100.24384307861328,281.9700012207031,84.90300750732422,21.53521156311035
2025-03-28,546.5933837890625,465.68353271484375,78.3733901977539,42.51743698120117,83.95133209228516,100.84812927246094,284.05999755859375,84.78958129882812,21.467491149902344
2025-03-31,550.2625732421875,465.6636657714844,77.67957305908203,42.44944381713867,84.78023529052734,101.04335021972656,288.1400146484375,85.5740737915039,21.767396926879883
2025-04-01,551.8167724609375,469.41741943359375,77.79362487792969,42.58543395996094,85.5149154663086,101.40449523925781,287.57000732421875,85.61188507080078,21.777070999145508
2025-04-02,555.308837890625,472.8434753417969,77.97420501708984,42.643714904785156,85.45881652832031,101.63782501220703,288.1600036621094,86.13169860839844,21.912511825561523
2025-04-03,527.9428100585938,447.5304260253906,76.33944702148438,41.740333557128906,85.85137939453125,101.62847900390625,286.4200134277344,83.1922836303711,21.032142639160156
2025-04-04,497.03546142578125,419.7348327636719,71.30210876464844,39.418724060058594,86.78607177734375,101.51649475097656,279.7200012207031,79.58181762695312,20.267866134643555
2025-04-07,496.1501159667969,420.7477722167969,69.5818099975586,37.951934814453125,84.1689453125,99.5380630493164,273.7099914550781,77.49301147460938,19.948610305786133
2025-04-08,488.3790283203125,413.1707458496094,69.34420776367188,37.41767501831055,82.57994842529297,98.27818298339844,275.20001220703125,75.41368103027344,19.50358772277832
2025-04-09,539.668212890625,462.763916015625,74.69518280029297,40.011268615722656,83.06600189208984,99.92066192626953,285.3800048828125,79.91261291503906,20.20981788635254
2025-04-10,516.0205688476562,443.0815734863281,73.22200775146484,39.32158660888672,80.7760009765625,98.22219848632812,292.3500061035156,78.0884780883789,19.958282470703125
2025-04-11,525.227783203125,451.2445068359375,75.05635070800781,40.55524444580078,81.21533203125,98.20352935791016,297.92999267578125,79.0430679321289,20.248516082763672
2025-04-14,530.3232421875,454.3031311035156,75.86422729492188,40.924373626708984,81.79483032226562,98.81012725830078,296.2300109863281,80.67818450927734,20.258190155029297
2025-04-15,528.8378295898438,454.8095397949219,76.54854583740234,40.8855094909668,82.08457946777344,99.34208679199219,297.7799987792969,80.92391967773438,20.20981788635254
2025-04-16,517.082763671875,441.0954284667969,76.25391387939453,40.4095344543457,82.54256439208984,99.76203155517578,307.4700012207031,80.86720275878906,20.46135139465332
2025-04-17,517.8206176757812,441.0160217285156,77.08079528808594,40.720375061035156,81.81352233886719,99.62205505371094,306.1199951171875,82.0770034790039,20.674190521240234
2025-04-21,505.4951171875,430.102294921875,76.66260528564453,40.710662841796875,80.3834457397461,98.548828125,315.5899963378906,80.36627197265625,20.500049591064453
2025-04-22,518.6469116210938,441.39337158203125,78.24983215332031,41.322635650634766,80.83210754394531,98.79145812988281,311.1099853515625,81.92578125,20.59679412841797
2025-04-23,526.6836547851562,451.40338134765625,78.56348419189453,41.798614501953125,81.61723327636719,99.2300796508789,303.6499938964844,82.0770034790039,20.44200325012207
2025-04-24,537.7698364257812,464.10455322265625,79.60897064208984,42.284305572509766,82.47714233398438,100.2472915649414,308.07000732421875,82.37946319580078,20.625816345214844
2025-04-25,541.6553344726562,469.2783508300781,79.95112609863281,42.20659255981445,83.08468627929688,100.77924346923828,304.7300109863281,82.2376937866211,20.65484046936035
2025-04-28,541.8618774414062,469.12945556640625,80.4833755493164,42.284305572509766,83.60810852050781,101.0125503540039,309.07000732421875,82.7480697631836,20.538747787475586
2025-04-29,545.2753295898438,472.2277526855469,80.64494323730469,42.400875091552734,84.30915832519531,101.24585723876953,306.05999755859375,83.1922836303711,20.277538299560547
2025-04-30,545.4916381835938,472.1681823730469,80.5499038696289,42.50772476196289,83.62681579589844,100.76991271972656,303.7699890136719,83.48529052734375,19.900236129760742
2025-05-01,549.3574829101562,478.3349914550781,80.29328918457031,42.498008728027344,83.20279693603516,100.41571807861328,297.4599914550781,83.75938415527344,19.996980667114258
2025-05-02,557.5123291015625,485.43536376953125,81.83300018310547,43.71223831176758,82.30218505859375,100.17212677001953,297.9800109863281,84.78958129882812,20.08405113220215
2025-05-05,554.3153076171875,482.5555114746094,81.97557067871094,44.04250717163086,81.84249877929688,100.03157043457031,306.8800048828125,84.60057067871094,19.967958450317383
2025-05-06,549.6821899414062,478.06689453125,81.87100982666016,43.86766052246094,82.11455535888672,100.22834014892578,315.4800109863281,83.94841766357422,20.267866134643555
2025-05-07,551.993896484375,479.94378662109375,81.59538269042969,43.36254119873047,82.46166229248047,100.43449401855469,310.75,84.04291534423828,20.01633071899414
2025-05-08,555.8400268554688,484.8992004394531,81.31026458740234,43.33340072631836,81.54230499267578,99.92852020263672,304.6300048828125,83.71212005615234,20.277538299560547
2025-05-09,555.1317749023438,484.58135986328125,81.70944213867188,43.62481689453125,81.66424560546875,99.89103698730469,306.8399963378906,84.26976776123047,20.432329177856445
2025-05-12,573.4774169921875,504.32330322265625,82.12763977050781,44.567054748535156,80.90436553955078,99.87227630615234,298.19000244140625,84.68561553955078,20.567771911621094
2025-05-13,577.2646484375,512.009521484375,82.23218536376953,44.6447639465332,80.57601928710938,99.95661163330078,299.4599914550781,83.608154296875,20.887025833129883
2025-05-14,578.0023803710938,515.0780639648438,81.83300018310547,44.9847526550293,80.04129028320312,99.45064544677734,293.1600036621094,82.78587341308594,20.780607223510742
2025-05-15,580.8255615234375,515.6441650390625,82.7264175415039,44.96532440185547,80.74488830566406,100.16275024414062,297.8399963378906,84.2981185913086,20.57744598388672
2025-05-16,584.504638671875,517.888427734375,82.91650390625,44.93618392944336,80.9606704711914,100.35015869140625,294.239990234375,85.34723663330078,20.500049591064453
2025-05-19,585.1439208984375,518.385009765625,83.70537567138672,45.033321380615234,80.72613525390625,100.3595199584961,298.0299987792969,85.36613464355469,20.471027374267578
2025-05-20,583.176513671875,516.6571655273438,84.10456085205078,44.9847526550293,80.14446258544922,100.11590576171875,303.5799865722656,84.86520385742188,20.732234954833984
2025-05-21,573.3495483398438,509.477294921875,83.61032104492188,44.86818313598633,78.77481079101562,99.00091552734375,305.82000732421875,82.60628509521484,20.70321273803711
2025-05-22,573.5758666992188,510.4306335449219,83.56279754638672,44.722476959228516,79.18758392333984,99.50687408447266,303.1099853515625,82.22823333740234,20.59679412841797
2025-05-23,569.6607055664062,505.7036437988281,83.6768569946289,44.90704345703125,79.31893920898438,99.58182525634766,309.75,82.31328582763672,20.712886810302734
2025-05-27,581.5043334960938,517.6004638671875,84.89342498779297,44.80018615722656,80.42591857910156,100.4813232421875,304.5,83.74992370605469,20.529071807861328
2025-05-28,578.14013671875,515.3064575195312,83.91446685791016,44.596195220947266,80.07881927490234,100.23771667480469,303.80999755859375,83.66486358642578,20.46135139465332
2025-05-29,580.4222412109375,516.3194580078125,84.28514099121094,44.76133346557617,80.81993865966797,100.68746185302734,305.6099853515625,84.42098236083984,20.354934692382812
2025-05-30,579.7730712890625,515.505126953125,84.40869903564453,44.21735763549805,80.94189453125,100.97792053222656,303.6000061035156,84.42098236083984,20.20014190673828
2025-06-02,583.0388793945312,519.57666015625,85.3116226196289,44.53791046142578,80.1885986328125,100.69202423095703,311.6700134277344,84.5344009399414,20.625816345214844
2025-06-03,586.3637084960938,523.63818359375,84.66532135009766,44.6447639465332,80.04736328125,100.73905181884766,308.9100036621094,84.3642807006836,20.76125717163086
2025-06-04,586.2063598632812,525.0980224609375,85.04550170898438,45.198455810546875,81.34677124023438,101.47260284423828,310.8999938964844,84.60057067871094,20.683862686157227
2025-06-05,583.373291015625,521.1456909179688,84.98845672607422,45.431583404541016,81.40328216552734,101.16224670410156,309.3299865722656,84.5344009399414,20.780607223510742
2025-06-06,589.364013671875,526.2400512695312,85.2926025390625,45.577293395996094,80.36749267578125,100.55097198486328,305.17999267578125,84.94082641601562,20.945072174072266
2025-06-09,589.8950805664062,527.0146484375,85.2831039428711,45.96584701538086,80.45225524902344,100.8519058227539,306.6199951171875,85.05423736572266,20.964420318603516
2025-06-10,593.2396240234375,530.5003051757812,85.39715576171875,46.22812271118164,80.86654663085938,101.0964126586914,306.7099914550781,85.7820053100586,20.91604995727539
2025-06-11,591.5477294921875,528.712646484375,85.25458526611328,46.42239761352539,81.11138153076172,101.4161605834961,308.3699951171875,85.31887817382812,21.25465202331543
2025-06-12,593.898681640625,529.9540405273438,85.91039276123047,46.50010681152344,82.08125305175781,101.98041534423828,312.20001220703125,85.7347412109375,21.25465202331543
2025-06-13,587.2589111328125,523.3005981445312,84.8078842163086,45.76185989379883,81.2903060913086,101.36913299560547,316.2900085449219,84.90300750732422,21.912511825561523
2025-06-16,592.84619140625,530.5796508789062,85.1259994506836,46.32286834716797,80.4710693359375,101.19044494628906,311.7799987792969,84.96917724609375,21.8641414642334
2025-06-17,587.7802124023438,525.4058837890625,84.08174133300781,45.714778900146484,81.45036315917969,101.53841400146484,311.94000244140625,84.66673278808594,22.328510284423828
2025-06-18,587.6917114257812,525.3164672851562,84.22677612304688,45.7049674987793,81.59161376953125,101.61366271972656,310.260009765625,84.959716796875,22.38655662536621
2025-06-20,586.3114624023438,523.1715087890625,83.47259521484375,45.44015884399414,81.44095611572266,101.69829559326172,310.1300048828125,84.90300750732422,22.50265121459961
2025-06-23,592.1027221679688,528.5509643554688,84.10108184814453,45.8128547668457,81.7046127319336,101.95222473144531,311.0799865722656,86.17896270751953,21.670652389526367
2025-06-24,598.6439208984375,536.6336059570312,85.1259994506836,46.99961471557617,82.29783630371094,102.43183135986328,306.19000244140625,86.40579986572266,21.148235321044922
2025-06-25,598.979248046875,538.0054321289062,84.66188049316406,47.038848876953125,82.40141296386719,102.30956268310547,307.1199951171875,84.32646942138672,21.119211196899414
2025-06-26,603.6654663085938,543.0360107421875,85.60944366455078,47.35270309448242,82.81571197509766,102.68574523925781,306.7799987792969,84.24820709228516,21.196605682373047
2025-06-27,606.664794921875,544.8952026367188,86.3829574584961,47.166351318359375,82.28840637207031,102.5164566040039,301.2200012207031,84.45817565917969,21.090187072753906
2025-06-30,609.5653076171875,548.4244995117188,86.43130493164062,47.313472747802734,83.09820556640625,103.08071899414062,304.8299865722656,85.00221252441406,21.099863052368164
2025-07-01,609.3681030273438,543.8015747070312,86.2862777709961,47.4017448425293,83.30423736572266,103.20530700683594,307.54998779296875,85.62258911132812,21.21595573425293
2025-07-02,612.1305541992188,547.58935546875,86.53767395019531,47.60771179199219,82.77496337890625,103.18643188476562,309.25,85.82303619384766,21.564233779907227
2025-07-03,616.9550170898438,552.9778442382812,86.5570068359375,47.823482513427734,82.19842529296875,102.94100952148438,307.1400146484375,85.91847229003906,21.5545597076416
2025-07-07,612.357421875,548.812255859375,85.61911010742188,47.14673614501953,81.41397857666016,102.32750701904297,307.3699951171875,85.18355560302734,21.53521156311035
2025-07-08,612.0220947265625,549.120361328125,86.24759674072266,47.440975189208984,81.31002044677734,102.0348892211914,304.1600036621094,85.05948638916016,21.60293197631836
2025-07-09,615.692138671875,553.007568359375,86.89542388916016,47.36251449584961,82.16062927246094,102.6201171875,305.5199890136719,85.12629699707031,21.564233779907227
2025-07-10,617.4285888671875,552.2122192382812,86.83740997314453,47.490013122558594,82.21733093261719,102.63898468017578,306.20001220703125,85.66077423095703,21.496511459350586
2025-07-11,615.258056640625,550.9695434570312,86.00587463378906,47.33308792114258,81.08318328857422,102.01602935791016,309.1400146484375,85.67032623291016,21.777070999145508
2025-07-14,616.4320678710938,552.9678955078125,86.00587463378906,47.4017448425293,80.91305541992188,101.98770141601562,308.010009765625,86.22389221191406,21.5932559967041
2025-07-15,613.7978515625,553.4747924804688,85.10665893554688,47.745018005371094,80.34598541259766,101.61958312988281,306.7300109863281,84.95449829101562,21.5545597076416
2025-07-16,615.8499145507812,554.04150390625,85.45474243164062,47.970603942871094,80.45938110351562,101.78003692626953,308.260009765625,85.75621795654297,21.583581924438477
2025-07-17,619.6187744140625,558.5252685546875,85.67713165283203,48.24522399902344,80.44048309326172,102.02543640136719,307.5899963378906,85.66077423095703,21.757720947265625
2025-07-18,619.1649169921875,557.9884033203125,85.4354019165039,48.1373405456543,80.5633316040039,102.21424102783203,308.3900146484375,85.84213256835938,21.796419143676758
2025-07-21,620.3389282226562,560.88134765625,85.88984680175781,48.45119094848633,81.28165435791016,102.61065673828125,313.1300048828125,86.19526672363281,21.748046875
2025-07-22,620.427734375,557.9784545898438,86.3636245727539,48.480613708496094,81.77312469482422,102.85609436035156,316.1000061035156,87.67464447021484,21.7093505859375
2025-07-23,625.7060546875,560.5236206054688,88.51014709472656,48.971012115478516,81.3194580078125,102.69564056396484,312.17999267578125,87.846435546875,21.651302337646484
2025-07-24,625.9132080078125,561.716552734375,87.8526611328125,48.706199645996094,81.17768859863281,102.54459381103516,310.2699890136719,87.54102325439453,21.670652389526367
2025-07-25,628.5573120117188,563.068603515625,87.74629211425781,48.55907440185547,81.68804931640625,102.87495422363281,307.3999938964844,87.5505599975586,21.44814109802246
2025-07-28,628.3994140625,564.8282470703125,86.3346176147461,48.235416412353516,81.1587905883789,102.66728973388672,305.4100036621094,86.14753723144531,21.670652389526367
2025-07-29,626.741943359375,563.9534301757812,86.16057586669922,48.255035400390625,82.52924346923828,103.34689331054688,306.25,87.5314712524414,21.951210021972656
2025-07-30,625.9526977539062,564.708984375,85.54176330566406,47.901947021484375,82.10394287109375,102.95989990234375,300.9599914550781,86.29070281982422,21.9028377532959
2025-07-31,623.6046142578125,561.716552734375,84.62320709228516,47.62732696533203,82.15119171142578,102.98821258544922,302.9599914550781,85.07857513427734,21.719024658203125
2025-08-01,613.3834838867188,550.6514282226562,84.40081787109375,47.27424240112305,83.31908416748047,103.90184020996094,309.1099853515625,84.86858367919922,21.370746612548828
2025-08-04,622.706787109375,560.8118896484375,85.52242279052734,47.7646369934082,83.54678344726562,104.08191680908203,310.9100036621094,85.73712921142578,21.293350219726562
2025-08-05,619.5496826171875,557.004150390625,85.51275634765625,47.901947021484375,83.80297088623047,104.15775299072266,311.1600036621094,86.12844848632812,21.10953712463379
2025-08-06,624.2952270507812,564.0130615234375,86.07355499267578,48.12752914428711,83.31908416748047,104.12931823730469,310.5,85.46034240722656,21.06116485595703
2025-08-07,623.7722778320312,565.9219360351562,86.84707641601562,48.5296516418457,83.1767807006836,104.02507019042969,313.1199951171875,85.70850372314453,21.12888526916504
2025-08-08,628.6361694335938,571.200927734375,87.37887573242188,48.490421295166016,82.81624603271484,103.69335174560547,313.04998779296875,85.00221252441406,21.12888526916504
2025-08-11,627.39306640625,569.5108642578125,87.01144409179688,48.353111267089844,82.91111755371094,103.85447692871094,308.54998779296875,84.43909454345703,21.157909393310547
2025-08-12,634.0723266601562,576.6688232421875,88.07503509521484,48.94158935546875,82.4936752319336,103.94923400878906,308.2699890136719,84.91632843017578,21.07084083557129
2025-08-13,636.2428588867188,576.9572143554688,88.6068344116211,49.53006362915039,83.1767807006836,104.49893188476562,309.2099914550781,85.70850372314453,21.04181671142578
2025-08-14,636.3020629882812,576.5098876953125,88.61650848388672,48.921974182128906,82.56007385253906,104.13876342773438,307.25,85.09766387939453,21.12888526916504
2025-08-15,634.812255859375,573.9746704101562,89.13863372802734,48.98081970214844,81.97187042236328,104.006103515625,307.42999267578125,85.58441925048828,21.06116485595703
2025-08-18,634.6741333007812,573.7459716796875,89.04193878173828,49.26525115966797,81.73468017578125,103.81655883789062,306.95001220703125,84.85905456542969,21.080514907836914
2025-08-19,631.2308959960938,565.961669921875,89.0516128540039,48.86312484741211,82.20905303955078,103.97767639160156,305.2699890136719,86.3193359375,20.91604995727539
2025-08-20,629.5537719726562,562.6013793945312,89.37068939208984,48.794471740722656,82.3893051147461,104.02507019042969,308.3599853515625,86.56748962402344,21.148235321044922
2025-08-21,627.0280151367188,559.9966430664062,88.80988311767578,48.68658447265625,81.98135375976562,103.62699127197266,307.2900085449219,86.30979919433594,21.274002075195312
2025-08-22,636.6571655273438,568.635986328125,90.14421844482422,49.657569885253906,82.58853912353516,104.44207000732422,310.5799865722656,87.98006439208984,21.36107063293457
2025-08-25,633.855224609375,566.99560546875,88.95492553710938,49.373138427734375,82.35136413574219,104.16722106933594,309.8299865722656,87.47421264648438,21.467491149902344
2025-08-26,636.5092163085938,569.2722778320312,88.85823059082031,49.245635986328125,82.30392456054688,104.24303436279297,312.0799865722656,87.24515533447266,21.30302619934082
2025-08-27,637.9595336914062,570.1470336914062,88.6455078125,48.95139694213867,82.20905303955078,104.28094482421875,312.7099914550781,87.78917694091797,21.32237434387207
2025-08-28,640.21875,573.7161865234375,88.97425842285156,49.13774490356445,82.74984741210938,104.44207000732422,315.0299987792969,87.56011199951172,21.457815170288086
2025-08-29,636.4006958007812,567.0751342773438,88.45214080810547,48.90235900878906,82.16161346435547,104.06298065185547,318.07000732421875,88.03732299804688,21.48683738708496
2025-09-02,631.6847534179688,562.3229370117188,87.58192443847656,48.86312484741211,81.55020141601562,103.7148666381836,325.5899963378906,86.57703399658203,21.83511734008789
2025-09-03,635.108154296875,566.7470703125,87.71729278564453,49.04947280883789,82.44541931152344,104.33306884765625,328.1400146484375,86.624755859375,21.641630172729492
2025-09-04,640.4160766601562,571.876953125,88.35543823242188,48.892547607421875,83.07396697998047,105.04637145996094,326.69000244140625,87.27377319335938,21.48683738708496
2025-09-05,638.5612182617188,572.7020874023438,88.75187683105469,49.48102569580078,84.34060668945312,105.73115539550781,331.04998779296875,88.25685119628906,21.312700271606445
2025-09-08,640.1300048828125,575.4957275390625,89.64141845703125,49.93218994140625,85.4643783569336,106.1020736694336,334.82000732421875,87.74144744873047,21.457815170288086
2025-09-09,641.60986328125,577.126220703125,89.34168243408203,50.206809997558594,84.97869110107422,105.91185760498047,334.05999755859375,87.54102325439453,21.51586151123047
2025-09-10,643.4647216796875,577.3150634765625,89.32234191894531,50.55009078979492,85.4643783569336,106.2257080078125,335.260009765625,87.3978500366211,21.66097640991211
2025-09-11,648.81201171875,580.6753540039062,90.26990509033203,51.28568649291992,86.0357894897461,106.72026824951172,334.760009765625,88.99176788330078,21.496511459350586
2025-09-12,648.594970703125,583.2402954101562,89.91215515136719,51.25625991821289,85.66436767578125,106.53007507324219,335.4200134277344,88.58135986328125,21.62228012084961
2025-09-15,652.0479736328125,588.2310791015625,90.51163482666016,51.62895965576172,85.8643798828125,106.8629379272461,338.9100036621094,88.43819427490234,21.815767288208008
2025-09-16,651.1502075195312,587.7339477539062,90.26023864746094,52.011470794677734,86.04531860351562,106.767822265625,339.5899963378906,87.97051239013672,22.038280487060547
2025-09-17,650.3411865234375,586.5608520507812,89.92182159423828,52.23705291748047,85.82628631591797,106.57762145996094,336.9700012207031,87.85598754882812,21.806095123291016
2025-09-18,653.3798828125,591.8499145507812,90.26990509033203,52.109554290771484,84.9405746459961,106.35887908935547,335.6199951171875,88.046875,21.7093505859375
2025-09-19,656.6160278320312,595.8563232421875,89.92182159423828,51.99185562133789,84.7786865234375,106.27324676513672,339.17999267578125,87.47421264648438,21.53521156311035
2025-09-22,659.7225341796875,599.3838500976562,90.21189880371094,52.24686050415039,84.47392272949219,106.03549194335938,345.04998779296875,87.49330139160156,21.53521156311035
2025-09-23,656.1312866210938,595.4025268554688,90.03785705566406,52.276283264160156,85.06438446044922,106.24473571777344,346.4599914550781,87.97051239013672,21.757720947265625
2025-09-24,654.043701171875,593.312255859375,89.51573181152344,52.0997428894043,84.74059295654297,105.8167495727539,343.32000732421875,87.1052474975586,21.9028377532959
2025-09-25,651.0263061523438,590.7543334960938,88.8775634765625,51.79569625854492,84.74059295654297,105.62653350830078,344.75,86.8450927734375,22.057626724243164
2025-09-26,654.756103515625,593.1829223632812,89.56407165527344,51.69761657714844,84.66439819335938,105.76920318603516,346.739990234375,87.70265197753906,22.067302703857422
2025-09-29,656.5962524414062,595.9299926757812,89.91215515136719,52.16839599609375,85.35962677001953,106.12109375,352.4599914550781,87.73155975341797,21.88348960876465
2025-09-30,659.0695190429688,597.5623168945312,90.27957916259766,52.374366760253906,85.11200714111328,106.0164794921875,355.4700012207031,88.08807373046875,21.796419143676758
2025-10-01,661.3153076171875,600.4288940429688,91.02409362792969,52.78629684448242,85.33183288574219,106.44221496582031,356.0299987792969,88.22296142578125,21.757720947265625
2025-10-02,662.0769653320312,602.897216796875,91.16912841796875,53.031494140625,85.58029174804688,106.6140365600586,354.7900085449219,87.76046752929688,21.612606048583984
2025-10-03,662.0672607421875,600.3591918945312,91.93297576904297,53.18842315673828,85.41781616210938,106.48038482666016,357.6400146484375,88.08807373046875,21.680326461791992
2025-10-06,664.4415893554688,604.8680419921875,92.14569854736328,53.43362045288086,84.73931121826172,106.13675689697266,364.3800048828125,87.25941467285156,21.9028377532959
2025-10-07,661.9781494140625,601.6829833984375,91.34317016601562,53.021690368652344,85.22669219970703,106.33721923828125,366.260009765625,86.94145202636719,21.989906311035156
2025-10-08,665.925537109375,608.58056640625,91.61389923095703,53.44343185424805,85.29358673095703,106.20358276367188,372.29998779296875,86.48857879638672,22.018930435180664
2025-10-09,663.996337890625,607.8441162109375,90.85972595214844,52.89418411254883,85.22669219970703,105.99357604980469,365.42999267578125,86.01642608642578,21.815767288208008
2025-10-10,646.0499877929688,586.7431640625,89.18697357177734,50.942405700683594,86.60285186767578,106.28947448730469,369.1199951171875,84.91797637939453,21.351396560668945
2025-10-13,655.9630126953125,599.1947021484375,89.9024887084961,52.423404693603516,86.5550765991211,106.6521987915039,378.0899963378906,85.45758056640625,21.62228012084961
2025-10-14,655.16162109375,595.203369140625,90.30859375,51.9526252746582,86.83221435546875,107.0053939819336,380.7900085449219,86.33440399169922,21.380420684814453
2025-10-15,658.0702514648438,599.4036254882812,90.74369049072266,52.80591583251953,86.64109802246094,107.0053939819336,387.3900146484375,87.58702087402344,21.457815170288086
2025-10-16,653.588623046875,597.18408203125,91.21746826171875,53.14918899536133,87.29093933105469,107.31085205078125,396.45001220703125,87.2786865234375,21.419116973876953
2025-10-17,657.2986450195312,601.1056518554688,91.38184356689453,53.139381408691406,87.15714263916016,107.1008529663086,388.989990234375,87.84718322753906,21.399770736694336
2025-10-20,664.1348876953125,608.6801147460938,92.13602447509766,53.865169525146484,87.49163818359375,107.42539978027344,403.1499938964844,88.733642578125,21.612606048583984
2025-10-21,664.125,608.5208740234375,91.45919799804688,53.26689147949219,87.92169189453125,107.44450378417969,377.239990234375,88.4831314086914,21.390094757080078
2025-10-22,660.6722412109375,602.6583862304688,91.3238296508789,53.21784591674805,87.97901916503906,107.54949188232422,377.2799987792969,88.8589096069336,21.728696823120117
2025-10-23,664.5899658203125,607.724609375,91.749267578125,53.688629150390625,87.37694549560547,107.41585540771484,378.7900085449219,88.80110168457031,22.096324920654297
2025-10-24,670.0213623046875,614.214111328125,91.89430236816406,54.04171371459961,87.4151840209961,107.59720611572266,377.5199890136719,89.06126403808594,22.106000900268555
2025-10-27,677.9260864257812,625.1527099609375,92.53245544433594,54.63999938964844,87.71143341064453,107.7785873413086,367.010009765625,89.3117904663086,22.057626724243164
2025-10-28,679.7266235351562,629.9600830078125,92.49378204345703,54.62038040161133,87.94078063964844,107.78812408447266,364.3800048828125,87.55812072753906,21.85446548461914
2025-10-29,680.05322265625,632.7968139648438,91.97166442871094,54.934234619140625,87.05203247070312,107.17721557617188,363.0,85.30340576171875,21.970558166503906
2025-10-30,672.5738525390625,623.1222534179688,91.5655517578125,54.36537551879883,86.54551696777344,106.6044921875,370.1300048828125,85.70808410644531,21.98023223876953
2025-10-31,674.7799682617188,626.1281127929688,91.36250305175781,54.23787307739258,86.28748321533203,106.17494201660156,368.1199951171875,85.9297103881836,22.13502311706543
2025-11-03,676.04638671875,629.1240844726562,91.40118408203125,54.581153869628906,86.07168579101562,105.88945007324219,368.7799987792969,85.80445098876953,22.299488067626953
2025-11-04,668.0328369140625,616.3540649414062,90.46328735351562,53.58074188232422,86.26351165771484,106.03314971923828,362.32000732421875,85.94898223876953,22.144697189331055
2025-11-05,670.3478393554688,620.365234375,91.0434341430664,54.06132888793945,85.32357025146484,105.71699523925781,366.510009765625,86.02606964111328,22.076976776123047
2025-11-06,663.1554565429688,608.8094482421875,90.84037780761719,53.659202575683594,86.09086608886719,106.27265930175781,366.07000732421875,85.61174011230469,22.106000900268555
2025-11-07,663.808349609375,606.8885498046875,91.17880249023438,53.50227737426758,85.90864562988281,106.0618896484375,368.30999755859375,86.94145202636719,22.15437126159668
2025-11-10,674.1666259765625,620.3154296875,92.13602447509766,54.4438362121582,85.88945007324219,106.11936950683594,378.3800048828125,86.89325714111328,22.39623260498047
2025-11-11,675.7099609375,618.6632080078125,92.81285858154297,54.502685546875,86.28269958496094,106.54088592529297,379.8699951171875,87.866455078125,22.54134750366211
2025-11-12,676.0859985351562,618.175537109375,93.3639907836914,54.51249313354492,86.43614959716797,106.43551635742188,385.989990234375,87.21124267578125,22.289813995361328
2025-11-13,664.8670043945312,605.5548095703125,92.36808013916016,53.87498092651367,85.72640228271484,105.90860748291016,382.8699951171875,86.14169311523438,22.173721313476562
2025-11-14,664.7581176757812,606.0126342773438,92.10702514648438,53.90440368652344,85.23725128173828,105.62120819091797,375.9599914550781,86.32476043701172,22.222091674804688
2025-11-17,658.56494140625,600.8369750976562,90.90806579589844,53.26689147949219,85.44824981689453,105.68826293945312,371.6499938964844,85.61174011230469,22.193069458007812
2025-11-18,653.0346069335938,593.5213623046875,89.72844696044922,53.002071380615234,85.41947174072266,105.73616790771484,374.3500061035156,85.9586181640625,22.376882553100586
2025-11-19,655.5574340820312,597.064697265625,89.45770263671875,52.81571960449219,85.246826171875,105.74573516845703,374.9599914550781,85.28413391113281,22.15437126159668
2025-11-20,645.5652465820312,582.9310913085938,88.22007751464844,52.089935302734375,85.58253479003906,105.88945007324219,374.8500061035156,84.9276123046875,21.94153594970703
2025-11-21,651.995849609375,587.310546875,89.58341217041016,52.08012771606445,85.84149932861328,106.26306915283203,374.2699890136719,86.30550384521484,21.796419143676758
2025-11-24,661.59228515625,602.3298950195312,89.6607666015625,52.629371643066406,86.3306655883789,106.6845932006836,380.20001220703125,86.53675079345703,21.9028377532959
2025-11-25,667.815185546875,606.0425415039062,90.73401641845703,52.81571960449219,86.55123901367188,106.98158264160156,380.0799865722656,87.33650207519531,21.786745071411133
2025-11-26,672.4254760742188,611.3973388671875,91.72993469238281,53.19823455810547,86.93489074707031,107.34563446044922,383.1199951171875,87.721923828125,22.018930435180664
2025-11-28,676.0958251953125,616.3540649414062,92.03934478759766,53.276695251464844,86.5224838256836,107.16360473632812,387.8800048828125,88.010986328125,22.309162139892578
2025-12-01,673.0090942382812,614.2837524414062,91.58489227294922,53.237464904785156,85.44538116455078,106.58954620361328,389.75,86.999267578125,22.367210388183594
2025-12-02,674.2556762695312,619.0911865234375,91.89430236816406,53.257080078125,85.4838638305664,106.6568603515625,387.239990234375,86.69091796875,22.270465850830078
2025-12-03,676.5905151367188,620.6041259765625,92.3874282836914,53.29631423950195,85.72452545166016,106.89724731445312,386.8800048828125,86.91253662109375,22.376882553100586
2025-12-04,677.0851440429688,620.0267944335938,92.6388168334961,53.28650665283203,85.26250457763672,106.70494079589844,387.1300048828125,86.70055389404297,22.4349308013916
2025-12-05,678.371337890625,622.554931640625,92.6388168334961,53.688629150390625,84.86785888671875,106.59917449951172,386.44000244140625,86.60419464111328,22.570371627807617
2025-12-08,676.3333129882812,621.3605346679688,92.34874725341797,53.57093048095703,84.58871459960938,106.37800598144531,385.4200134277344,85.93934631347656,22.289813995361328
2025-12-09,675.74951171875,622.1268920898438,92.22305297851562,53.482662200927734,84.67533874511719,106.24339294433594,387.3999938964844,85.61174011230469,22.24144172668457
2025-12-10,680.2312622070312,624.6749267578125,93.24796295166016,54.0809440612793,85.00259399414062,106.7337875366211,389.04998779296875,85.92008209228516,22.376882553100586
2025-12-11,681.8140869140625,622.6544799804688,93.7990951538086,53.8259391784668,84.88710021972656,106.57992553710938,393.239990234375,86.29586029052734,22.357534408569336
2025-12-12,674.4832763671875,610.7503662109375,93.30597686767578,53.19823455810547,84.06892395019531,105.9356918334961,395.44000244140625,86.18986511230469,22.173721313476562
2025-12-15,673.4642333984375,607.6847534179688,93.87644958496094,53.04130554199219,84.12667846679688,106.0606918334961,395.79998779296875,86.45967102050781,22.067302703857422
2025-12-16,671.6240844726562,608.8890991210938,93.44133758544922,52.70604705810547,84.58871459960938,106.30107879638672,395.8900146484375,85.82372283935547,21.844791412353516
2025-12-17,664.2337646484375,597.6021118164062,92.68333435058594,52.32801055908203,84.51170349121094,106.18569946289062,399.2900085449219,86.14169311523438,22.106000900268555
2025-12-18,669.2496948242188,606.261474609375,93.3428955078125,52.92491149902344,84.91596984863281,106.58954620361328,398.57000732421875,85.68882751464844,21.951210021972656
2025-12-19,675.3153686523438,614.164306640625,93.9729232788086,53.442222595214844,84.59902954101562,106.31538391113281,399.0199890136719,85.36121368408203,22.106000900268555
2025-12-22,679.5225219726562,617.1083374023438,94.20918273925781,53.73072052001953,84.41543579101562,106.29607391357422,408.2300109863281,85.79975128173828,22.389999389648438
2025-12-23,682.6282348632812,619.9984130859375,94.79000091552734,54.029170989990234,84.55072784423828,106.40227508544922,413.6400146484375,85.74140930175781,22.639999389648438
2025-12-24,685.0294799804688,621.812255859375,94.90813446044922,54.13859939575195,85.06285095214844,106.81737518310547,411.92999267578125,86.30536651611328,22.6299991607666
2025-12-26,684.9599609375,621.7724609375,95.06563568115234,54.51663589477539,84.78263854980469,106.80773162841797,416.739990234375,86.40259552001953,22.700000762939453
2025-12-29,682.51904296875,618.7626342773438,94.7801513671875,54.37736129760742,85.10150909423828,106.9525375366211,398.6000061035156,86.57762908935547,22.489999771118164
2025-12-30,681.6856079101562,617.3275756835938,94.93766021728516,54.596221923828125,84.8985824584961,106.82704162597656,398.8900146484375,86.75264739990234,22.639999389648438
2025-12-31,676.635009765625,612.2249145507812,94.53404235839844,54.427101135253906,84.2221908569336,106.3733139038086,396.30999755859375,86.04283142089844,22.360000610351562
